brand,model,model_year,milage,fuel_type,engine,transmission,ext_col,int_col,accident,clean_title,price,Car_Age,Price_per_KM,Milage_per_Year
Ford,Utility Police Interceptor Base,2013,51000,E85 Flex Fuel,300.0HP 3.7L V6 Cylinder Engine Flex Fuel Capability,6-Speed A/T,Black,Black,At least 1 accident or damage reported,Yes,10300.0,13,0.20195682437599263,3642.8571428571427
Hyundai,Palisade SEL,2021,34742,Gasoline,3.8L V6 24V GDI DOHC,8-Speed Automatic,Moonlight Cloud,Gray,At least 1 accident or damage reported,Yes,38005.0,5,1.0938894165731226,5790.333333333333
Lexus,RX 350 RX 350,2022,22372,Gasoline,3.5 Liter DOHC,Automatic,Blue,Black,None reported,Yes,54598.0,4,2.4403522102534305,4474.4
INFINITI,Q50 Hybrid Sport,2015,88900,Hybrid,354.0HP 3.5L V6 Cylinder Engine Gas/Electric Hybrid,7-Speed A/T,Black,Black,None reported,Yes,15500.0,11,0.1743512446429174,7408.333333333333
Audi,Q3 45 S line Premium Plus,2021,9835,Gasoline,2.0L I4 16V GDI DOHC Turbo,8-Speed Automatic,Glacier White Metallic,Black,None reported,Yes,34999.0,5,3.558255388369256,1639.1666666666667
Acura,ILX 2.4L,2016,136397,Gasoline,2.4 Liter,F,Silver,Ebony.,None reported,Yes,14798.0,10,0.10849132685229988,12399.727272727272
Audi,S3 2.0T Premium Plus,2017,84000,Gasoline,292.0HP 2.0L 4 Cylinder Engine Gasoline Fuel,6-Speed A/T,Blue,Black,None reported,Yes,31000.0,9,0.3690432256758848,8400.0
Lexus,RC 350 F Sport,2021,23436,Gasoline,311.0HP 3.5L V6 Cylinder Engine Gasoline Fuel,6-Speed A/T,Black,Black,None reported,Yes,41927.0,5,1.7889234970346035,3906.0
Tesla,Model X Long Range Plus,2020,34000,Gasoline,534.0HP Electric Motor Electric Fuel System,A/T,Black,Black,None reported,Yes,69950.0,6,2.0572924325755126,4857.142857142857
Land,Rover Range Rover Sport 3.0 Supercharged HST,2021,27608,Gasoline,V6,Automatic,Fuji White,Pimento / Ebony,None reported,Yes,73897.0,5,2.6765547466405883,4601.333333333333
Aston,Martin DBS Superleggera,2019,22770,Gasoline,715.0HP 5.2L 12 Cylinder Engine Gasoline Fuel,8-Speed A/T,Silver,Black,None reported,Yes,184606.0,7,8.107066005006368,2846.25
Toyota,Supra 3.0 Premium,2021,12500,Gasoline,382.0HP 3.0L Straight 6 Cylinder Engine Gasoline Fuel,A/T,Yellow,Black,None reported,Yes,53500.0,5,4.279657627389809,2083.3333333333335
Lincoln,Aviator Reserve AWD,2022,18196,Gasoline,400.0HP 3.0L V6 Cylinder Engine Gasoline Fuel,Transmission w/Dual Shift Mode,Black,Brown,None reported,Yes,62000.0,4,3.4071550255536627,3639.2
Jaguar,F-TYPE,2020,15903,Gasoline,2.0 Liter Supercharged,Automatic,Silver,Black,None reported,Yes,47998.0,6,3.017982897384306,2271.8571428571427
Land,Rover LR4 HSE,2013,79800,Gasoline,375.0HP 5.0L 8 Cylinder Engine Gasoline Fuel,A/T,White,Black,None reported,Yes,29990.0,13,0.3758098269445245,5700.0
Mercedes-Benz,Metris Base,2021,1685,Gasoline,2.0L I4 16V GDI DOHC Turbo,9-Speed Automatic,Gray,White,None reported,Yes,250000.0,5,148.27995255041517,280.8333333333333
Dodge,Challenger SXT,2013,61074,Gasoline,305.0HP 3.6L V6 Cylinder Engine Gasoline Fuel,A/T,Black,Gray,None reported,Yes,16800.0,13,0.27507163323782235,4362.428571428572
Nissan,350Z Enthusiast,2003,74000,Gasoline,287.0HP 3.5L V6 Cylinder Engine Gasoline Fuel,6-Speed M/T,Purple,–,None reported,Yes,11000.0,23,0.1486466399102715,3083.3333333333335
Jaguar,F-TYPE R,2018,35250,Gasoline,550.0HP 5.0L 8 Cylinder Engine Gasoline Fuel,8-Speed A/T,Green,Black,None reported,Yes,68750.0,8,1.9502992822898642,3916.6666666666665
Genesis,GV70 3.5T Sport,2023,5400,Gasoline,375.0HP 3.5L V6 Cylinder Engine Gasoline Fuel,8-Speed A/T,Green,Beige,None reported,Yes,60000.0,3,11.109053878911313,1350.0
BMW,440 Gran Coupe 440i xDrive,2020,25990,Gasoline,3.0 Liter Turbo,Automatic,White,Beige,None reported,Yes,38598.0,6,1.4850525181793697,3712.8571428571427
Ford,F-150 XLT,2023,2823,Gasoline,3.5L V6 24V PDI DOHC Twin Turbo,Automatic,Iconic Silver Metallic,Black,None reported,Yes,58504.0,3,20.71671388101983,705.75
Chevrolet,Suburban RST,2021,52000,Gasoline,355.0HP 5.3L 8 Cylinder Engine Gasoline Fuel,10-Speed A/T,Blue,Black,None reported,Yes,61000.0,5,1.1730543643391473,8666.666666666666
Hyundai,Elantra N Base,2022,11650,Gasoline,276.0HP 2.0L 4 Cylinder Engine Gasoline Fuel,Transmission w/Dual Shift Mode,Black,Black,None reported,Yes,32300.0,4,2.772294223671788,2330.0
Nissan,Sentra SR,2016,96541,Gasoline,1.8 Liter,Automatic,Blue,Black,None reported,Yes,13998.0,10,0.14499388867021606,8776.454545454546
Mercedes-Benz,AMG CLA 45 Base 4MATIC,2021,17500,Gasoline,382.0HP 2.0L 4 Cylinder Engine Gasoline Fuel,A/T,Gray,Black,None reported,Yes,59995.0,5,3.4280898234386608,2916.6666666666665
BMW,650 Gran Coupe i xDrive,2015,69000,Gasoline,445.0HP 4.4L 8 Cylinder Engine Gasoline Fuel,8-Speed A/T,Gray,Black,None reported,Yes,25700.0,11,0.37245837016854827,5750.0
Audi,Q5 2.0T Premium Plus,2017,81880,E85 Flex Fuel,2.0L I4 16V GDI DOHC Turbo Flexible Fuel,8-Speed Automatic,Mythos Black Metallic,Black,None reported,Yes,21375.0,9,0.26104957193976625,8188.0
Mercedes-Benz,AMG C 43 Base 4MATIC,2018,28800,Gasoline,362.0HP 3.0L V6 Cylinder Engine Gasoline Fuel,9-Speed A/T,Silver,Black,None reported,Yes,48000.0,8,1.6666087983056144,3200.0
Dodge,Ram 1500 Laramie Mega Cab,2006,300183,Gasoline,345.0HP 5.7L 8 Cylinder Engine Gasoline Fuel,A/T,Silver,Gray,At least 1 accident or damage reported,Yes,10900.0,20,0.036311062548303706,14294.42857142857
BMW,i3 120Ah w/Range Extender,2020,35035,Hybrid,120 AH,Automatic,Black,Black,None reported,Yes,24998.0,6,0.7134946911747917,5005.0
Kia,Sorento SX,2011,171000,Gasoline,276.0HP 3.5L V6 Cylinder Engine Gasoline Fuel,A/T,Black,Black,None reported,Yes,5999.0,15,0.03508166618908661,10687.5
Lexus,LX 570 Base,2016,118700,Gasoline,383.0HP 5.7L 8 Cylinder Engine Gasoline Fuel,8-Speed A/T,Black,Beige,None reported,Yes,46900.0,10,0.39511040345068704,10790.90909090909
Jeep,New Compass Trailhawk,2017,119000,Gasoline,180.0HP 2.4L 4 Cylinder Engine Gasoline Fuel,A/T,Red,Black,None reported,Yes,15900.0,9,0.1336123225855245,11900.0
BMW,340 i,2018,44261,Gasoline,3.0 Liter Turbo,Automatic,Gray,Black,None reported,Yes,33598.0,8,0.7590709863991686,4917.888888888889
Audi,A4 2.0T Premium Plus quattro,2012,125575,Gasoline,211.0HP 2.0L 4 Cylinder Engine Gasoline Fuel,8-Speed A/T,Silver,Black,None reported,Yes,8999.0,14,0.07166178250621137,8371.666666666666
Hyundai,Tucson SE,2007,16200,Gasoline,173.0HP 2.7L V6 Cylinder Engine Gasoline Fuel,A/T,Gold,Beige,None reported,Yes,8200.0,19,0.5061415961977656,810.0
BMW,Z4 sDrive28i,2014,70000,Gasoline,240.0HP 2.0L 4 Cylinder Engine Gasoline Fuel,A/T,White,Beige,At least 1 accident or damage reported,Yes,20000.0,12,0.28571020413994086,5384.615384615385
Bentley,Continental GTC Base,2011,20200,E85 Flex Fuel,552.0HP 6.0L 12 Cylinder Engine Flex Fuel Capability,6-Speed A/T,Black,Black,None reported,Yes,79950.0,15,3.9577248651056878,1262.5
Honda,Passport Elite,2023,2978,Gasoline,3.5 Liter SOHC,Automatic,Lunar Silver Metallic,Gray,None reported,Yes,45498.0,3,15.272910372608258,744.5
Dodge,Sprinter 2500,2007,189719,Diesel,3.0L V6 Cylinder Engine Diesel Fuel,5-Speed A/T,White,Gray,At least 1 accident or damage reported,Yes,14000.0,19,0.07379295804343243,9485.95
BMW,M850 i xDrive,2019,9949,Gasoline,4.4 Liter DOHC Twin Turbo,Automatic,Blue,Black,None reported,Yes,75798.0,7,7.617889447236181,1243.625
Lucid,Air Grand Touring,2022,3552,Gasoline,536.0HP Electric Motor Electric Fuel System,1-Speed A/T,Red,Beige,None reported,Yes,119999.0,4,33.77399380804953,710.4
Audi,A7 Premium,2012,54000,Gasoline,310.0HP 3.0L V6 Cylinder Engine Gasoline Fuel,8-Speed A/T,Black,Brown,At least 1 accident or damage reported,Yes,36880.0,14,0.6829503157348938,3600.0
Chevrolet,Silverado 1500 Custom Trail Boss,2021,51351,Gasoline,5.3L V8 16V GDI OHV,Automatic,Black,Jet Black,None reported,Yes,43147.0,5,0.8402204393207665,8558.5
MINI,Convertible John Cooper Works,2017,24280,Gasoline,228.0HP 2.0L 4 Cylinder Engine Gasoline Fuel,6-Speed A/T,Black,Black,At least 1 accident or damage reported,Yes,29000.0,9,1.1943494913718546,2428.0
Toyota,Avalon Touring,2016,89148,Gasoline,268.0HP 3.5L V6 Cylinder Engine Gasoline Fuel,A/T,Black,Black,None reported,Yes,17500.0,10,0.19630057544111543,8104.363636363636
Porsche,Cayenne Platinum Edition,2017,73043,Gasoline,300.0HP 3.6L V6 Cylinder Engine Gasoline Fuel,8-Speed A/T,White,Black,None reported,Yes,30990.0,9,0.4242648266798094,7304.3
Mercedes-Benz,AMG C 63 S,2017,60000,Gasoline,503.0HP 4.0L 8 Cylinder Engine Gasoline Fuel,Transmission w/Dual Shift Mode,Gray,Black,At least 1 accident or damage reported,Yes,52500.0,9,0.8749854169097182,6000.0
Honda,CR-V EX-L,2016,73549,Gasoline,2.4L I4 16V GDI DOHC,Automatic CVT,Mountain Air Metallic,Black,At least 1 accident or damage reported,Yes,20848.0,10,0.28345343303874915,6686.272727272727
Hummer,H2 Base,2005,110900,Gasoline,325.0HP 6.0L 8 Cylinder Engine Gasoline Fuel,A/T,Gray,Black,None reported,Yes,19500.0,21,0.17583249925609326,5040.909090909091
Porsche,911 Carrera S,2013,39000,Gasoline,400.0HP 3.8L Flat 6 Cylinder Engine Gasoline Fuel,7-Speed A/T,Blue,Black,None reported,Yes,73000.0,13,1.8717468782851723,2785.714285714286
Mercedes-Benz,CLA-Class CLA 250,2016,120000,Gasoline,208.0HP 2.0L 4 Cylinder Engine Gasoline Fuel,Transmission w/Dual Shift Mode,Black,Black,None reported,Yes,19800.0,10,0.16499862501145823,10909.09090909091
Chrysler,300 Touring,2009,134602,Gasoline,250.0HP 3.5L V6 Cylinder Engine Gasoline Fuel,Transmission w/Dual Shift Mode,Blue,Black,None reported,Yes,7500.0,17,0.05571941190018053,7477.888888888889
Nissan,Rogue SV,2023,1094,Gasoline,1.5L I3 12V GDI DOHC Turbo,Automatic CVT,Caspian Blue,Light Gray,None reported,Yes,30999.0,3,28.30958904109589,273.5
Audi,A3 2.0T,2010,83500,Gasoline,200.0HP 2.0L 4 Cylinder Engine Gasoline Fuel,Transmission w/Dual Shift Mode,Silver,Black,None reported,Yes,6500.0,16,0.07784337912120813,4911.764705882353
Ford,Mustang GT Premium,2014,37060,Gasoline,420.0HP 5.0L 8 Cylinder Engine Gasoline Fuel,6-Speed M/T,Black,Black,None reported,Yes,28500.0,12,0.7690024554113488,2850.769230769231
Acura,RL Technology,2010,97700,Gasoline,300.0HP 3.7L V6 Cylinder Engine Gasoline Fuel,Transmission w/Dual Shift Mode,Blue,Beige,None reported,Yes,10995.0,16,0.11253723093929438,5747.058823529412
Volvo,XC90 Hybrid T8 R-Design,2018,40000,Plug-In Hybrid,400.0HP 2.0L 4 Cylinder Engine Plug-In Electric/Gas,Transmission w/Dual Shift Mode,Black,Black,None reported,Yes,42000.0,8,1.0499737506562337,4444.444444444444
Audi,R8 5.2 V10,2018,8940,Gasoline,5.2L V10 40V PDI DOHC,7-Speed Automatic with Auto-Shift,Tango Red Metallic,Black,None reported,Yes,144900.0,8,16.20624091264959,993.3333333333334
Mercedes-Benz,GLK-Class GLK 350,2014,186000,Gasoline,302.0HP 3.5L V6 Cylinder Engine Gasoline Fuel,A/T,Black,Beige,At least 1 accident or damage reported,Yes,10000.0,12,0.05376315181101177,14307.692307692309
Toyota,C-HR LE,2021,13180,Gasoline,2.0 Liter,CVT-F,–,–,None reported,Yes,23998.0,5,1.8206509369547075,2196.6666666666665
Lexus,IS 350 Base,2014,104000,Gasoline,306.0HP 3.5L V6 Cylinder Engine Gasoline Fuel,8-Speed A/T,Black,Black,None reported,Yes,21000.0,12,0.20192113537369832,8000.0
BMW,X4 M40i,2023,8500,Hybrid,382.0HP 3.0L Straight 6 Cylinder Engine Gasoline/Mild Electric Hybrid,Transmission w/Dual Shift Mode,Gray,Beige,None reported,Yes,67900.0,3,7.987295612280908,2125.0
BMW,M4 CS,2019,19069,Gasoline,3.0 Liter DOHC Turbo,Automatic,Alpine White,Anthracite,None reported,Yes,69998.0,7,3.670582066072365,2383.625
Cadillac,CT5 Premium Luxury,2023,6090,Gasoline,237.0HP 2.0L 4 Cylinder Engine Gasoline Fuel,A/T,White,Beige,None reported,Yes,46900.0,3,7.699885076342144,1522.5
Lucid,Air Grand Touring,2022,4900,Gasoline,536.0HP Electric Motor Electric Fuel System,1-Speed A/T,Red,Black,None reported,Yes,99000.0,4,20.199959192001632,980.0
Audi,A5 2.0T Premium Plus,2019,47523,Gasoline,248.0HP 2.0L 4 Cylinder Engine Gasoline Fuel,Transmission w/Dual Shift Mode,Black,Black,None reported,Yes,31000.0,7,0.652301994781584,5940.375
Chrysler,300C SRT8,2006,43000,Gasoline,425.0HP 6.1L 8 Cylinder Engine Gasoline Fuel,5-Speed A/T,Silver,Black,At least 1 accident or damage reported,Yes,19995.0,20,0.4649891862979931,2047.6190476190477
Bentley,Continental GT W12,2017,14684,Gasoline,582.0HP 6.0L 12 Cylinder Engine Gasoline Fuel,8-Speed A/T,White,White,None reported,Yes,130000.0,9,8.85257065032346,1468.4
BMW,M4 Base,2019,57800,Gasoline,425.0HP 3.0L Straight 6 Cylinder Engine Gasoline Fuel,Transmission w/Dual Shift Mode,Black,Red,None reported,Yes,55999.0,7,0.9688240687877372,7225.0
Toyota,GR Corolla Circuit Edition,2023,952,Gasoline,300.0HP 1.6L 3 Cylinder Engine Gasoline Fuel,6-Speed M/T,Silver,Gray,None reported,Yes,49950.0,3,52.41343126967471,238.0
Audi,RS 5 2.9T,2019,21240,Gasoline,444.0HP 2.9L V6 Cylinder Engine Gasoline Fuel,8-Speed A/T,Black,Black,At least 1 accident or damage reported,Yes,59950.0,7,2.8223718280683583,2655.0
Porsche,Cayenne Base,2019,59338,Gasoline,335.0HP 3.0L V6 Cylinder Engine Gasoline Fuel,Transmission w/Dual Shift Mode,Black,Black,None reported,Yes,42499.0,7,0.7162068791182865,7417.25
Lamborghini,Huracan Tecnica Coupe,2023,255,Gasoline,"5.2L V-10 gasoline direct injection, DOHC, variable valve contro",Automatic,BLU ELEOS,Nero Ade,None reported,Yes,359991.0,3,1406.21484375,63.75
Maserati,Quattroporte S,2019,23230,Gasoline,424.0HP 3.0L V6 Cylinder Engine Gasoline Fuel,8-Speed A/T,Black,Black,None reported,Yes,44999.0,7,1.937023804399294,2903.75
Jaguar,XF 35t R-Sport,2017,48000,Gasoline,340.0HP 3.0L V6 Cylinder Engine Gasoline Fuel,A/T,Red,Black,At least 1 accident or damage reported,Yes,30000.0,9,0.6249869794379284,4800.0
Lexus,ES 330 Base,2005,41059,Gasoline,225.0HP 3.3L V6 Cylinder Engine Gasoline Fuel,5-Speed A/T,White,Beige,None reported,Yes,11100.0,21,0.2703360935216756,1866.3181818181818
Land,Rover Discovery Sport SE R-Dynamic,2020,21240,Gasoline,2.0 Liter,Automatic,White,Black,None reported,Yes,37998.0,6,1.788898827738807,3034.285714285714
Porsche,Cayman GTS,2015,11500,Gasoline,340.0HP 3.4L Flat 6 Cylinder Engine Gasoline Fuel,7-Speed A/T,Silver,–,None reported,Yes,72000.0,11,6.26032518911399,958.3333333333334
Genesis,G90 3.3T Premium,2021,9950,Gasoline,365.0HP 3.3L V6 Cylinder Engine Gasoline Fuel,8-Speed A/T,Silver,Blue,None reported,Yes,53950.0,5,5.42156567179178,1658.3333333333333
Volkswagen,Golf R 20th Anniversary Edition,2023,633,Gasoline,315.0HP 2.0L 4 Cylinder Engine Gasoline Fuel,6-Speed M/T,White,Black,None reported,Yes,47999.0,3,75.70820189274448,158.25
Hyundai,Sonata Hybrid Limited,2015,66000,Hybrid,199.0HP 2.4L 4 Cylinder Engine Gas/Electric Hybrid,A/T,White,Gray,At least 1 accident or damage reported,Yes,15900.0,11,0.24090544082665413,5500.0
Audi,RS 7 4.0T Prestige,2014,59715,Gasoline,560.0HP 4.0L 8 Cylinder Engine Gasoline Fuel,A/T,Gray,Black,At least 1 accident or damage reported,Yes,45000.0,12,0.7535668832473709,4593.461538461538
BMW,740 Li,2012,85252,Gasoline,326.0HP 3.0L Straight 6 Cylinder Engine Gasoline Fuel,6-Speed A/T,Black,Black,None reported,Yes,18500.0,14,0.2170011612494575,5683.466666666666
Mercedes-Benz,GLS 450 Base 4MATIC,2020,17900,Hybrid,362.0HP 3.0L Straight 6 Cylinder Engine Gasoline/Mild Electric Hybrid,9-Speed A/T,Black,Black,At least 1 accident or damage reported,Yes,80000.0,6,4.469024076867214,2557.1428571428573
BMW,M6 Base,2016,25500,Gasoline,560.0HP 4.4L 8 Cylinder Engine Gasoline Fuel,7-Speed A/T,White,Black,None reported,Yes,55000.0,10,2.1567781655621348,2318.181818181818
Subaru,Forester 2.5 X,2004,210703,Gasoline,165.0HP 2.5L 4 Cylinder Engine Gasoline Fuel,M/T,Green,Beige,None reported,Yes,2300.0,22,0.010915787075708103,9161.0
Hyundai,Elantra N Base,2023,3800,Gasoline,276.0HP 2.0L 4 Cylinder Engine Gasoline Fuel,6-Speed M/T,White,Black,None reported,Yes,34000.0,3,8.945014469876348,950.0
Kia,Niro Plug-In Hybrid EX Premium,2022,36602,Hybrid,1.6L I4 16V GDI DOHC Hybrid,6-Speed Automatic with Auto-Shift,Horizon Blue,Charcoal,None reported,Yes,31995.0,4,0.8741086796164249,7320.4
Rivian,R1S Adventure Package,2023,2800,Gasoline,835.0HP Electric Motor Electric Fuel System,1-Speed A/T,White,Green,None reported,Yes,92000.0,3,32.84541235273117,700.0
Aston,Martin DBS Superleggera,2021,2165,Gasoline,5.2L V12 48V GDI DOHC Twin Turbo,8-Speed Automatic,Black,Black,None reported,Yes,279950.0,5,129.24746075715603,360.8333333333333
Mercedes-Benz,SLC 300 Base,2018,33000,Gasoline,241.0HP 2.0L 4 Cylinder Engine Gasoline Fuel,9-Speed A/T,Red,Black,At least 1 accident or damage reported,Yes,29900.0,8,0.9060331505105906,3666.6666666666665
BMW,435 Gran Coupe i,2016,76009,Gasoline,300.0HP 3.0L Straight 6 Cylinder Engine Gasoline Fuel,8-Speed A/T,White,Beige,None reported,Yes,24950.0,10,0.32824628338376527,6909.909090909091
Jeep,Grand Cherokee Summit,2020,31349,Gasoline,5.7L V8 16V MPFI OHV,8-Speed Automatic,Granite Crystal Clearcoat Metallic,Black,None reported,Yes,39366.0,6,1.2556937799043062,4478.428571428572
Lexus,RC 350 Base,2015,48000,Gasoline,306.0HP 3.5L V6 Cylinder Engine Gasoline Fuel,Transmission w/Dual Shift Mode,Orange,Red,None reported,Yes,32900.0,11,0.6854023874502615,4000.0
BMW,525 i,2005,91420,Gasoline,215.0HP 2.5L Straight 6 Cylinder Engine Gasoline Fuel,6-Speed A/T,Black,Black,None reported,Yes,8900.0,21,0.09735181194692685,4155.454545454545
Toyota,Corolla LE,2003,124756,Gasoline,130.0HP 1.8L 4 Cylinder Engine Gasoline Fuel,M/T,Beige,Beige,At least 1 accident or damage reported,Yes,4995.0,23,0.040037833548418125,5198.166666666667
Cadillac,CT5-V Blackwing,2023,2415,Gasoline,6.2L V8 16V GDI OHV Supercharged,10-Speed Automatic,Rift Metallic,Gray,None reported,Yes,104900.0,3,43.41887417218543,603.75
GMC,Acadia SLT-1,2012,116226,Gasoline,288.0HP 3.6L V6 Cylinder Engine Gasoline Fuel,6-Speed A/T,Black,Black,None reported,Yes,7900.0,14,0.06797043716176103,7748.4
Lexus,LC 500 Base,2020,37869,Gasoline,5.0L V8 32V PDI DOHC,10-Speed Automatic,Atomic Silver,Rioja Red,None reported,Yes,75950.0,6,2.0055452865064693,5409.857142857143
BMW,i8 Base,2019,41500,Plug-In Hybrid,369.0HP 1.5L 3 Cylinder Engine Plug-In Electric/Gas,Transmission w/Dual Shift Mode,White,Black,None reported,Yes,86000.0,7,2.072239223151249,5187.5
Lexus,ES 300h Base,2013,87001,Hybrid,200.0HP 2.5L 4 Cylinder Engine Gas/Electric Hybrid,CVT Transmission,Gold,Beige,None reported,Yes,17995.0,13,0.20683432564768625,6214.357142857143
Cadillac,CT5-V V-Series,2022,4451,Gasoline,3.0L V6 24V GDI DOHC Twin Turbo,Automatic,Summit White,Jet Black,At least 1 accident or damage reported,Yes,55655.0,4,12.501123090745732,890.2
BMW,540 i xDrive,2020,27158,Gasoline,2.0 Liter Turbo,Automatic,Imperial Blue Metallic,Canberra Beige/Black,None reported,Yes,39998.0,6,1.4727346367686587,3879.714285714286
Chevrolet,Express 1500 Work Van,2014,139804,Gasoline,195.0HP 4.3L V6 Cylinder Engine Gasoline Fuel,A/T,White,Gray,At least 1 accident or damage reported,Yes,14500.0,12,0.10371588998962841,10754.153846153846
Jeep,Gladiator Rubicon,2022,27300,Gasoline,285.0HP 3.6L V6 Cylinder Engine Gasoline Fuel,A/T,Green,Black,None reported,Yes,47500.0,4,1.7398630086810007,5460.0
BMW,Z4 sDrive28i,2014,36812,Gasoline,240.0HP 2.0L 4 Cylinder Engine Gasoline Fuel,Transmission w/Dual Shift Mode,White,Beige,None reported,Yes,27000.0,12,0.7334365577377557,2831.6923076923076
Land,Rover LR4 HSE LUX Landmark Edition,2016,144000,Gasoline,340.0HP 3.0L V6 Cylinder Engine Gasoline Fuel,8-Speed A/T,Black,Black,At least 1 accident or damage reported,Yes,18000.0,10,0.12499913195047256,13090.90909090909
Cadillac,XT4 Sport,2019,44500,Gasoline,237.0HP 2.0L 4 Cylinder Engine Gasoline Fuel,9-Speed A/T,Blue,White,None reported,Yes,28900.0,7,0.6494236084582369,5562.5
BMW,750 750i xDrive,2021,10917,Gasoline,4.4 Liter Twin Turbo,Automatic,Black,Black,None reported,Yes,73998.0,5,6.777614947792636,1819.5
Bentley,Arnage R,2005,8332,Gasoline,400.0HP 6.75L 8 Cylinder Engine Gasoline Fuel,4-Speed A/T,White,Beige,None reported,Yes,47350.0,21,5.682227289091563,378.72727272727275
Lincoln,Aviator Reserve AWD,2020,51247,Gasoline,3.0 Liter GTDI,Automatic,Magnetic Gray Clearcoat,Roast,None reported,Yes,47698.0,6,0.930729004058695,7321.0
Mercedes-Benz,AMG GL AMG GL 63 4MATIC,2016,69000,Gasoline,550.0HP 5.5L 8 Cylinder Engine Gasoline Fuel,Transmission w/Dual Shift Mode,Black,Brown,None reported,Yes,36500.0,10,0.5289778409008565,6272.727272727273
RAM,ProMaster 3500 High Roof,2021,147834,Gasoline,3.6L V6 24V MPFI DOHC,6-Speed Automatic,Bright White Clearcoat,Black,None reported,Yes,32662.0,5,0.22093550241823653,24639.0
Ford,Utility Police Interceptor Base,2013,105000,E85 Flex Fuel,300.0HP 3.7L V6 Cylinder Engine Flex Fuel Capability,A/T,White,Black,At least 1 accident or damage reported,Yes,6600.0,13,0.06285654422338835,7500.0
Audi,A5 2.0T Premium,2011,92203,Gasoline,211.0HP 2.0L 4 Cylinder Engine Gasoline Fuel,Transmission w/Dual Shift Mode,Red,Beige,None reported,Yes,9995.0,15,0.10840093705262245,5762.6875
Nissan,GT-R Premium,2010,15600,Gasoline,485.0HP 3.8L V6 Cylinder Engine Gasoline Fuel,Transmission w/Dual Shift Mode,White,Black,None reported,Yes,69500.0,16,4.454842638292417,917.6470588235294
Land,Rover Range Rover Sport 3.0L Supercharged HSE,2018,104700,Gasoline,V6,Automatic,Fuji White,Ivory / Ebony,At least 1 accident or damage reported,Yes,30775.0,8,0.2939322451552516,11633.333333333334
Toyota,Corolla LE,2010,72348,Gasoline,132.0HP 1.8L 4 Cylinder Engine Gasoline Fuel,A/T,Red,Gray,At least 1 accident or damage reported,Yes,9995.0,16,0.13814980165586255,4255.764705882353
Rivian,R1S Adventure Package,2023,2500,Gasoline,835.0HP Electric Motor Electric Fuel System,A/T,Green,White,None reported,Yes,94000.0,3,37.58496601359456,625.0
Mercedes-Benz,C-Class C300 4MATIC,2022,13177,Gasoline,2.0 Liter Turbo,Automatic,White,Silk Beige/Black,None reported,Yes,44798.0,4,3.399453634845955,2635.4
Porsche,Cayenne E-Hybrid S,2016,96000,Plug-In Hybrid,416.0HP 3.0L V6 Cylinder Engine Plug-In Electric/Gas,Transmission w/Dual Shift Mode,White,Red,At least 1 accident or damage reported,Yes,23000.0,10,0.2395808376996073,8727.272727272728
Chevrolet,Express 1500 Work Van,2011,93009,E85 Flex Fuel,5.3L V8 16V MPFI OHV Flexible Fuel,4-Speed Automatic,Summit White,Medium Pewter,None reported,Yes,22495.0,15,0.2418557144393076,5813.0625
INFINITI,Q70h Base,2016,52750,Hybrid,360.0HP 3.5L V6 Cylinder Engine Gas/Electric Hybrid,7-Speed A/T,White,Black,At least 1 accident or damage reported,Yes,28998.0,10,0.549714697351709,4795.454545454545
Audi,A7 Premium Plus,2020,25361,Hybrid,3.0 Liter Turbo,Automatic,Typhoon Gray,Black,None reported,Yes,49998.0,6,1.9713744972793943,3623.0
Audi,Q7 3.0T Premium Plus,2015,98527,Gasoline,280.0HP 3.0L V6 Cylinder Engine Gasoline Fuel,8-Speed A/T,Black,Black,None reported,Yes,9995.0,11,0.10144324455992206,8210.583333333334
Lucid,Air Pure,2023,1300,Gasoline,620.0HP Electric Motor Electric Fuel System,A/T,Black,Gray,None reported,Yes,86900.0,3,66.79477325134512,325.0
Chrysler,Pacifica Touring,2017,87305,–,–,9-Speed A/T,Silver,Black,None reported,Yes,9000.0,9,0.10308569857741735,8730.5
Audi,TTS 2.0T Premium Plus,2012,72922,Gasoline,265.0HP 2.0L 4 Cylinder Engine Gasoline Fuel,6-Speed A/T,White,Black,None reported,Yes,25999.0,14,0.35652674739108375,4861.466666666666
BMW,650 Gran Coupe i xDrive,2015,41000,Gasoline,445.0HP 4.4L 8 Cylinder Engine Gasoline Fuel,8-Speed A/T,Black,Black,None reported,Yes,30000.0,11,0.7316894709885124,3416.6666666666665
Subaru,Forester Premium,2021,42125,Gasoline,2.5L H4 16V GDI DOHC,Automatic CVT,Crystal Black Silica,Black,None reported,Yes,27899.0,5,0.6622750795233348,7020.833333333333
Mercedes-Benz,AMG C AMG C 63,2016,62000,Gasoline,469.0HP 4.0L 8 Cylinder Engine Gasoline Fuel,Transmission w/Dual Shift Mode,Black,Black,None reported,Yes,40000.0,10,0.6451508846631506,5636.363636363636
Land,Rover LR3 HSE,2006,153843,Gasoline,300.0HP 4.4L 8 Cylinder Engine Gasoline Fuel,6-Speed A/T,Red,Beige,At least 1 accident or damage reported,Yes,9950.0,20,0.06467590546267647,7325.857142857143
BMW,X7 xDrive40i,2019,35248,Gasoline,3.0 Liter Twin Turbo,Automatic,Arctic Gray Metallic,Black,None reported,Yes,53998.0,7,1.5319016142301909,4406.0
Ford,Transit Connect XLT,2015,194454,Gasoline,169.0HP 2.5L 4 Cylinder Engine Gasoline Fuel,6-Speed A/T,White,Black,None reported,Yes,9888.0,11,0.05084981101025944,16204.5
Lexus,LX 570 Three-Row,2021,21000,Gasoline,383.0HP 5.7L 8 Cylinder Engine Gasoline Fuel,Transmission w/Dual Shift Mode,White,Black,None reported,Yes,89999.0,5,4.2854625970191895,3500.0
Porsche,911 Carrera S,2013,18494,Gasoline,400.0HP 3.8L Flat 6 Cylinder Engine Gasoline Fuel,7-Speed M/T,Black,Black,None reported,Yes,86900.0,13,4.698567180319005,1321.0
Dodge,Ram 2500 Laramie Quad Cab,2006,218000,Gasoline,330.0HP 5.7L 8 Cylinder Engine Gasoline Fuel,4-Speed A/T,Red,Gray,None reported,Yes,12990.0,20,0.059586882628978766,10380.952380952382
Nissan,Armada SL,2021,67800,Gasoline,400.0HP 5.6L 8 Cylinder Engine Gasoline Fuel,7-Speed A/T,Silver,Black,At least 1 accident or damage reported,Yes,36500.0,5,0.5383401424757747,11300.0
Porsche,Cayman Base,2014,79000,Gasoline,275.0HP 2.7L Flat 6 Cylinder Engine Gasoline Fuel,Transmission w/Dual Shift Mode,Red,Black,At least 1 accident or damage reported,Yes,42999.0,12,0.5442842495664612,6076.923076923077
Mercedes-Benz,GLE 450 GLE 450,2022,24906,Hybrid,3.0 Liter Turbo,Automatic,Selenite Grey Metallic,Black,None reported,Yes,63998.0,4,2.569478459870719,4981.2
Chevrolet,Monte Carlo SS,2006,66840,Gasoline,303.0HP 5.3L 8 Cylinder Engine Gasoline Fuel,A/T,White,Gray,At least 1 accident or damage reported,Yes,12000.0,20,0.17953052767014258,3182.8571428571427
BMW,M5 Base,2013,86000,Gasoline,560.0HP 4.4L 8 Cylinder Engine Gasoline Fuel,Transmission w/Dual Shift Mode,Blue,White,None reported,Yes,32000.0,13,0.37208869664306227,6142.857142857143
Hyundai,Kona N Base,2023,654,Gasoline,2.0L I4 16V GDI DOHC Turbo,8-Speed Automatic with Auto-Shift,Ultra Black,Black,None reported,Yes,34599.0,3,52.82290076335878,163.5
Chevrolet,Monte Carlo SS,2005,75000,Gasoline,240.0HP 3.8L V6 Cylinder Engine Gasoline Fuel,A/T,Black,Black,None reported,Yes,12500.0,21,0.1666644444740737,3409.090909090909
Land,Rover Range Rover Evoque Pure,2015,84000,Gasoline,240.0HP 2.0L 4 Cylinder Engine Gasoline Fuel,9-Speed A/T,Beige,Black,At least 1 accident or damage reported,Yes,22800.0,11,0.27142534017452175,7000.0
Audi,S7 4.0T Premium Plus,2017,52500,Gasoline,450.0HP 4.0L 8 Cylinder Engine Gasoline Fuel,Transmission w/Dual Shift Mode,Gray,Gray,None reported,Yes,39999.0,9,0.7618712024532867,5250.0
GMC,Acadia SLT-1,2011,120000,Gasoline,288.0HP 3.6L V6 Cylinder Engine Gasoline Fuel,6-Speed A/T,Silver,Gray,None reported,Yes,7500.0,15,0.06249947917100691,7500.0
Alfa,Romeo Stelvio Ti Sport,2020,18665,Gasoline,2.0L I4 16V GDI SOHC Turbo,8-Speed Automatic,Lunare White Metallic,Ice,None reported,Yes,35645.0,6,1.9096217722061501,2666.4285714285716
Ferrari,FF Base,2016,19987,Gasoline,651.0HP 6.3L 12 Cylinder Engine Gasoline Fuel,7-Speed A/T,Black,Brown,None reported,Yes,149900.0,10,7.499499699819892,1817.0
Kia,K900 5.0L,2017,36486,Gasoline,420.0HP 5.0L 8 Cylinder Engine Gasoline Fuel,8-Speed A/T,Black,Beige,At least 1 accident or damage reported,Yes,23950.0,9,0.6563981692109518,3648.6
Ford,E150 XLT,2013,162100,E85 Flex Fuel,255.0HP 5.4L 8 Cylinder Engine Flex Fuel Capability,4-Speed A/T,Black,Gray,None reported,Yes,12500.0,13,0.07711241756682562,11578.57142857143
Tesla,Model 3 Performance,2022,13079,Gasoline,455.0HP Electric Motor Electric Fuel System,A/T,Black,White,None reported,Yes,47000.0,4,3.5932721712538225,2615.8
Toyota,4Runner SR5,2022,28377,Gasoline,4.0L V6 24V MPFI DOHC,5-Speed Automatic,Silver,Gray,None reported,Yes,36999.0,4,1.3037916696032137,5675.4
Subaru,Forester Base,2020,32744,Gasoline,182.0HP 2.5L 4 Cylinder Engine Gasoline Fuel,CVT Transmission,Black,Gray,None reported,Yes,24000.0,6,0.7329363261566652,4677.714285714285
Porsche,Panamera 2,2012,54000,Gasoline,300.0HP 3.6L V6 Cylinder Engine Gasoline Fuel,A/T,White,–,At least 1 accident or damage reported,Yes,26000.0,14,0.48147256532286437,3600.0
Toyota,Tacoma PreRunner,2008,202055,Gasoline,236.0HP 4.0L V6 Cylinder Engine Gasoline Fuel,A/T,Silver,Gray,At least 1 accident or damage reported,Yes,8500.0,18,0.0420675456309142,10634.473684210527
RAM,2500 Laramie,2019,65000,Diesel,370.0HP 6.7L Straight 6 Cylinder Engine Diesel Fuel,6-Speed A/T,Black,Black,None reported,Yes,65000.0,7,0.9999846156212981,8125.0
Kia,Sportage Nightfall,2022,9686,Gasoline,2.4L I4 16V GDI DOHC,6-Speed Automatic,Hyper Red,Black,None reported,Yes,30990.0,4,3.1991328584701146,1937.2
Cadillac,DTS Base,2010,49620,Gasoline,275.0HP 4.6L 8 Cylinder Engine Gasoline Fuel,A/T,White,Gray,None reported,Yes,10499.0,16,0.21158380524374762,2918.823529411765
Nissan,GT-R Premium,2020,16010,Gasoline,565.0HP 3.8L V6 Cylinder Engine Gasoline Fuel,A/T,White,Black,None reported,Yes,114000.0,6,7.120104927862095,2287.1428571428573
Lexus,NX 350 F SPORT Handling,2023,820,Gasoline,2.4 Liter,8-SPEED AT,Black,Black,None reported,Yes,51998.0,3,63.33495736906212,205.0
Audi,Q7 45 Premium Plus,2021,68000,Gasoline,248.0HP 2.0L 4 Cylinder Engine Gasoline Fuel,8-Speed A/T,Blue,Black,None reported,Yes,36499.0,5,0.5367421067337245,11333.333333333334
GMC,Terrain SLE,2022,27352,Gasoline,1.5L I4 16V GDI DOHC Turbo,9-Speed Automatic,Summit White,Jet Black,None reported,Yes,27785.0,4,1.0157935144225496,5470.4
Ford,Escape Limited,2012,129000,Gasoline,171.0HP 2.5L 4 Cylinder Engine Gasoline Fuel,A/T,White,Gray,At least 1 accident or damage reported,Yes,7000.0,14,0.05426314524693607,8600.0
Lexus,LS 460 L,2014,106731,Gasoline,360.0HP 4.6L 8 Cylinder Engine Gasoline Fuel,8-Speed A/T,White,Beige,At least 1 accident or damage reported,Yes,30000.0,12,0.28107783982310836,8210.076923076924
Ford,Expedition Platinum,2019,34672,Gasoline,400.0HP 3.5L V6 Cylinder Engine Gasoline Fuel,10-Speed A/T,White,White,None reported,Yes,45500.0,7,1.3122602601447813,4334.0
Chevrolet,Malibu LTZ,2010,55900,Gasoline,252.0HP 3.6L V6 Cylinder Engine Gasoline Fuel,Transmission w/Dual Shift Mode,Beige,Beige,None reported,Yes,8950.0,16,0.16010447040303394,3288.235294117647
Audi,RS 7 4.0T quattro,2023,3158,Gasoline,4.0L V8 32V GDI DOHC Twin Turbo,1-Speed Automatic,Daytona Gray Pearl Effect,Black / Express Red,None reported,Yes,128900.0,3,40.80405191516303,789.5
Audi,A5 2.0T Premium Plus,2015,82000,Gasoline,220.0HP 2.0L 4 Cylinder Engine Gasoline Fuel,8-Speed A/T,White,Brown,None reported,Yes,17000.0,11,0.20731454494457385,6833.333333333333
Genesis,G70 2.0T,2023,4785,Gasoline,2.0L I4 16V GDI DOHC Turbo,Automatic,Vik Black,Obsidian Black,None reported,Yes,42850.0,3,8.953196824070204,1196.25
Chevrolet,Trailblazer LS,2021,20497,Gasoline,1.3L I3 12V GDI DOHC Turbo,9-Speed Automatic,Pacific Blue Metallic,Black,None reported,Yes,22999.0,5,1.1220119036003513,3416.1666666666665
Scion,tC Base,2013,177600,Gasoline,180.0HP 2.5L 4 Cylinder Engine Gasoline Fuel,6-Speed A/T,Silver,Black,At least 1 accident or damage reported,Yes,7100.0,13,0.0399772523803357,12685.714285714286
Lincoln,MKZ Hybrid Base,2014,78568,Hybrid,188.0HP 2.0L 4 Cylinder Engine Gas/Electric Hybrid,A/T,Blue,Beige,None reported,Yes,15500.0,12,0.19727882498186308,6043.692307692308
Ford,Transit-350 XL,2018,95000,E85 Flex Fuel,275.0HP 3.7L V6 Cylinder Engine Flex Fuel Capability,A/T,White,Gray,None reported,Yes,43000.0,8,0.4526268144545847,10555.555555555555
Porsche,911 GT2 RS,2018,4529,Gasoline,3.8L H6 24V GDI DOHC Twin Turbo,7-Speed Automatic with Auto-Shift,Black,Black,None reported,Yes,417500.0,8,92.16335540838853,503.22222222222223
Ford,Explorer Timberline,2021,25240,Gasoline,2.3L I4 16V GDI DOHC Turbo,10-Speed Automatic,Gray,Ebony,At least 1 accident or damage reported,Yes,39951.0,5,1.5827819816964463,4206.666666666667
Volvo,XC90 3.2,2011,88300,Gasoline,235.0HP 3.2L Straight 6 Cylinder Engine Gasoline Fuel,A/T,Blue,Beige,At least 1 accident or damage reported,Yes,11500.0,15,0.13023635066420539,5518.75
Chevrolet,Avalanche LTZ,2013,98000,E85 Flex Fuel,320.0HP 5.3L 8 Cylinder Engine Flex Fuel Capability,6-Speed A/T,Silver,Black,At least 1 accident or damage reported,Yes,27499.0,13,0.28059917755941266,7000.0
Audi,TT RS 2.5T,2018,20675,Gasoline,400.0HP 2.5L 5 Cylinder Engine Gasoline Fuel,Transmission w/Dual Shift Mode,Gray,Gray,None reported,Yes,76000.0,8,3.6757593344940993,2297.222222222222
Lincoln,Navigator L,2008,95000,Gasoline,300.0HP 5.4L 8 Cylinder Engine Gasoline Fuel,A/T,Black,Black,None reported,Yes,10900.0,18,0.11473563436174355,5000.0
Hyundai,Elantra GLS,2010,107000,Gasoline,138.0HP 2.0L 4 Cylinder Engine Gasoline Fuel,4-Speed A/T,Blue,Blue,At least 1 accident or damage reported,Yes,6250.0,16,0.05841066905916767,6294.117647058823
Audi,SQ5 3.0T Premium Plus,2016,60000,Gasoline,354.0HP 3.0L V6 Cylinder Engine Gasoline Fuel,Transmission w/Dual Shift Mode,Black,Black,At least 1 accident or damage reported,Yes,24700.0,10,0.4116598056699055,5454.545454545455
Mitsubishi,Lancer Evolution GSR,2012,33000,Gasoline,291.0HP 2.0L 4 Cylinder Engine Gasoline Fuel,5-Speed M/T,Black,Black,None reported,Yes,34999.0,14,1.0605436198903064,2200.0
Tesla,Model Y Performance,2023,500,Gasoline,455.0HP Electric Motor Electric Fuel System,1-Speed A/T,Black,White,None reported,Yes,60000.0,3,119.76047904191617,125.0
Mercedes-Benz,Maybach S S 600,2016,108500,Gasoline,523.0HP 6.0L 12 Cylinder Engine Gasoline Fuel,7-Speed A/T,White,Beige,None reported,Yes,63500.0,10,0.5852480622298412,9863.636363636364
Nissan,GT-R Premium,2017,37800,Gasoline,565.0HP 3.8L V6 Cylinder Engine Gasoline Fuel,Transmission w/Dual Shift Mode,Orange,Orange,None reported,Yes,149500.0,9,3.954921827464882,3780.0
Mercedes-Benz,GLS 550 Base 4MATIC,2018,74422,Gasoline,4.7 Liter Twin Turbo,Automatic,Obsidian Black Metallic,Gray,None reported,Yes,44798.0,8,0.6019375730620911,8269.111111111111
Chevrolet,Blazer Premier,2019,55621,Gasoline,3.6L V6 24V GDI DOHC,9-Speed Automatic,Silver Ice Metallic,Jet Black,None reported,Yes,34562.0,7,0.6213728380856496,6952.625
Mazda,CX-9 Grand Touring,2021,46707,Gasoline,2.5L I4 16V GDI DOHC Turbo,6-Speed Automatic,Sonic Silver Metallic,Black,At least 1 accident or damage reported,Yes,32541.0,5,0.6966900745054381,7784.5
Ford,Expedition Max Limited,2022,26500,Gasoline,440.0HP 3.5L V6 Cylinder Engine Gasoline Fuel,A/T,White,Beige,None reported,Yes,65900.0,4,2.486698615146598,5300.0
Nissan,Titan XD SV,2020,10001,Gasoline,5.6L V8 32V GDI DOHC,9-Speed Automatic,Black,Black,None reported,Yes,47214.0,6,4.720455908818236,1428.7142857142858
Lexus,LX 570 Three-Row,2019,19050,Gasoline,383.0HP 5.7L 8 Cylinder Engine Gasoline Fuel,8-Speed A/T,Black,Beige,None reported,Yes,76900.0,7,4.036533515301034,2381.25
Chevrolet,Traverse Premier,2020,52000,Gasoline,310.0HP 3.6L V6 Cylinder Engine Gasoline Fuel,A/T,White,Black,None reported,Yes,35800.0,6,0.6884482990711717,7428.571428571428
Mercedes-Benz,Sprinter High Roof,2014,65000,Diesel,188.0HP 3.0L V6 Cylinder Engine Diesel Fuel,7-Speed A/T,Black,Black,At least 1 accident or damage reported,Yes,54999.0,12,0.846125444223935,5000.0
BMW,X5 3.0i,2004,140000,Gasoline,225.0HP 3.0L Straight 6 Cylinder Engine Gasoline Fuel,Transmission w/Dual Shift Mode,Black,Beige,None reported,Yes,6730.0,22,0.04807108520653424,6086.95652173913
Ford,Fusion SE,2018,75600,Gasoline,181.0HP 1.5L 4 Cylinder Engine Gasoline Fuel,A/T,Blue,Black,At least 1 accident or damage reported,Yes,14950.0,8,0.19774870702768482,8400.0
Lincoln,MKZ Base,2015,117292,Gasoline,240.0HP 2.0L 4 Cylinder Engine Gasoline Fuel,A/T,Beige,Beige,None reported,Yes,12000.0,11,0.10230789561184385,9774.333333333334
Ford,GT,2005,1897,Gasoline,5.4 Liter SC DOHC,Manual,White,–,None reported,Yes,429998.0,21,226.5532139093783,86.22727272727273
Genesis,G90 5.0 Ultimate,2017,26000,Gasoline,420.0HP 5.0L 8 Cylinder Engine Gasoline Fuel,Transmission w/Dual Shift Mode,White,Beige,None reported,Yes,33600.0,9,1.2922579900773048,2600.0
Lexus,LC 500 Base,2022,2071,Gasoline,5.0L V8 32V PDI DOHC,Automatic,Nightfall Mica,Caramel,None reported,Yes,99950.0,4,48.238416988416986,414.2
Ford,Shelby GT500 Base,2014,15629,Gasoline,5.8L V8 32V MPFI DOHC Supercharged,6-Speed Manual,Black,Black,None reported,Yes,61900.0,12,3.9603326935380676,1202.2307692307693
Saturn,Sky Base,2008,15020,Gasoline,173.0HP 2.4L 4 Cylinder Engine Gasoline Fuel,A/T,Silver,Red,None reported,Yes,18500.0,18,1.2316090806204647,790.5263157894736
Audi,RS Q8 4.0T quattro,2022,11322,Gasoline,4.0L V8 32V GDI DOHC Twin Turbo,8-Speed Automatic,Daytona Gray Pearl Effect,Black / Express Red,None reported,Yes,119900.0,4,10.589066501810475,2264.4
Toyota,Land Cruiser,2016,50361,Gasoline,5.7 Liter,Automatic,Silver,Black,None reported,Yes,65998.0,10,1.310472181406616,4578.272727272727
Mercedes-Benz,SL-Class SL 550,2013,115000,Gasoline,429.0HP 4.6L 8 Cylinder Engine Gasoline Fuel,Transmission w/Dual Shift Mode,Black,Black,At least 1 accident or damage reported,Yes,36000.0,13,0.3130407561673377,8214.285714285714
Porsche,911 Carrera C2S,2005,28500,Gasoline,355.0HP 3.8L Flat 6 Cylinder Engine Gasoline Fuel,6-Speed M/T,Silver,Black,None reported,Yes,63500.0,21,2.227992000280692,1295.4545454545455
Mercedes-Benz,AMG GLA 45 Base 4MATIC,2018,51700,Gasoline,375.0HP 2.0L 4 Cylinder Engine Gasoline Fuel,Transmission w/Dual Shift Mode,White,Black,None reported,Yes,32000.0,8,0.6189435407438928,5744.444444444444
Ford,Taurus X Limited,2008,148949,Gasoline,263.0HP 3.5L V6 Cylinder Engine Gasoline Fuel,A/T,Blue,Beige,None reported,Yes,3900.0,18,0.026183282980866064,7839.421052631579
BMW,440 Gran Coupe i,2018,39300,Gasoline,320.0HP 3.0L Straight 6 Cylinder Engine Gasoline Fuel,8-Speed A/T,White,Beige,At least 1 accident or damage reported,Yes,31750.0,8,0.8078674842879316,4366.666666666667
Honda,S2000 CR,2008,82323,Gasoline,237.0HP 2.2L 4 Cylinder Engine Gasoline Fuel,6-Speed M/T,Black,Black,None reported,Yes,28500.0,18,0.3461930907147369,4332.789473684211
Acura,Integra w/A-Spec Tech Package,2023,3574,Gasoline,1.5 Liter Turbo,Variable,Apex Blue,Orchid,None reported,Yes,34998.0,3,9.78965034965035,893.5
Mercedes-Benz,SL-Class SL500 Roadster,2004,46000,Gasoline,302.0HP 5.0L 8 Cylinder Engine Gasoline Fuel,A/T,White,Gray,None reported,Yes,18853.0,22,0.4098389165452925,2000.0
Mercedes-Benz,CLS-Class CLS 550,2007,123112,Gasoline,382.0HP 5.5L 8 Cylinder Engine Gasoline Fuel,A/T,Silver,Black,At least 1 accident or damage reported,Yes,104999.0,19,0.8528668783962701,6155.6
INFINITI,G35 Sport,2007,37100,Gasoline,306.0HP 3.5L V6 Cylinder Engine Gasoline Fuel,6-Speed M/T,Gray,Black,None reported,Yes,16900.0,19,0.4555133284817121,1855.0
Volkswagen,Golf GTI 2.0T S 4-Door,2016,89000,Gasoline,210.0HP 2.0L 4 Cylinder Engine Gasoline Fuel,6-Speed M/T,Silver,Black,None reported,Yes,14500.0,10,0.16291951775822744,8090.909090909091
Dodge,Challenger R/T Scat Pack,2022,1240,Gasoline,6.4L V8 16V MPFI OHV,8-Speed Automatic,Go Mango!,Black,None reported,Yes,53900.0,4,43.43271555197421,248.0
Lincoln,Navigator L Reserve,2019,67073,Gasoline,450.0HP 3.5L V6 Cylinder Engine Gasoline Fuel,10-Speed A/T,Black,Black,At least 1 accident or damage reported,Yes,47999.0,7,0.7156126069714047,8384.125
Maserati,Ghibli S Q4,2015,28700,Gasoline,404.0HP 3.0L V6 Cylinder Engine Gasoline Fuel,8-Speed A/T,White,Red,None reported,Yes,24900.0,11,0.8675655900491273,2391.6666666666665
Tesla,Model X Base,2023,8200,Gasoline,670.0HP Electric Motor Electric Fuel System,A/T,Black,Black,None reported,Yes,93999.0,3,11.461894890866967,2050.0
Mercedes-Benz,AMG G 63 Base,2018,41000,Gasoline,563.0HP 5.5L 8 Cylinder Engine Gasoline Fuel,Transmission w/Dual Shift Mode,Gray,Black,None reported,Yes,108900.0,8,2.6560327796883003,4555.555555555556
Ford,Expedition Limited,2018,98995,Gasoline,3.5 Liter GTDI,Automatic,Ingot Silver Metallic,Ebony,None reported,Yes,34998.0,8,0.3535294355327488,10999.444444444445
Volkswagen,Routan SE,2012,123815,Gasoline,283.0HP 3.6L V6 Cylinder Engine Gasoline Fuel,6-Speed A/T,Black,Gray,None reported,Yes,5000.0,14,0.040382503069070236,8254.333333333334
Bugatti,Veyron 16.4 Grand Sport,2011,6330,Gasoline,8.0L W16 64V GDI DOHC Twin Turbo,7-Speed Automatic with Auto-Shift,White,White,None reported,Yes,1950995.0,15,308.1653767177381,395.625
Toyota,Highlander XLE,2020,61341,Gasoline,3.5L V6 24V PDI DOHC,8-Speed Automatic,Midnight Black Metallic,Black,At least 1 accident or damage reported,Yes,34084.0,6,0.5556388771151902,8763.0
Honda,Civic LX,2016,96473,Gasoline,2.0L I4 16V MPFI DOHC,Automatic CVT,Black,Black,None reported,Yes,15599.0,10,0.1616912328710326,8770.272727272728
Jeep,Wrangler Unlimited Sahara,2017,66107,Gasoline,3.6L V6 24V MPFI DOHC,5-Speed Automatic,Black Clearcoat,Black,None reported,Yes,31331.0,9,0.4739365886125734,6610.7
Land,Rover Range Rover Supercharged,2008,114287,Gasoline,400.0HP 4.2L 8 Cylinder Engine Gasoline Fuel,6-Speed A/T,Black,Black,None reported,Yes,9900.0,18,0.0866232675346493,6015.105263157895
Acura,ILX 2.0L w/Premium Package,2015,75000,Gasoline,150.0HP 2.0L 4 Cylinder Engine Gasoline Fuel,5-Speed A/T,Gold,Beige,None reported,Yes,14500.0,11,0.19333075558992546,6250.0
BMW,M6 Base,2016,45800,Gasoline,560.0HP 4.4L 8 Cylinder Engine Gasoline Fuel,7-Speed A/T,Gold,Black,None reported,Yes,36800.0,10,0.803475906639593,4163.636363636364
Polestar,2 Launch Edition,2021,12172,Gasoline,Electric,1-Speed Automatic,Thunder Gray,Charcoal,None reported,Yes,35999.0,5,2.9572825104739997,2028.6666666666667
BMW,X6 sDrive35i,2016,70582,Gasoline,300.0HP 3.0L Straight 6 Cylinder Engine Gasoline Fuel,8-Speed A/T,Black,White,At least 1 accident or damage reported,Yes,35000.0,10,0.49587011036651885,6416.545454545455
Porsche,Cayman S,2014,33088,Gasoline,325.0HP 3.4L Flat 6 Cylinder Engine Gasoline Fuel,7-Speed A/T,Black,Black,None reported,Yes,49750.0,12,1.503520807519115,2545.230769230769
Lincoln,Corsair Grand Touring,2021,1850,Plug-In Hybrid,266.0HP 2.5L 4 Cylinder Engine Plug-In Electric/Gas,CVT Transmission,Silver,Beige,None reported,Yes,49000.0,5,26.472177201512697,308.3333333333333
Cadillac,DTS Luxury II,2008,94155,Gasoline,275.0HP 4.6L 8 Cylinder Engine Gasoline Fuel,4-Speed A/T,White,Beige,None reported,Yes,10500.0,18,0.11151705679935427,4955.526315789473
Cadillac,ATS 3.6L Luxury,2016,25000,Gasoline,335.0HP 3.6L V6 Cylinder Engine Gasoline Fuel,8-Speed A/T,Red,Beige,None reported,Yes,17999.0,10,0.7199312027518899,2272.7272727272725
GMC,Sierra 1500 SLT,2016,99500,Gasoline,355.0HP 5.3L 8 Cylinder Engine Gasoline Fuel,8-Speed A/T,Gray,Black,None reported,Yes,27995.0,10,0.28135395624164583,9045.454545454546
INFINITI,G37 x,2009,158564,Gasoline,328.0HP 3.7L V6 Cylinder Engine Gasoline Fuel,A/T,Blue,Beige,None reported,Yes,8750.0,17,0.055182417305206066,8809.111111111111
Ford,Transit-350 XLT,2023,20000,Gasoline,310.0HP 3.5L V6 Cylinder Engine Gasoline Fuel,10-Speed A/T,Black,Black,None reported,Yes,78499.0,3,3.924753762311884,5000.0
Cadillac,XTS Luxury,2018,46711,Gasoline,304.0HP 3.6L V6 Cylinder Engine Gasoline Fuel,6-Speed A/T,Silver,Black,At least 1 accident or damage reported,Yes,20850.0,8,0.44635211508820005,5190.111111111111
Nissan,NV Passenger NV3500 HD SL V8,2017,46496,Gasoline,375.0HP 5.6L 8 Cylinder Engine Gasoline Fuel,A/T,Black,Gray,None reported,Yes,41000.0,9,0.8817773189668151,4649.6
Mercedes-Benz,GLS 450 Base 4MATIC,2019,19800,Gasoline,362.0HP 3.0L V6 Cylinder Engine Gasoline Fuel,9-Speed A/T,Silver,Black,None reported,Yes,53800.0,7,2.717034493207414,2475.0
Toyota,Land Cruiser Base,2008,175000,Gasoline,381.0HP 5.7L 8 Cylinder Engine Gasoline Fuel,6-Speed A/T,Black,Beige,At least 1 accident or damage reported,Yes,37900.0,18,0.21657019102747985,9210.526315789473
Toyota,Land Cruiser Base,2016,61500,Gasoline,381.0HP 5.7L 8 Cylinder Engine Gasoline Fuel,8-Speed A/T,White,Black,None reported,Yes,63500.0,10,1.0325035365278614,5590.909090909091
RAM,ProMaster 2500 Window Van High Roof,2016,49750,Gasoline,280.0HP 3.6L V6 Cylinder Engine Gasoline Fuel,6-Speed A/T,Black,Gray,None reported,Yes,65000.0,10,1.3065064018813692,4522.727272727273
Lamborghini,Gallardo Base,2007,38800,Gasoline,493.0HP 5.0L 10 Cylinder Engine Gasoline Fuel,Transmission w/Dual Shift Mode,Orange,Orange,None reported,Yes,100000.0,19,2.5772531635782583,1940.0
Lincoln,MKZ Base,2011,83765,Gasoline,263.0HP 3.5L V6 Cylinder Engine Gasoline Fuel,A/T,Black,Black,None reported,Yes,8995.0,15,0.10738247021464556,5235.3125
Mercedes-Benz,EQS 450 4MATIC,2023,7388,Gasoline,355.0HP Electric Motor Electric Fuel System,1-Speed A/T,Gray,Beige,None reported,Yes,105500.0,3,14.277980782243876,1847.0
Lamborghini,Huracan Tecnica Coupe,2023,278,Gasoline,"5.2L V-10 gasoline direct injection, DOHC, variable valve contro",Automatic,Bianco Monocerus,Nero Ade,None reported,Yes,359991.0,3,1290.2903225806451,69.5
Alfa,Romeo Giulia Quadrifoglio,2022,1966,Gasoline,2.9L V6 24V GDI DOHC Twin Turbo,8-Speed Automatic,Verde,Black,None reported,Yes,75900.0,4,38.5866802236909,393.2
Chevrolet,Trailblazer LT,2021,50648,Gasoline,1.2L I3 12V GDI DOHC Turbo,Automatic CVT,Pacific Blue Metallic,Jet Black,None reported,Yes,23995.0,5,0.47375071571008315,8441.333333333334
Lamborghini,Urus Base,2021,13692,Gasoline,641.0HP 4.0L 8 Cylinder Engine Gasoline Fuel,8-Speed A/T,Black,Red,None reported,Yes,257000.0,5,18.768713941429926,2282.0
INFINITI,G37 x,2013,60058,Gasoline,328.0HP 3.7L V6 Cylinder Engine Gasoline Fuel,A/T,White,Beige,At least 1 accident or damage reported,Yes,15000.0,13,0.24975440816530411,4289.857142857143
Maserati,Levante S,2017,54423,Gasoline,424.0HP 3.0L V6 Cylinder Engine Gasoline Fuel,8-Speed A/T,Black,Black,None reported,Yes,33950.0,9,0.6238056739673673,5442.3
Toyota,Highlander Limited,2022,24001,Gasoline,3.5L V6 24V PDI DOHC,8-Speed Automatic,Wind Chill Pearl,Graphite,None reported,Yes,47498.0,4,1.9789184234647113,4800.2
Nissan,Armada SL,2022,14735,Gasoline,5.6 Liter,Automatic,White,Black,None reported,Yes,50998.0,4,3.4607763300760044,2947.0
Audi,Q5 Premium,2023,2425,Hybrid,2.0 Liter TFSI,Automatic,Mythos Black,–,None reported,Yes,42998.0,3,17.723825226710634,606.25
Ford,Shelby GT500 Base,2022,2050,Gasoline,760.0HP 5.2L 8 Cylinder Engine Gasoline Fuel,Transmission w/Dual Shift Mode,Gray,Black,None reported,Yes,94999.0,4,46.318381277425644,410.0
Lincoln,Navigator L Reserve,2019,64855,Gasoline,450.0HP 3.5L V6 Cylinder Engine Gasoline Fuel,10-Speed A/T,Silver,Beige,None reported,Yes,46995.0,7,0.7246052793881831,8106.875
Mercedes-Benz,EQS 450+ Base,2022,16238,Gasoline,329.0HP Electric Motor Electric Fuel System,1-Speed A/T,White,Beige,None reported,Yes,62479.0,4,3.8474659769690254,3247.6
RAM,1500 Laramie,2022,18051,Gasoline,5.7L V8 16V MPFI OHV,Automatic,Patriot Blue Pearlcoat,Black,None reported,Yes,47995.0,4,2.6587081763793488,3610.2
Lincoln,Town Car Base,2004,36524,Gasoline,239.0HP 4.6L 8 Cylinder Engine Gasoline Fuel,4-Speed A/T,Black,Black,None reported,Yes,14900.0,22,0.4079397672826831,1588.0
Acura,TLX w/A-Spec Package,2022,14896,Gasoline,2.0 Liter DOHC Turbo,2,Lunar Silver Metallic,Ebony,None reported,Yes,39998.0,4,2.684970128213734,2979.2
Toyota,Camry Hybrid LE,2022,14048,Hybrid,2.5L I4 16V PDI DOHC Hybrid,Automatic CVT,Black,Black,None reported,Yes,29999.0,4,2.135312121859207,2809.6
Honda,CR-V EX,2003,224000,Gasoline,160.0HP 2.4L 4 Cylinder Engine Gasoline Fuel,M/T,Black,Gray,None reported,Yes,3900.0,23,0.017410636559658216,9333.333333333334
Mercedes-Benz,E-Class E 550,2014,80581,Gasoline,402.0HP 4.7L 8 Cylinder Engine Gasoline Fuel,Transmission w/Dual Shift Mode,Gray,Beige,None reported,Yes,26000.0,12,0.3226527015958899,6198.538461538462
Mazda,MX-5 Miata Grand Touring,2007,81400,Gasoline,166.0HP 2.0L 4 Cylinder Engine Gasoline Fuel,6-Speed M/T,Red,–,At least 1 accident or damage reported,Yes,11000.0,19,0.1351334750187344,4070.0
Porsche,718 Boxster Base,2019,6700,Gasoline,300.0HP 2.0L 4 Cylinder Engine Gasoline Fuel,7-Speed A/T,Gray,Black,None reported,Yes,63000.0,7,9.401581853454708,837.5
Ford,Transit-350 XLT,2015,143000,Gasoline,275.0HP 3.7L V6 Cylinder Engine Gasoline Fuel,6-Speed A/T,Silver,Gray,None reported,Yes,22500.0,11,0.15734155705204858,11916.666666666666
Kia,Sportage SX Turbo,2017,87842,Gasoline,2.0L I4 16V GDI DOHC Turbo,6-Speed Automatic,Black Cherry,Black,None reported,Yes,18688.0,9,0.21274318955409083,8784.2
INFINITI,G37 S Sport,2010,116451,Gasoline,328.0HP 3.7L V6 Cylinder Engine Gasoline Fuel,6-Speed M/T,White,Gray,None reported,Yes,16500.0,16,0.14168927970322537,6850.058823529412
Nissan,Titan XD S,2019,53677,Gasoline,390.0HP 5.6L 8 Cylinder Engine Gasoline Fuel,7-Speed A/T,Red,Gray,None reported,Yes,27900.0,7,0.5197660121465032,6709.625
Audi,S7 2.9T Prestige,2021,12000,Hybrid,444.0HP 2.9L V6 Cylinder Engine Gasoline/Mild Electric Hybrid,8-Speed A/T,Gray,Black,None reported,Yes,77500.0,5,6.457795183734689,2000.0
Land,Rover Discovery HSE,2019,20034,Gasoline,3.0 Liter,Automatic,Yulong White,Tan/Ebony,None reported,Yes,43998.0,7,2.1960569004242574,2504.25
Ford,Transit-350 XLT,2020,32000,Diesel,210.0HP 2.0L 4 Cylinder Engine Diesel Fuel,A/T,Black,Black,None reported,Yes,68000.0,6,2.1249335958251305,4571.428571428572
INFINITI,Q70 3.7,2014,70312,Gasoline,330.0HP 3.7L V6 Cylinder Engine Gasoline Fuel,7-Speed A/T,Black,Black,None reported,Yes,19995.0,12,0.28437131113734304,5408.615384615385
Jeep,Gladiator Rubicon,2022,8794,Gasoline,285.0HP 3.6L V6 Cylinder Engine Gasoline Fuel,A/T,White,Black,None reported,Yes,54000.0,4,6.139852188743604,1758.8
Lincoln,MKX Base,2010,156000,Gasoline,265.0HP 3.5L V6 Cylinder Engine Gasoline Fuel,6-Speed A/T,Black,Black,At least 1 accident or damage reported,Yes,5900.0,16,0.03782027038288216,9176.470588235294
Porsche,911 Carrera 4S,2020,25568,Gasoline,3.0L H6 24V GDI DOHC Twin Turbo,7-Speed Manual,Red,Black,None reported,Yes,134999.0,6,5.279791935546951,3652.5714285714284
Mercedes-Benz,AMG C 43 Base 4MATIC,2018,67100,Gasoline,362.0HP 3.0L V6 Cylinder Engine Gasoline Fuel,Transmission w/Dual Shift Mode,Gray,Black,At least 1 accident or damage reported,Yes,34250.0,8,0.5104245838363065,7455.555555555556
Porsche,Cayman Base,2014,52000,Gasoline,275.0HP 2.7L Flat 6 Cylinder Engine Gasoline Fuel,Transmission w/Dual Shift Mode,Blue,Beige,At least 1 accident or damage reported,Yes,37000.0,12,0.7115247783696468,4000.0
Acura,MDX 3.7L Advance,2011,137200,Gasoline,300.0HP 3.7L V6 Cylinder Engine Gasoline Fuel,Transmission w/Dual Shift Mode,White,Gray,None reported,Yes,12000.0,15,0.08746291936647692,8575.0
Volkswagen,Golf R 4-Door w/DCC & Navigation,2018,36000,Gasoline,292.0HP 2.0L 4 Cylinder Engine Gasoline Fuel,7-Speed A/T,White,Black,At least 1 accident or damage reported,Yes,32000.0,8,0.8888641982167163,4000.0
Kia,Forte GT-Line,2023,15500,Gasoline,147.0HP 2.0L 4 Cylinder Engine Gasoline Fuel,CVT Transmission,White,Black,At least 1 accident or damage reported,Yes,24500.0,3,1.5805431907618863,3875.0
BMW,M8 Competition,2020,10906,Gasoline,4.4 Liter Twin Turbo,Automatic,Donington Grey Metallic,Black,None reported,Yes,96998.0,6,8.893187861006693,1558.0
Lincoln,MKC Select,2019,49814,Gasoline,2.0L I4 16V GDI DOHC Turbo,6-Speed Automatic,Ruby Red Metallic Tinted Clearcoat,Cappuccino,None reported,Yes,26545.0,7,0.5328716250125464,6226.75
BMW,i8 Base,2015,846,Plug-In Hybrid,357.0HP 1.5L 3 Cylinder Engine Plug-In Electric/Gas,A/T,White,White,None reported,Yes,86999.0,11,102.71428571428571,70.5
Toyota,Highlander XLE,2021,67039,Gasoline,3.5L V6 24V PDI DOHC,8-Speed Automatic,Blue,Black,None reported,Yes,34645.0,5,0.5167810262529833,11173.166666666666
Mazda,CX-30 Premium Package,2023,2636,Gasoline,2.5L I4 16V,6-Speed Automatic,Platinum Quartz Metallic,Black,None reported,Yes,28535.0,3,10.821008722032612,659.0
Porsche,Cayenne Platinum Edition,2018,50166,Gasoline,3.6L V6 24V GDI DOHC,8-Speed Automatic,White,Black,At least 1 accident or damage reported,Yes,43550.0,8,0.8681005441824307,5574.0
Lincoln,MKZ Reserve,2017,37375,Gasoline,400.0HP 3.0L V6 Cylinder Engine Gasoline Fuel,6-Speed A/T,Blue,Brown,None reported,Yes,27500.0,9,0.7357662671232876,3737.5
Tesla,Model 3 Standard Range Plus,2021,21600,Gasoline,271.0HP Electric Motor Electric Fuel System,A/T,White,Black,None reported,Yes,31000.0,5,1.4351187445025693,3600.0
Porsche,718 Cayman S,2019,9500,Gasoline,350.0HP 2.5L 4 Cylinder Engine Gasoline Fuel,7-Speed A/T,Red,Black,At least 1 accident or damage reported,Yes,69000.0,7,7.262393432270287,1187.5
Chevrolet,Corvette Base,2005,143095,Gasoline,400.0HP 6.0L 8 Cylinder Engine Gasoline Fuel,4-Speed A/T,Red,Black,None reported,Yes,16000.0,21,0.11181304858276961,6504.318181818182
Ferrari,Roma Base,2021,3000,Gasoline,611.0HP 3.9L 8 Cylinder Engine Gasoline Fuel,8-Speed A/T,Blue,Brown,None reported,Yes,275000.0,5,91.63612129290236,500.0
Porsche,Cayman S,2007,5856,Gasoline,295.0HP 3.4L Flat 6 Cylinder Engine Gasoline Fuel,6-Speed M/T,Black,Black,None reported,Yes,45000.0,19,7.683114222298105,292.8
Rolls-Royce,Phantom Drophead Coupe Drophead,2013,2958,Gasoline,6.8L V12 48V GDI DOHC,8-Speed Automatic,Yellow,–,None reported,Yes,488880.0,13,165.21797904697533,211.28571428571428
Audi,SQ7 4.0T,2022,28927,Gasoline,4.0L V8 32V GDI DOHC Twin Turbo,Automatic,Matador Red Metallic,Black,None reported,Yes,74900.0,4,2.5891869469026547,5785.4
Mercedes-Benz,AMG GLS 63 4MATIC,2022,4102,Hybrid,603.0HP 4.0L 8 Cylinder Engine Gasoline/Mild Electric Hybrid,9-Speed A/T,Black,Black,None reported,Yes,144664.0,4,35.258103826468435,820.4
Honda,Ridgeline RTL-E,2021,14442,Gasoline,280.0HP 3.5L V6 Cylinder Engine Gasoline Fuel,9-Speed A/T,White,Beige,None reported,Yes,38500.0,5,2.6656511805026657,2407.0
Mercedes-Benz,CLK-Class 500 Cabriolet,2005,64000,Gasoline,302.0HP 5.0L 8 Cylinder Engine Gasoline Fuel,7-Speed A/T,Silver,Black,None reported,Yes,12995.0,21,0.20304370244214934,2909.090909090909
Lexus,GX 470 Base,2004,154000,Gasoline,235.0HP 4.7L 8 Cylinder Engine Gasoline Fuel,A/T,White,Beige,At least 1 accident or damage reported,Yes,10000.0,22,0.06493464328153713,6695.652173913043
Lexus,NX 200t Base,2015,54000,Gasoline,235.0HP 2.0L 4 Cylinder Engine Gasoline Fuel,6-Speed A/T,White,Black,None reported,Yes,27000.0,11,0.49999074091220536,4500.0
Dodge,Dakota SLT Quad Cab,2007,232492,Gasoline,210.0HP 3.7L V6 Cylinder Engine Gasoline Fuel,4-Speed A/T,Silver,Gray,At least 1 accident or damage reported,Yes,6000.0,19,0.025807228604732186,11624.6
Maserati,Ghibli S Q4 GranSport,2020,25721,Gasoline,3.0L V6 24V GDI DOHC Twin Turbo,8-Speed Automatic,Blu,Nero,None reported,Yes,52645.0,6,2.046691548091128,3674.4285714285716
Land,Rover Discovery Sport SE R-Dynamic,2020,20927,Gasoline,2.0 Liter,Automatic,Fuji White,–,None reported,Yes,35998.0,6,1.7200879204892967,2989.5714285714284
Aston,Martin DBX Base,2021,2353,Gasoline,4.0L V8 32V GDI DOHC Twin Turbo,9-Speed Automatic,Green,Sahara Tan,None reported,Yes,159500.0,5,67.75700934579439,392.1666666666667
Audi,Q3 45 S line Premium,2022,9325,Gasoline,2.0L I4 16V GDI DOHC Turbo,8-Speed Automatic,Mythos Black Metallic,Black,None reported,Yes,33610.0,4,3.6039030666952607,1865.0
Ford,Explorer XLT,2020,61001,Gasoline,2.3L I4 16V GDI DOHC Turbo,10-Speed Automatic,Gray,Ebony,At least 1 accident or damage reported,Yes,28616.0,6,0.46909937379102323,8714.42857142857
Mercedes-Benz,AMG GLC 63 Base 4MATIC,2018,71962,Gasoline,469.0HP 4.0L 8 Cylinder Engine Gasoline Fuel,9-Speed A/T,White,Black,None reported,Yes,46900.0,8,0.651723802509623,7995.777777777777
Subaru,BRZ Premium,2023,5800,Gasoline,228.0HP 2.4L 4 Cylinder Engine Gasoline Fuel,6-Speed M/T,Black,Black,None reported,Yes,29990.0,3,5.169798310636097,1450.0
BMW,640 i,2016,40080,Gasoline,315.0HP 3.0L Straight 6 Cylinder Engine Gasoline Fuel,8-Speed A/T,Black,Black,None reported,Yes,28499.0,10,0.7110351538135276,3643.6363636363635
Kia,Stinger GT2,2020,57000,Gasoline,365.0HP 3.3L V6 Cylinder Engine Gasoline Fuel,A/T,Black,Red,At least 1 accident or damage reported,Yes,36500.0,6,0.640339643164155,8142.857142857143
Chevrolet,Bolt EUV Premier,2022,7624,Gasoline,Electric,1-Speed Automatic,Mosaic Black Metallic,Jet Black,None reported,Yes,31985.0,4,4.194754098360656,1524.8
Subaru,Forester 2.5 XT,2004,122000,Gasoline,210.0HP 2.5L 4 Cylinder Engine Gasoline Fuel,5-Speed M/T,Gold,Black,At least 1 accident or damage reported,Yes,9999.0,22,0.08195834460373276,5304.347826086957
Kia,Sportage X-Pro,2023,459,Gasoline,2.5L I4 16V PDI DOHC,8-Speed Automatic,Jungle Green,Black,None reported,Yes,36998.0,3,80.4304347826087,114.75
BMW,M4 Base,2016,62500,Gasoline,425.0HP 3.0L Straight 6 Cylinder Engine Gasoline Fuel,7-Speed A/T,Black,Orange,At least 1 accident or damage reported,Yes,40500.0,10,0.6479896321658853,5681.818181818182
Hyundai,Equus Signature,2013,72000,Gasoline,429.0HP 5.0L 8 Cylinder Engine Gasoline Fuel,8-Speed A/T,Silver,Black,None reported,Yes,17500.0,13,0.24305217983083569,5142.857142857143
Mercedes-Benz,AMG E 53 4MATIC,2020,8375,Gasoline,"AMG 3L I-6 gasoline direct injection, DOHC, variable valve contr","Automatic, 9-Spd 9G-Tronic",BLACK,BLACK,None reported,Yes,69900.0,6,8.345272206303726,1196.4285714285713
BMW,M550 i xDrive,2020,40000,Gasoline,523.0HP 4.4L 8 Cylinder Engine Gasoline Fuel,Transmission w/Dual Shift Mode,Blue,Black,None reported,Yes,53000.0,6,1.3249668758281044,5714.285714285715
Subaru,Impreza WRX STI,2014,77000,Gasoline,305.0HP 2.5L 4 Cylinder Engine Gasoline Fuel,6-Speed M/T,Gray,Black,At least 1 accident or damage reported,Yes,30000.0,12,0.38960532980091167,5923.076923076923
Mercedes-Benz,AMG G 63 Base,2019,19593,Gasoline,4.0 Liter Twin Turbo,Automatic,Black,Black,None reported,Yes,159998.0,7,8.165662958048381,2449.125
Mazda,Mazda6 Grand Touring,2020,35902,Gasoline,2.5L I4 16V GDI DOHC Turbo,6-Speed Automatic,Deep Crystal Blue Mica,Black,None reported,Yes,22966.0,6,0.6396679943180236,5128.857142857143
Hyundai,Veloster Base,2013,800,Gasoline,132.0HP 1.6L 4 Cylinder Engine Gasoline Fuel,Transmission w/Dual Shift Mode,Black,Gray,None reported,Yes,9800.0,13,12.234706616729088,57.142857142857146
Bentley,Bentayga S,2023,2600,Gasoline,4.0L V8 32V GDI DOHC Twin Turbo,8-Speed Automatic,Beluga Black,Hotspur,None reported,Yes,239995.0,3,92.27028066128412,650.0
Land,Rover Defender X-Dynamic SE,2023,6204,Hybrid,3.0 Liter,Automatic,Eiger Grey,–,None reported,Yes,79998.0,3,12.892506043513295,1551.0
Kia,Telluride SX,2020,69185,Gasoline,3.8L V6 24V GDI DOHC,8-Speed Automatic,Ebony Black,Gray,None reported,Yes,37405.0,6,0.5406440609371839,9883.57142857143
Maserati,GranTurismo Sport,2015,45000,Gasoline,454.0HP 4.7L 8 Cylinder Engine Gasoline Fuel,6-Speed A/T,Black,Black,None reported,Yes,41900.0,11,0.9310904202128841,3750.0
BMW,540 i xDrive,2020,37426,Gasoline,2.0 Liter Turbo,Automatic,White,Black,None reported,Yes,39998.0,6,1.0686937237822962,5346.571428571428
INFINITI,M56 Base,2011,137000,Gasoline,420.0HP 5.6L 8 Cylinder Engine Gasoline Fuel,Transmission w/Dual Shift Mode,Gray,Brown,At least 1 accident or damage reported,Yes,8500.0,15,0.062043342749323,8562.5
Mazda,Mazda3 s Grand Touring,2016,85000,–,–,A/T,Black,Black,At least 1 accident or damage reported,Yes,18500.0,10,0.21764449830002,7727.272727272727
Chevrolet,Corvette Stingray w/1LT,2023,4000,Gasoline,490.0HP 6.2L 8 Cylinder Engine Gasoline Fuel,8-Speed A/T,Black,Red,At least 1 accident or damage reported,Yes,73900.0,3,18.4703824043989,1000.0
Audi,Q5 S line Premium Plus,2023,4648,Hybrid,2.0 Liter TFSI,Automatic,Mythos Black,Black,None reported,Yes,47598.0,3,10.238330823833083,1162.0
Lexus,GX 460 Base,2018,52100,Gasoline,301.0HP 4.6L 8 Cylinder Engine Gasoline Fuel,6-Speed A/T,White,Beige,None reported,Yes,38000.0,8,0.7293526035968599,5788.888888888889
BMW,X1 sDrive28i,2014,50100,Gasoline,240.0HP 2.0L 4 Cylinder Engine Gasoline Fuel,A/T,Brown,Beige,None reported,Yes,10795.0,12,0.21546476118241153,3853.846153846154
Alfa,Romeo Stelvio Ti,2020,41000,Gasoline,280.0HP 2.0L 4 Cylinder Engine Gasoline Fuel,8-Speed A/T,White,Black,None reported,Yes,32400.0,6,0.7902246286675935,5857.142857142857
RAM,1500 Big Horn,2021,70968,Gasoline,395.0HP 5.7L 8 Cylinder Engine Gasoline Fuel,8-Speed A/T,Black,Black,None reported,Yes,34000.0,5,0.4790824162662571,11828.0
BMW,M4 Base,2015,26600,Gasoline,425.0HP 3.0L Straight 6 Cylinder Engine Gasoline Fuel,A/T,White,–,None reported,Yes,53000.0,11,1.9924063005150183,2216.6666666666665
Tesla,Model X Long Range,2022,15443,Gasoline,670.0HP Electric Motor Electric Fuel System,1-Speed A/T,Red,Black,None reported,Yes,84500.0,4,5.4713804713804715,3088.6
Volvo,S90 T5 Momentum,2018,95000,Gasoline,250.0HP 2.0L 4 Cylinder Engine Gasoline Fuel,8-Speed A/T,White,Beige,None reported,Yes,18000.0,8,0.1894716897716866,10555.555555555555
Subaru,Impreza WRX Sti,2005,94000,Gasoline,300.0HP 2.5L 4 Cylinder Engine Gasoline Fuel,6-Speed M/T,Black,Blue,None reported,Yes,19500.0,21,0.2074446016531739,4272.727272727273
BMW,X6 xDrive40i,2020,45076,Gasoline,3.0 Liter Turbo,Automatic,Blue,Black,None reported,Yes,57998.0,6,1.286642855558267,6439.428571428572
Cadillac,CTS 2.0L Turbo Luxury,2014,110000,Gasoline,272.0HP 2.0L 4 Cylinder Engine Gasoline Fuel,A/T,Gold,Beige,None reported,Yes,11000.0,12,0.0999990909173553,8461.538461538461
Land,Rover Discovery Sport HSE,2016,49083,Gasoline,2.0L I4 16V GDI DOHC Turbo,9-Speed Automatic,Indus Silver,Ebony,None reported,Yes,21590.0,10,0.43985820226550404,4462.090909090909
Genesis,G90 5.0 Ultimate,2017,63500,Gasoline,420.0HP 5.0L 8 Cylinder Engine Gasoline Fuel,Transmission w/Dual Shift Mode,Silver,Black,None reported,Yes,27500.0,9,0.43306404623549233,6350.0
Mercedes-Benz,CLK-Class CLK 350,2009,21500,Gasoline,268.0HP 3.5L V6 Cylinder Engine Gasoline Fuel,A/T,Black,Black,At least 1 accident or damage reported,Yes,18000.0,17,0.8371703641691084,1194.4444444444443
Land,Rover Range Rover Autobiography,2023,324,Gasoline,4.4 Liter,Automatic,Black,Blk,None reported,Yes,199998.0,3,615.3784615384616,81.0
Kia,Optima EX,2019,68166,Gasoline,"1.6L I-4 gasoline direct injection, DOHC, variable valve control",Automatic,Ebony Black,Black,None reported,Yes,20818.0,7,0.30539703962327813,8520.75
Toyota,Highlander SE,2018,53607,Gasoline,3.5L V6 24V PDI DOHC,8-Speed Automatic,Midnight Black Metallic,Black,At least 1 accident or damage reported,Yes,31853.0,8,0.5941837039247874,5956.333333333333
Mercedes-Benz,Sprinter 4500 High Roof,2019,16813,Diesel,188.0HP 3.0L V6 Cylinder Engine Diesel Fuel,Transmission w/Dual Shift Mode,Gray,Black,None reported,Yes,45900.0,7,2.7298679671702155,2101.625
BMW,X1 xDrive28i,2020,18200,Gasoline,228.0HP 2.0L 4 Cylinder Engine Gasoline Fuel,A/T,White,Beige,At least 1 accident or damage reported,Yes,29500.0,6,1.6207900664798638,2600.0
Audi,R8 5.2,2015,51000,Gasoline,550.0HP 5.2L 10 Cylinder Engine Gasoline Fuel,Transmission w/Dual Shift Mode,White,Black,At least 1 accident or damage reported,Yes,102000.0,11,1.9999607850826455,4250.0
Audi,S3 2.0T Tech Premium Plus,2018,16400,Gasoline,292.0HP 2.0L 4 Cylinder Engine Gasoline Fuel,A/T,Blue,Red,None reported,Yes,42800.0,8,2.609596975794159,1822.2222222222222
Toyota,Tundra Hybrid TRD Pro,2022,7000,Hybrid,437.0HP 3.4L V6 Cylinder Engine Gas/Electric Hybrid,10-Speed A/T,Orange,–,None reported,Yes,75500.0,4,10.784173689472933,1400.0
Audi,SQ5 3.0T Premium Plus,2022,8497,Gasoline,3.0L V6 24V GDI DOHC Turbo,Automatic,Ibis White,Black,None reported,Yes,52900.0,4,6.22499411626265,1699.4
Audi,A6 2.0T Premium Plus,2016,68000,Gasoline,252.0HP 2.0L 4 Cylinder Engine Gasoline Fuel,Transmission w/Dual Shift Mode,White,Black,At least 1 accident or damage reported,Yes,20000.0,10,0.2941133218629138,6181.818181818182
Lamborghini,Huracan EVO Base,2022,2523,Gasoline,5.2L V10 40V GDI DOHC,7-Speed Manual,Bianco Icarus Metallic,Nero Ade,None reported,Yes,288900.0,4,114.46117274167987,504.6
BMW,328 xi,2007,83000,Gasoline,230.0HP 3.0L Straight 6 Cylinder Engine Gasoline Fuel,6-Speed A/T,Black,Brown,None reported,Yes,8995.0,19,0.1083721882868881,4150.0
Audi,SQ5 3.0T Prestige,2018,25000,Gasoline,354.0HP 3.0L V6 Cylinder Engine Gasoline Fuel,8-Speed A/T,Gray,Black,None reported,Yes,50000.0,8,1.999920003199872,2777.777777777778
Cadillac,Escalade Sport Platinum,2021,15689,Diesel,3.0L I6 24V DDI DOHC Turbo Diesel,10-Speed Automatic,Infrared Tintcoat,Jet Black,None reported,Yes,97952.0,5,6.24295729764181,2614.8333333333335
BMW,M235 i,2014,125450,Gasoline,320.0HP 3.0L Straight 6 Cylinder Engine Gasoline Fuel,6-Speed M/T,Blue,Black,None reported,Yes,17200.0,12,0.13710532399104033,9650.0
Kia,Telluride SX,2023,9822,Gasoline,3.8L V6 24V GDI DOHC,8-Speed Automatic,Midnight Black,Gray,None reported,Yes,50998.0,3,5.191692965489158,2455.5
Chevrolet,Express 3500 Base,2008,144000,Gasoline,323.0HP 6.0L 8 Cylinder Engine Gasoline Fuel,A/T,White,Gray,None reported,Yes,22000.0,18,0.15277671682835536,7578.9473684210525
GMC,Acadia SLE,2020,30900,Gasoline,2.5L I4 16V GDI DOHC,9-Speed Automatic,Summit White,Jet Black,None reported,Yes,27654.0,6,0.8949224944176564,4414.285714285715
BMW,X3 xDrive30i,2021,2492,Gasoline,2.0 Liter Turbo,Automatic,Phytonic Blue Metallic,Canberra Beige/Black,None reported,Yes,41598.0,5,16.685920577617328,415.3333333333333
Audi,TT 2.0T,2015,126760,Gasoline,211.0HP 2.0L 4 Cylinder Engine Gasoline Fuel,A/T,Black,Black,At least 1 accident or damage reported,Yes,14000.0,11,0.11044406402600168,10563.333333333334
Subaru,Outback 3.6R Touring,2017,100680,Gasoline,256.0HP 3.6L Flat 6 Cylinder Engine Gasoline Fuel,A/T,Brown,–,None reported,Yes,20500.0,9,0.2036133927950656,10068.0
Hyundai,Santa Fe SEL,2022,26895,Gasoline,2.5L I4 16V PDI DOHC,8-Speed Automatic,Quartz White,Black,None reported,Yes,29800.0,4,1.1079714455681142,5379.0
BMW,M5 Base,2018,20500,Gasoline,600.0HP 4.4L 8 Cylinder Engine Gasoline Fuel,8-Speed A/T,Silver,Black,None reported,Yes,67000.0,8,3.2681332617921077,2277.777777777778
Dodge,Ram 1500 ST,2011,134000,Gasoline,390.0HP 5.7L 8 Cylinder Engine Gasoline Fuel,A/T,Black,Gray,At least 1 accident or damage reported,Yes,10500.0,15,0.07835762419683436,8375.0
Ford,Fusion Energi Titanium,2015,84352,Plug-In Hybrid,188.0HP 2.0L 4 Cylinder Engine Plug-In Electric/Gas,CVT Transmission,Blue,Black,At least 1 accident or damage reported,Yes,10000.0,11,0.11854942918449847,7029.333333333333
Toyota,Tundra Hybrid TRD Pro,2022,19000,Hybrid,437.0HP 3.4L V6 Cylinder Engine Gas/Electric Hybrid,10-Speed A/T,Orange,Black,None reported,Yes,71000.0,4,3.7366454397136994,3800.0
Land,Rover Range Rover Evoque Pure,2015,115550,Gasoline,240.0HP 2.0L 4 Cylinder Engine Gasoline Fuel,9-Speed A/T,White,Black,None reported,Yes,17500.0,11,0.151448278249431,9629.166666666666
Lincoln,Navigator Base,2009,191775,E85 Flex Fuel,310.0HP 5.4L 8 Cylinder Engine Flex Fuel Capability,6-Speed A/T,White,Beige,At least 1 accident or damage reported,Yes,9750.0,17,0.05084056399132321,10654.166666666666
Ford,Mustang Mach-E Select,2023,923,Gasoline,Standard Range Battery,Automatic,Rapid Red Metallic Tinted Clearcoat,Black Onyx,None reported,Yes,46998.0,3,50.86363636363637,230.75
Mercedes-Benz,Sprinter 3500 High Roof,2017,124630,Diesel,188.0HP 3.0L V6 Cylinder Engine Diesel Fuel,5-Speed A/T,Black,Black,None reported,Yes,75000.0,9,0.6017764440628736,12463.0
Mercedes-Benz,AMG E 63 S 4MATIC,2019,17000,Gasoline,603.0HP 4.0L 8 Cylinder Engine Gasoline Fuel,9-Speed A/T,White,Brown,None reported,Yes,95000.0,7,5.58790659372978,2125.0
BMW,440 i xDrive,2018,73500,Gasoline,320.0HP 3.0L Straight 6 Cylinder Engine Gasoline Fuel,A/T,Black,Blue,None reported,Yes,32000.0,8,0.4353682262826356,8166.666666666667
Audi,Q7 55 Prestige,2019,73837,Gasoline,3.0L V6 24V GDI DOHC Supercharged,8-Speed Automatic,Cobra Beige Metallic,Nougat Brown,None reported,Yes,36340.0,7,0.4921585091687207,9229.625
BMW,M6 Base,2014,29500,Gasoline,560.0HP 4.4L 8 Cylinder Engine Gasoline Fuel,Transmission w/Dual Shift Mode,Silver,Black,None reported,Yes,40999.0,12,1.3897495000169486,2269.230769230769
Volkswagen,Arteon 2.0T SE,2021,13613,Gasoline,2.0 Liter TSI,Automatic,Pure White,Titan Black,None reported,Yes,29798.0,5,2.188776259732628,2268.8333333333335
Lexus,LX 600 F SPORT,2023,1185,Gasoline,409.0HP 3.4L V6 Cylinder Engine Gasoline Fuel,10-Speed A/T,Black,Black,None reported,Yes,120990.0,3,102.01517706576729,296.25
INFINITI,Q40 Base,2015,143250,Gasoline,328.0HP 3.7L V6 Cylinder Engine Gasoline Fuel,Transmission w/Dual Shift Mode,Silver,Black,None reported,Yes,11500.0,11,0.08027867170211726,11937.5
BMW,Z4 3.0i Roadster,2006,46508,Gasoline,215.0HP 3.0L Straight 6 Cylinder Engine Gasoline Fuel,Transmission w/Dual Shift Mode,Green,Beige,At least 1 accident or damage reported,Yes,11500.0,20,0.2472639704143284,2214.6666666666665
BMW,M6 Base,2015,18651,Gasoline,560.0HP 4.4L 8 Cylinder Engine Gasoline Fuel,Transmission w/Dual Shift Mode,Red,Black,None reported,Yes,59549.0,11,3.192633497748231,1554.25
BMW,X3 M40i,2019,36438,Gasoline,3.0 Liter Turbo,Automatic,Alpine White,Oyster W/Contrast,None reported,Yes,39998.0,7,1.0976700787617661,4554.75
Kia,Sorento LX,2014,46628,Gasoline,2.4L I4 16V GDI DOHC,6-Speed Automatic,Snow White Pearl,Beige,None reported,Yes,15363.0,12,0.3294730746960046,3586.769230769231
Rivian,R1S Adventure Package,2023,5700,Gasoline,835.0HP Electric Motor Electric Fuel System,1-Speed A/T,Gray,White,None reported,Yes,95000.0,3,16.66374320294685,1425.0
BMW,Z4 sDrive28i,2015,57550,Gasoline,240.0HP 2.0L 4 Cylinder Engine Gasoline Fuel,6-Speed M/T,Black,White,None reported,Yes,29995.0,11,0.5211899011311706,4795.833333333333
Cadillac,CTS-V Base,2017,48600,Gasoline,640.0HP 6.2L 8 Cylinder Engine Gasoline Fuel,Transmission w/Dual Shift Mode,Black,Black,None reported,Yes,60999.0,9,1.2550976317359726,4860.0
Ford,Transit Connect XL,2020,119000,Gasoline,169.0HP 2.5L 4 Cylinder Engine Gasoline Fuel,A/T,White,Black,None reported,Yes,18000.0,6,0.1512592331156881,17000.0
Land,Rover Range Rover Velar SVAutobiography Dynamic Edition,2020,36500,Gasoline,550.0HP 5.0L 8 Cylinder Engine Gasoline Fuel,Transmission w/Dual Shift Mode,White,Red,None reported,Yes,72000.0,6,1.9725486972959645,5214.285714285715
Lexus,IS 250 Base,2010,121250,Gasoline,204.0HP 2.5L V6 Cylinder Engine Gasoline Fuel,6-Speed A/T,Black,White,At least 1 accident or damage reported,Yes,13250.0,16,0.10927744925815044,7132.35294117647
BMW,X7 xDrive40i,2023,2437,Hybrid,375.0HP 3.0L Straight 6 Cylinder Engine Gasoline/Mild Electric Hybrid,Transmission w/Dual Shift Mode,Gray,Black,None reported,Yes,78350.0,3,32.13699753896637,609.25
Volvo,XC90 T6 Momentum,2018,110380,Gasoline,316.0HP 2.0L 4 Cylinder Engine Gasoline Fuel,A/T,Gray,Beige,At least 1 accident or damage reported,Yes,22000.0,8,0.19930966380083528,12264.444444444445
Hyundai,Tucson Limited,2008,149000,Gasoline,173.0HP 2.7L V6 Cylinder Engine Gasoline Fuel,4-Speed A/T,Black,Gray,None reported,Yes,3850.0,18,0.02583875276004859,7842.105263157895
Dodge,Durango GT,2021,14684,Gasoline,3.6L V6 24V MPFI DOHC,8-Speed Automatic,DB Black Clearcoat,Black,None reported,Yes,37995.0,5,2.5873340143003065,2447.3333333333335
Mercedes-Benz,AMG C 43 Base 4MATIC,2017,39000,Gasoline,362.0HP 3.0L V6 Cylinder Engine Gasoline Fuel,9-Speed A/T,White,Black,At least 1 accident or damage reported,Yes,39000.0,9,0.9999743596318044,3900.0
GMC,Yukon XL SLT,2019,65212,Gasoline,5.3L V8 16V GDI OHV,Automatic,Summit White,Jet Black,None reported,Yes,42995.0,7,0.65930105960468,8151.5
Audi,RS Q8 4.0T,2020,41856,Gasoline,591.0HP 4.0L 8 Cylinder Engine Gasoline Fuel,Transmission w/Dual Shift Mode,Gray,Black,None reported,Yes,91500.0,6,2.18601428673818,5979.428571428572
Rivian,R1S Adventure Package,2023,655,Gasoline,835.0HP Electric Motor Electric Fuel System,1-Speed A/T,Red,Silver,None reported,Yes,94500.0,3,144.0548780487805,163.75
Toyota,RAV4 Hybrid XLE,2019,54000,Hybrid,219.0HP 2.5L 4 Cylinder Engine Gas/Electric Hybrid,CVT Transmission,Gray,Gray,None reported,Yes,33000.0,7,0.6110997944482509,6750.0
Alfa,Romeo Stelvio Quadrifoglio,2019,26500,Gasoline,505.0HP 2.9L V6 Cylinder Engine Gasoline Fuel,8-Speed A/T,Gray,Black,None reported,Yes,53900.0,7,2.033885513754198,3312.5
Land,Rover Range Rover Evoque SE,2020,38356,Gasoline,2.0 Liter,Automatic,Firenze Red Metallic,Ebony,None reported,Yes,36598.0,6,0.9541413562061684,5479.428571428572
Alfa,Romeo Stelvio Ti Sport,2020,21487,Gasoline,2.0L I4 16V GDI SOHC Turbo,8-Speed Automatic,Anodized Blue Metallic,Ice,None reported,Yes,35345.0,6,1.6448715562174236,3069.5714285714284
Cadillac,Escalade EXT Base,2007,99000,Gasoline,403.0HP 6.2L 8 Cylinder Engine Gasoline Fuel,6-Speed A/T,Black,Black,None reported,Yes,22999.0,19,0.23231078473954808,4950.0
Ford,F-250 Lariat,2019,35597,E85 Flex Fuel,6.2L V8 16V MPFI SOHC Flexible Fuel,6-Speed Automatic,Black,Black,None reported,Yes,47756.0,7,1.3415360413506376,4449.625
Nissan,350Z Enthusiast,2005,130307,Gasoline,287.0HP 3.5L V6 Cylinder Engine Gasoline Fuel,5-Speed A/T,Blue,Black,None reported,Yes,9950.0,21,0.07635755287472756,5923.045454545455
Subaru,Legacy 2.5 i Premium,2010,178000,Gasoline,170.0HP 2.5L 4 Cylinder Engine Gasoline Fuel,A/T,Blue,Black,None reported,Yes,7600.0,16,0.04269638934612727,10470.588235294117
Honda,Civic LX,2003,160265,Gasoline,115.0HP 1.7L 4 Cylinder Engine Gasoline Fuel,A/T,White,Gray,At least 1 accident or damage reported,Yes,3000.0,23,0.018718879862229046,6677.708333333333
McLaren,570S Spider,2020,8700,Gasoline,562.0HP 3.8L 8 Cylinder Engine Gasoline Fuel,Transmission w/Dual Shift Mode,Black,Black,None reported,Yes,185000.0,6,21.261923916791172,1242.857142857143
Maserati,Ghibli S Q4,2016,1000,Gasoline,404.0HP 3.0L V6 Cylinder Engine Gasoline Fuel,Transmission w/Dual Shift Mode,Gray,Red,None reported,Yes,36000.0,10,35.964035964035965,90.9090909090909
Jeep,Wagoneer Series II 4x4,2022,29800,Gasoline,"HEMI 5.7L V-8 variable valve control, regular unleaded, engine w","Automatic, 8-Spd",–,–,None reported,Yes,58900.0,4,1.9764437434985402,5960.0
Maserati,Ghibli S Q4,2017,49750,Gasoline,404.0HP 3.0L V6 Cylinder Engine Gasoline Fuel,Transmission w/Dual Shift Mode,White,Red,None reported,Yes,27995.0,9,0.5627022572410605,4975.0
Lincoln,Aviator Luxury,2005,140000,Gasoline,302.0HP 4.6L 8 Cylinder Engine Gasoline Fuel,A/T,Black,Beige,None reported,Yes,2000.0,21,0.014285612245626817,6363.636363636364
Ford,Transit Connect XL,2018,66770,E85 Flex Fuel,169.0HP 2.5L 4 Cylinder Engine Flex Fuel Capability,6-Speed A/T,Red,–,None reported,Yes,21500.0,8,0.3219960761408396,7418.888888888889
Cadillac,SRX Luxury Collection,2016,61549,Gasoline,3.6 Liter SIDI DOHC,Automatic,Red,Ebony,At least 1 accident or damage reported,Yes,19998.0,10,0.32490658001624695,5595.363636363636
Lincoln,MKS EcoBoost,2016,38100,Gasoline,365.0HP 3.5L V6 Cylinder Engine Gasoline Fuel,A/T,Silver,Beige,None reported,Yes,21000.0,10,0.551166636046298,3463.6363636363635
Toyota,Yaris Base,2010,138071,Gasoline,106.0HP 1.5L 4 Cylinder Engine Gasoline Fuel,5-Speed M/T,Red,Gray,None reported,Yes,5000.0,16,0.036212990323888986,8121.823529411765
Mercedes-Benz,AMG E 63 S 4MATIC,2019,40000,Gasoline,603.0HP 4.0L 8 Cylinder Engine Gasoline Fuel,Transmission w/Dual Shift Mode,Black,Black,At least 1 accident or damage reported,Yes,72000.0,7,1.7999550011249719,5000.0
Mercedes-Benz,GLS 450 Base,2022,41545,Hybrid,3.0 Liter DOHC Twin Turbo,Automatic,MANUFAKTUR Diamond White Bright,Macchiato Beige/Black,None reported,Yes,71998.0,4,1.7329706830982525,8309.0
Mercedes-Benz,G-Class G 550 4MATIC,2019,47850,Gasoline,416.0HP 4.0L 8 Cylinder Engine Gasoline Fuel,A/T,White,Black,At least 1 accident or damage reported,Yes,127899.0,7,2.6728595013688325,5981.25
Hyundai,Veloster Turbo R-Spec,2014,128000,Gasoline,201.0HP 1.6L 4 Cylinder Engine Gasoline Fuel,6-Speed M/T,Blue,Red,None reported,Yes,11000.0,12,0.08593682861852642,9846.153846153846
Toyota,4Runner Limited,2019,48156,Gasoline,4.0L V6 24V MPFI DOHC,5-Speed Automatic,Midnight Black Metallic,Sand Beige,None reported,Yes,40368.0,7,0.8382581971468323,6019.5
Mercedes-Benz,S-Class S 580 4MATIC,2021,4700,Hybrid,496.0HP 4.0L 8 Cylinder Engine Gasoline/Mild Electric Hybrid,9-Speed A/T,Black,Black,None reported,Yes,99900.0,5,21.250797702616463,783.3333333333334
Audi,RS 7 4.0T Performance Prestige,2017,39071,Gasoline,4.0L V8 32V GDI DOHC Twin Turbo,8-Speed Automatic,White,Black,None reported,Yes,67900.0,9,1.7378173628173628,3907.1
Mercedes-Benz,AMG C 43 Base,2017,53500,Gasoline,362.0HP 3.0L V6 Cylinder Engine Gasoline Fuel,9-Speed A/T,White,Brown,At least 1 accident or damage reported,Yes,33999.0,9,0.6354834489074971,5350.0
Chevrolet,Corvette Z06,2007,11025,Gasoline,505.0HP 7.0L 8 Cylinder Engine Gasoline Fuel,6-Speed M/T,Orange,Black,None reported,Yes,47500.0,19,4.307999274442228,551.25
Ford,F-250 King Ranch,2021,44000,Diesel,475.0HP 6.7L 8 Cylinder Engine Diesel Fuel,10-Speed A/T,White,Brown,At least 1 accident or damage reported,Yes,73000.0,5,1.659053203336288,7333.333333333333
Volkswagen,Tiguan 2.0T SE,2022,11000,Gasoline,184.0HP 2.0L 4 Cylinder Engine Gasoline Fuel,A/T,Blue,White,None reported,Yes,27900.0,4,2.5361330788110172,2200.0
BMW,750 Li xDrive,2012,103000,Gasoline,407.0HP 4.4L 8 Cylinder Engine Gasoline Fuel,6-Speed A/T,Black,Black,None reported,Yes,16000.0,14,0.15533829768643023,6866.666666666667
BMW,M3 CS,2024,456,Gasoline,543.0HP 3.0L Straight 6 Cylinder Engine Gasoline Fuel,Transmission w/Dual Shift Mode,Black,Black,None reported,Yes,128995.0,2,282.2647702407002,152.0
Lexus,GX 460 Base,2018,64000,Gasoline,301.0HP 4.6L 8 Cylinder Engine Gasoline Fuel,6-Speed A/T,Red,Brown,None reported,Yes,37300.0,8,0.5828033936969735,7111.111111111111
Audi,Q7 3.0T Premium,2017,108000,Gasoline,333.0HP 3.0L V6 Cylinder Engine Gasoline Fuel,8-Speed A/T,Gray,Brown,None reported,Yes,25999.0,9,0.24072925250692123,10800.0
Alfa,Romeo Stelvio Ti Sport,2018,37045,Gasoline,280.0HP 2.0L 4 Cylinder Engine Gasoline Fuel,Transmission w/Dual Shift Mode,White,Red,At least 1 accident or damage reported,Yes,26600.0,8,0.7180262376504886,4116.111111111111
Land,Rover Defender X,2023,5433,Hybrid,3.0 Liter,Automatic,Santorin Black,Black,None reported,Yes,95998.0,3,17.666175929333825,1358.25
BMW,750 i xDrive,2019,28744,Gasoline,4.4 Liter DOHC Twin Turbo,Automatic,Black,Black,None reported,Yes,50998.0,7,1.7741520264393809,3593.0
BMW,M3 Base,2015,65800,Gasoline,425.0HP 3.0L Straight 6 Cylinder Engine Gasoline Fuel,Transmission w/Dual Shift Mode,White,Red,None reported,Yes,44950.0,11,0.6831203173204055,5483.333333333333
Rolls-Royce,Ghost Base,2021,850,Gasoline,563.0HP 6.7L 12 Cylinder Engine Gasoline Fuel,A/T,White,White,None reported,Yes,314900.0,5,370.0352526439483,141.66666666666666
Audi,e-tron Prestige,2019,33012,Gasoline,355.0HP Electric Motor Electric Fuel System,1-Speed A/T,Blue,Beige,None reported,Yes,38000.0,7,1.1510617029654984,4126.5
Lexus,IS 250 Base,2011,107818,Gasoline,204.0HP 2.5L V6 Cylinder Engine Gasoline Fuel,6-Speed A/T,Gray,Beige,At least 1 accident or damage reported,Yes,11400.0,15,0.10573275582225768,6738.625
Land,Rover Range Rover Evoque SE Premium,2016,79500,Gasoline,240.0HP 2.0L 4 Cylinder Engine Gasoline Fuel,9-Speed A/T,White,Black,None reported,Yes,19000.0,10,0.23899070451944002,7227.272727272727
Ferrari,California T,2015,20000,Gasoline,553.0HP 3.9L 8 Cylinder Engine Gasoline Fuel,7-Speed A/T,Red,Brown,At least 1 accident or damage reported,Yes,124990.0,11,6.249187540622969,1666.6666666666667
Lexus,LC 500 Base,2018,37000,Gasoline,471.0HP 5.0L 8 Cylinder Engine Gasoline Fuel,10-Speed A/T,Black,Red,None reported,Yes,63997.0,8,1.7296019026512797,4111.111111111111
Kia,EV6 Wind,2022,11945,Gasoline,111.2Ah / FR 70kW / RR 160kW (697V),Automatic,Glacier,Black,None reported,Yes,38998.0,4,3.2645236899380548,2389.0
GMC,Sierra 1500 SLE Crew Cab,2005,131800,Gasoline,295.0HP 5.3L 8 Cylinder Engine Gasoline Fuel,4-Speed A/T,Silver,Gray,At least 1 accident or damage reported,Yes,5800.0,21,0.0440057359200613,5990.909090909091
Lexus,ES 350 Base,2008,146000,Gasoline,272.0HP 3.5L V6 Cylinder Engine Gasoline Fuel,A/T,Red,Beige,None reported,Yes,8995.0,18,0.061609167060499584,7684.210526315789
Nissan,370Z NISMO,2010,29000,Gasoline,350.0HP 3.7L V6 Cylinder Engine Gasoline Fuel,M/T,Silver,–,None reported,Yes,29000.0,16,0.9999655184303989,1705.8823529411766
Dodge,Ram 1500 Laramie,2004,141209,Gasoline,345.0HP 5.7L 8 Cylinder Engine Gasoline Fuel,A/T,Black,Black,None reported,Yes,5700.0,22,0.04036541321436159,6139.521739130435
Ford,Expedition Limited,2016,85253,Gasoline,365.0HP 3.5L V6 Cylinder Engine Gasoline Fuel,A/T,White,Beige,None reported,Yes,19995.0,10,0.2345344499964811,7750.272727272727
INFINITI,QX70 Base,2015,87009,Gasoline,325.0HP 3.7L V6 Cylinder Engine Gasoline Fuel,A/T,Gray,Black,None reported,Yes,17800.0,11,0.20457418687507184,7250.75
BMW,X5 M Base,2023,4348,Gasoline,4.4L V8 32V GDI DOHC Twin Turbo,8-Speed Automatic,Alpine White,Black,None reported,Yes,105900.0,3,24.35042538514601,1087.0
Lincoln,Navigator Select,2016,158000,Gasoline,380.0HP 3.5L V6 Cylinder Engine Gasoline Fuel,Transmission w/Dual Shift Mode,Red,Beige,None reported,Yes,19780.0,10,0.1251890810817653,14363.636363636364
Volvo,V60 Cross Country T5,2020,10500,Gasoline,250.0HP 2.0L 4 Cylinder Engine Gasoline Fuel,8-Speed A/T,White,Black,None reported,Yes,36000.0,6,3.428244929054376,1500.0
Audi,A7 3.0T Premium Plus,2018,45843,Gasoline,340.0HP 3.0L V6 Cylinder Engine Gasoline Fuel,A/T,Silver,Black,None reported,Yes,37000.0,8,0.8070848966058808,5093.666666666667
Ford,Bronco Sport Outer Banks,2021,15198,Gasoline,1.5L I3 12V PDI DOHC Turbo,8-Speed Automatic,Blue,Navy Pier,None reported,Yes,31621.0,5,2.080465820119745,2533.0
Jaguar,F-TYPE R,2017,58000,Gasoline,550.0HP 5.0L 8 Cylinder Engine Gasoline Fuel,A/T,Black,Black,None reported,Yes,51500.0,9,0.8879157255909381,5800.0
Land,Rover Range Rover Evoque R-Dynamic HSE,2020,30424,Hybrid,2.0 Liter,Automatic,Silver,Black,None reported,Yes,44998.0,6,1.4789811010682006,4346.285714285715
RAM,1500 Laramie,2021,38012,Gasoline,5.7L V8 16V MPFI OHV,8-Speed Automatic,Delmonico Red Pearlcoat,Black,None reported,Yes,45277.0,5,1.1910925209796648,6335.333333333333
Rivian,R1S Adventure Package,2023,2500,Gasoline,835.0HP Electric Motor Electric Fuel System,A/T,Gray,Gray,None reported,Yes,91000.0,3,36.38544582167133,625.0
BMW,M760 i xDrive,2021,11078,Gasoline,"6.6L V-12 gasoline direct injection, DOHC, variable valve contro","Automatic, 8-Spd Sport w/Sport & Manual Modes",BLACK,WHITE,None reported,Yes,91900.0,5,8.29497247043957,1846.3333333333333
Lexus,LX 570 Three-Row,2018,50000,Gasoline,383.0HP 5.7L 8 Cylinder Engine Gasoline Fuel,A/T,White,Black,None reported,Yes,65000.0,8,1.2999740005199896,5555.555555555556
Land,Rover Range Rover Velar P250 SE R-Dynamic,2019,58000,Gasoline,247.0HP 2.0L 4 Cylinder Engine Gasoline Fuel,A/T,White,Black,None reported,Yes,38000.0,7,0.6551611179117601,7250.0
Acura,MDX w/Technology Package,2023,3415,Gasoline,3.5 Liter SOHC,F,White,Parchment.,None reported,Yes,54998.0,3,16.100117096018735,853.75
Lexus,LC 500 Base,2018,61000,Gasoline,471.0HP 5.0L 8 Cylinder Engine Gasoline Fuel,Transmission w/Dual Shift Mode,Black,Black,None reported,Yes,65000.0,8,1.065556302355699,6777.777777777777
Audi,SQ5 3.0T Prestige,2019,48500,Gasoline,349.0HP 3.0L V6 Cylinder Engine Gasoline Fuel,Transmission w/Dual Shift Mode,Gray,Black,At least 1 accident or damage reported,Yes,43500.0,7,0.8968887239438362,6062.5
Land,Rover Range Rover Velar P250 SE R-Dynamic,2018,65680,Gasoline,247.0HP 2.0L 4 Cylinder Engine Gasoline Fuel,A/T,Silver,Black,At least 1 accident or damage reported,Yes,34900.0,8,0.531356099937577,7297.777777777777
RAM,1500 Limited,2020,44362,Gasoline,5.7L V8 16V MPFI OHV,8-Speed Automatic,Bright White Clearcoat,Black,None reported,Yes,50658.0,6,1.141897527218628,6337.428571428572
Audi,S4 3.0T Premium,2019,18603,Gasoline,3.0L V6 24V GDI DOHC Turbo,8-Speed Automatic,Brilliant Black,Black,None reported,Yes,42900.0,7,2.3059557084497957,2325.375
Audi,A8 4.0,2020,35999,Hybrid,4.0 Liter Turbo,Automatic,Mythos Black Metallic,Sarder Brown,None reported,Yes,59598.0,6,1.6555,5142.714285714285
Cadillac,Escalade ESV Sport,2021,8044,Gasoline,420.0HP 6.2L 8 Cylinder Engine Gasoline Fuel,Transmission w/Dual Shift Mode,Black,Beige,None reported,Yes,93000.0,5,11.559975139838409,1340.6666666666667
Mercedes-Benz,AMG GT AMG GT S,2016,9738,Gasoline,503.0HP 4.0L 8 Cylinder Engine Gasoline Fuel,7-Speed A/T,Red,Black,None reported,Yes,85500.0,10,8.779135434849573,885.2727272727273
BMW,M3 Base,2009,112000,Gasoline,420.0HP 4.0L 8 Cylinder Engine Gasoline Fuel,Transmission w/Dual Shift Mode,Gray,Black,At least 1 accident or damage reported,Yes,28000.0,17,0.24999776787707254,6222.222222222223
Honda,Accord EX-L,2009,167300,Gasoline,190.0HP 2.4L 4 Cylinder Engine Gasoline Fuel,5-Speed A/T,Silver,Black,None reported,Yes,6250.0,17,0.03735781615172653,9294.444444444445
Rolls-Royce,Cullinan,2022,115,Gasoline,6.7L V12 48V GDI DOHC Twin Turbo,8-Speed Automatic,–,Grace White,None reported,Yes,449995.0,4,3879.2672413793102,23.0
Cadillac,Escalade Premium,2015,71000,Gasoline,420.0HP 6.2L 8 Cylinder Engine Gasoline Fuel,6-Speed A/T,Black,Brown,At least 1 accident or damage reported,Yes,35999.0,11,0.5070210278728469,5916.666666666667
Acura,RDX Technology Package,2020,31015,Gasoline,2.0L I4 16V GDI DOHC Turbo,10-Speed Automatic,Silver,Ebony,None reported,Yes,36570.0,6,1.179068867681197,4430.714285714285
BMW,X2 xDrive28i,2022,33000,Gasoline,228.0HP 2.0L 4 Cylinder Engine Gasoline Fuel,Transmission w/Dual Shift Mode,Orange,Black,None reported,Yes,29999.0,4,0.9090330596042544,6600.0
Chrysler,Pacifica Touring,2017,63000,–,–,9-Speed A/T,White,Beige,None reported,Yes,20000.0,9,0.31745527848764304,6300.0
Buick,Verano Convenience,2013,68325,E85 Flex Fuel,180.0HP 2.4L 4 Cylinder Engine Flex Fuel Capability,Transmission w/Dual Shift Mode,Silver,Gray,None reported,Yes,11995.0,13,0.1755554254602933,4880.357142857143
Mercedes-Benz,AMG S 63 Base 4MATIC,2020,20937,Gasoline,4.0L V8 32V GDI DOHC Twin Turbo,9-Speed Automatic,Magnetite Black Metallic,Black,None reported,Yes,104900.0,6,5.010029611233165,2991.0
RAM,2500 Tradesman,2021,34365,Gasoline,410.0HP 6.4L 8 Cylinder Engine Gasoline Fuel,8-Speed A/T,Gray,Gray,At least 1 accident or damage reported,Yes,48000.0,5,1.39672932549613,5727.5
Mercedes-Benz,Metris Base,2018,32000,Gasoline,208.0HP 2.0L 4 Cylinder Engine Gasoline Fuel,Transmission w/Dual Shift Mode,Black,Black,None reported,Yes,44900.0,8,1.4030811537139465,3555.5555555555557
Land,Rover Range Rover Evoque S,2020,40237,Gasoline,2.0 Liter,Automatic,Carpathian Grey Premium Metallic,Cloud,None reported,Yes,36998.0,6,0.919479099358815,5748.142857142857
Volvo,XC90 T6 Inscription,2020,22500,Gasoline,316.0HP 2.0L 4 Cylinder Engine Gasoline Fuel,A/T,Black,White,None reported,Yes,50000.0,6,2.2221234611795033,3214.285714285714
Ford,Expedition King Ranch,2020,58700,Gasoline,375.0HP 3.5L V6 Cylinder Engine Gasoline Fuel,10-Speed A/T,Black,Brown,At least 1 accident or damage reported,Yes,48999.0,6,0.8347217253539122,8385.714285714286
Toyota,Highlander Hybrid Limited,2006,264893,Hybrid,208.0HP 3.3L V6 Cylinder Engine Gas/Electric Hybrid,A/T,Gold,Beige,At least 1 accident or damage reported,Yes,5000.0,20,0.018875474718189164,12613.952380952382
Toyota,Tundra SR5 Access Cab,2005,209500,Gasoline,282.0HP 4.7L 8 Cylinder Engine Gasoline Fuel,5-Speed A/T,Blue,Gray,None reported,Yes,8500.0,21,0.04057259869881289,9522.727272727272
Ford,Transit-350 Base,2023,195,Gasoline,310.0HP 3.5L V6 Cylinder Engine Gasoline Fuel,10-Speed A/T,Blue,Gray,None reported,Yes,87500.0,3,446.42857142857144,48.75
Chevrolet,Express 3500 LT,2016,120000,Diesel,260.0HP 6.6L 8 Cylinder Engine Diesel Fuel,6-Speed A/T,White,Gray,None reported,Yes,19500.0,10,0.16249864584461796,10909.09090909091
Chevrolet,Bolt EUV Premier,2022,14676,Gasoline,200.0HP Electric Motor Electric Fuel System,A/T,Black,Blue,None reported,Yes,33000.0,4,2.248415888805614,2935.2
Jeep,Wrangler Unlimited 4xe Sahara,2021,33704,Hybrid,2.0L I4 16V GDI DOHC Turbo Hybrid,8-Speed Automatic,Bright White Clearcoat,Black,None reported,Yes,42998.0,5,1.275715769173713,5617.333333333333
BMW,X7 xDrive40i,2023,2950,Hybrid,375.0HP 3.0L Straight 6 Cylinder Engine Gasoline/Mild Electric Hybrid,8-Speed A/T,Black,Brown,None reported,Yes,87000.0,3,29.481531684174858,737.5
Mercedes-Benz,AMG GT 53 Base,2021,17994,Gasoline,3.0L I6 24V GDI DOHC Turbo,9-Speed Automatic,–,–,None reported,Yes,87500.0,5,4.86246179494304,2999.0
Toyota,Tundra Limited,2020,44101,Gasoline,5.7L V8 32V MPFI DOHC,6-Speed Automatic,Gray,Black,None reported,Yes,45423.0,6,1.0299532901002222,6300.142857142857
BMW,X1 xDrive28i,2021,25918,Gasoline,228.0HP 2.0L 4 Cylinder Engine Gasoline Fuel,Transmission w/Dual Shift Mode,Gray,Black,None reported,Yes,32000.0,5,1.2346155330066746,4319.666666666667
BMW,135 i,2008,87000,Gasoline,300.0HP 3.0L Straight 6 Cylinder Engine Gasoline Fuel,A/T,White,Beige,None reported,Yes,15300.0,18,0.17586004758565993,4578.9473684210525
Mazda,Mazda3 Touring,2018,28333,Gasoline,184.0HP 2.5L 4 Cylinder Engine Gasoline Fuel,Transmission w/Dual Shift Mode,Blue,Black,None reported,Yes,20500.0,8,0.7235123879438131,3148.1111111111113
Audi,A7 3.0T Premium Plus,2018,29294,Gasoline,340.0HP 3.0L V6 Cylinder Engine Gasoline Fuel,A/T,White,Beige,None reported,Yes,39999.0,8,1.3653865847414235,3254.8888888888887
Saturn,Sky Red Line,2008,37000,Gasoline,260.0HP 2.0L 4 Cylinder Engine Gasoline Fuel,A/T,Blue,Black,None reported,Yes,14995.0,18,0.4052593173157482,1947.3684210526317
BMW,Z4 2.5i Roadster,2005,138000,Gasoline,184.0HP 2.5L Straight 6 Cylinder Engine Gasoline Fuel,5-Speed A/T,White,Beige,None reported,Yes,9950.0,21,0.07210092680487823,6272.727272727273
Volvo,XC90 Hybrid T8 Inscription,2020,44487,Plug-In Hybrid,400.0HP 2.0L 4 Cylinder Engine Plug-In Electric/Gas,8-Speed A/T,Blue,Brown,None reported,Yes,65000.0,6,1.4610681532098544,6355.285714285715
Acura,TLX A-Spec,2021,16878,Gasoline,2.0L I4 16V GDI DOHC Turbo,10-Speed Automatic,Red,Ebony,None reported,Yes,38781.0,5,2.2975887197108835,2813.0
Acura,MDX w/Technology Package,2022,30177,Gasoline,3.5L 24V SOHC I-VTEC V6,2,Majestic Black Pearl,Espresso,None reported,Yes,46598.0,4,1.5441049771356616,6035.4
Chevrolet,Tahoe High Country,2021,53000,Gasoline,420.0HP 6.2L 8 Cylinder Engine Gasoline Fuel,10-Speed A/T,Black,Black,At least 1 accident or damage reported,Yes,67100.0,5,1.2660138487953057,8833.333333333334
Tesla,Model Y Long Range,2021,61308,Gasoline,425.0HP Electric Motor Electric Fuel System,A/T,White,White,None reported,Yes,42000.0,5,0.6850543965812523,10218.0
Mercedes-Benz,GLK-Class GLK 350,2013,99200,Gasoline,302.0HP 3.5L V6 Cylinder Engine Gasoline Fuel,A/T,Silver,Black,None reported,Yes,11495.0,13,0.11587584802572555,7085.714285714285
Chevrolet,Traverse LS,2022,32117,Gasoline,3.6L V6 24V GDI DOHC,Automatic,Northsky Blue Metallic,Jet Black,None reported,Yes,33299.0,4,1.0367706581978953,6423.4
BMW,550 Gran Turismo i,2013,79341,Gasoline,445.0HP 4.4L 8 Cylinder Engine Gasoline Fuel,A/T,Gold,Brown,None reported,Yes,16800.0,13,0.21174157444985,5667.214285714285
Land,Rover Range Rover Sport HSE,2007,220000,Gasoline,300.0HP 4.4L 8 Cylinder Engine Gasoline Fuel,A/T,White,Beige,None reported,Yes,5750.0,19,0.02613624483525075,11000.0
BMW,430 i xDrive,2021,16900,Gasoline,255.0HP 2.0L 4 Cylinder Engine Gasoline Fuel,8-Speed A/T,Blue,White,None reported,Yes,43000.0,5,2.5442281521803443,2816.6666666666665
Porsche,Cayman Base,2007,75137,Gasoline,245.0HP 2.7L Flat 6 Cylinder Engine Gasoline Fuel,M/T,Black,Gray,At least 1 accident or damage reported,Yes,24999.0,19,0.3327078176155873,3756.85
Ford,Expedition Max King Ranch,2021,37594,Gasoline,3.5L V6 24V PDI DOHC Twin Turbo,10-Speed Automatic,Black,Mesa,None reported,Yes,62595.0,5,1.664982045484772,6265.666666666667
Rivian,R1S Adventure Package,2023,250,Gasoline,835.0HP Electric Motor Electric Fuel System,A/T,Red,Black,None reported,Yes,94000.0,3,374.50199203187253,62.5
Mercedes-Benz,GLC 300 GLC 300,2021,12771,Gasoline,2.0 Liter Turbo,Automatic,Black,–,None reported,Yes,42598.0,5,3.3352646414030693,2128.5
Ford,Mustang Shelby GT500,2012,6400,Gasoline,550.0HP 5.4L 8 Cylinder Engine Gasoline Fuel,6-Speed M/T,Silver,Black,None reported,Yes,48000.0,14,7.498828308076863,426.6666666666667
Tesla,Model Y Long Range,2021,69548,Gasoline,425.0HP Electric Motor Electric Fuel System,1-Speed A/T,Black,Black,At least 1 accident or damage reported,Yes,36300.0,5,0.5219341759047578,11591.333333333334
Nissan,370Z Base,2009,79893,Gasoline,332.0HP 3.7L V6 Cylinder Engine Gasoline Fuel,7-Speed A/T,Silver,Black,None reported,Yes,15900.0,17,0.19901369314341502,4438.5
Toyota,Sequoia Platinum,2014,124838,Gasoline,381.0HP 5.7L 8 Cylinder Engine Gasoline Fuel,A/T,Black,Gray,None reported,Yes,33000.0,12,0.26434047052603754,9602.923076923076
Nissan,NV Passenger NV3500 HD SL V8,2020,14353,Gasoline,375.0HP 5.6L 8 Cylinder Engine Gasoline Fuel,A/T,Black,Gray,None reported,Yes,63900.0,6,4.451720774696948,2050.4285714285716
Ford,Transit Connect XL w/Rear Symmetrical Doors,2022,22985,Gasoline,169.0HP 2.5L 4 Cylinder Engine Gasoline Fuel,A/T,White,Gray,None reported,Yes,33500.0,4,1.4574088575654747,4597.0
INFINITI,QX80 Base,2014,161894,Gasoline,400.0HP 5.6L 8 Cylinder Engine Gasoline Fuel,7-Speed A/T,White,Beige,None reported,Yes,18900.0,12,0.11674233299360696,12453.384615384615
Aston,Martin V8 Vantage Base,2008,25025,Gasoline,380.0HP 4.3L 8 Cylinder Engine Gasoline Fuel,6-Speed A/T,White,Black,At least 1 accident or damage reported,Yes,39000.0,18,1.5583792855430352,1317.1052631578948
Porsche,911 Carrera S,2017,16701,Gasoline,3.0 Liter,–,Red,–,None reported,Yes,107998.0,9,6.46617171596216,1670.1
Lotus,Evora 400 Base,2017,19650,Gasoline,400.0HP 3.5L V6 Cylinder Engine Gasoline Fuel,6-Speed M/T,Silver,Red,None reported,Yes,69250.0,9,3.523993689888555,1965.0
Land,Rover Range Rover Velar P250 S R-Dynamic,2020,29500,Gasoline,247.0HP 2.0L 4 Cylinder Engine Gasoline Fuel,A/T,Red,White,None reported,Yes,45000.0,6,1.525372021287414,4214.285714285715
Nissan,Xterra S,2007,132272,Gasoline,261.0HP 4.0L V6 Cylinder Engine Gasoline Fuel,M/T,Gray,Gray,At least 1 accident or damage reported,Yes,6700.0,19,0.05065281652340236,6613.6
Dodge,Charger R/T,2012,122000,Gasoline,370.0HP 5.7L 8 Cylinder Engine Gasoline Fuel,5-Speed A/T,White,Black,At least 1 accident or damage reported,Yes,13500.0,14,0.11065483069810904,8133.333333333333
Buick,Encore GX Essence,2022,18185,Gasoline,1.3L I3 12V GDI DOHC Turbo,Automatic CVT,Summit White,Whisper Beige,None reported,Yes,31755.0,4,1.7461233916199275,3637.0
Nissan,Leaf S,2018,56450,Gasoline,147.0HP Electric Motor Electric Fuel System,A/T,Black,Black,At least 1 accident or damage reported,Yes,13999.0,8,0.2479849781226196,6272.222222222223
Nissan,Leaf SL,2012,102000,Gasoline,107.0HP Electric Motor Electric Fuel System,1-Speed A/T,Silver,Gray,None reported,Yes,4200.0,14,0.04117606690130489,6800.0
Jeep,Grand Wagoneer Series III,2022,18428,Gasoline,6.4 Liter,Automatic,Baltic Gray,Black,None reported,Yes,83998.0,4,4.557925009495904,3685.6
Nissan,Z Proto Spec,2023,535,Gasoline,400.0HP 3.0L V6 Cylinder Engine Gasoline Fuel,6-Speed M/T,Yellow,Black,None reported,Yes,65990.0,3,123.11567164179104,133.75
Land,Rover Range Rover Sport HSE,2013,81648,Gasoline,"5L V-8 gasoline direct injection, DOHC, variable valve control,","Auto, 6-Spd w/CmdShft",Fuji White,–,None reported,Yes,15900.0,13,0.19473600411517594,5832.0
Porsche,Boxster S,2003,138202,Gasoline,3.2L H6 24V MPFI DOHC,6-Speed Manual,Silver,Black,At least 1 accident or damage reported,Yes,22550.0,23,0.1631657778774701,5758.416666666667
Bentley,Continental GT Base,2004,69600,Gasoline,550.0HP 6.0L 12 Cylinder Engine Gasoline Fuel,A/T,Silver,Black,None reported,Yes,37900.0,22,0.5445324061435899,3026.086956521739
Jaguar,F-TYPE R,2018,39900,Gasoline,550.0HP 5.0L 8 Cylinder Engine Gasoline Fuel,8-Speed A/T,White,Black,None reported,Yes,53600.0,8,1.3433247287035412,4433.333333333333
Cadillac,Escalade ESV Sport,2021,36500,Gasoline,420.0HP 6.2L 8 Cylinder Engine Gasoline Fuel,Transmission w/Dual Shift Mode,White,Black,None reported,Yes,85000.0,5,2.3287033231966245,6083.333333333333
Audi,TT 2.0T,2018,42650,Gasoline,220.0HP 2.0L 4 Cylinder Engine Gasoline Fuel,Transmission w/Dual Shift Mode,Gray,Black,None reported,Yes,31990.0,8,0.7500410306909568,4738.888888888889
Jeep,Wrangler Unlimited Sahara,2020,68816,Gasoline,2.0L I4 16V GDI DOHC Turbo,8-Speed Automatic,Black Clearcoat,Black,None reported,Yes,35297.0,6,0.5129110539546914,9830.857142857143
Audi,S6 4.0T,2016,91188,Gasoline,450.0HP 4.0L 8 Cylinder Engine Gasoline Fuel,7-Speed A/T,Black,Black,None reported,Yes,29995.0,10,0.32893221770169645,8289.818181818182
GMC,Sierra 2500 SLE,2015,116210,E85 Flex Fuel,360.0HP 6.0L 8 Cylinder Engine Flex Fuel Capability,Transmission Overdrive Switch,Black,Beige,None reported,Yes,31900.0,11,0.2745006927055098,9684.166666666666
Tesla,Model 3 Long Range,2022,3077,Gasoline,Dual Motor - Standard,Automatic,Silver,Black,None reported,Yes,44998.0,4,14.619233268356075,615.4
Mazda,CX-90 Premium,2024,3880,Gasoline,2.5L,8-Speed Automatic,Machine Gray Metallic,Black,None reported,Yes,52991.0,2,13.65395516619428,1293.3333333333333
Ford,C-Max Energi SE,2017,67482,Plug-In Hybrid,188.0HP 2.0L 4 Cylinder Engine Plug-In Electric/Gas,CVT Transmission,Gray,Black,At least 1 accident or damage reported,Yes,11499.0,9,0.17039847072596062,6748.2
Cadillac,Escalade ESV Platinum,2018,67726,Gasoline,420.0HP 6.2L 8 Cylinder Engine Gasoline Fuel,10-Speed A/T,Black,Black,None reported,Yes,52000.0,8,0.7677883266644027,7525.111111111111
Audi,TT 3.2 Cabriolet quattro,2008,207000,Gasoline,250.0HP 3.2L V6 Cylinder Engine Gasoline Fuel,6-Speed M/T,Black,Black,At least 1 accident or damage reported,Yes,10500.0,18,0.05072439263578437,10894.736842105263
Hyundai,Santa Fe SE,2021,35550,Gasoline,2.5L I4 16V PDI DOHC,8-Speed Automatic,Twilight Black,Black,At least 1 accident or damage reported,Yes,25987.0,5,0.7309780315602936,5925.0
Mercedes-Benz,AMG GLE AMG GLE 63 S-Model 4MATIC,2016,44000,Gasoline,577.0HP 5.5L 8 Cylinder Engine Gasoline Fuel,7-Speed A/T,Black,Black,None reported,Yes,46599.0,10,1.0590441126338037,4000.0
Mercedes-Benz,SL-Class SL 550,2015,11249,Gasoline,429.0HP 4.7L 8 Cylinder Engine Gasoline Fuel,7-Speed A/T,White,Beige,None reported,Yes,54500.0,11,4.844444444444444,937.4166666666666
Acura,MDX 3.5L Technology Package,2014,111650,Gasoline,290.0HP 3.5L V6 Cylinder Engine Gasoline Fuel,6-Speed A/T,Green,Beige,At least 1 accident or damage reported,Yes,17500.0,12,0.1567384080751628,8588.461538461539
RAM,2500 Laramie,2019,18526,Diesel,6.7L I6 24V DDI OHV Turbo Diesel,6-Speed Automatic,Pearl White,Black,None reported,Yes,67999.0,7,3.6702650186214716,2315.75
Audi,A7 Premium,2012,103272,Gasoline,310.0HP 3.0L V6 Cylinder Engine Gasoline Fuel,8-Speed A/T,Black,Brown,None reported,Yes,15500.0,14,0.15008763181083148,6884.8
BMW,M2 Base,2023,1160,Gasoline,453.0HP 3.0L Straight 6 Cylinder Engine Gasoline Fuel,6-Speed M/T,Gray,Black,None reported,Yes,73600.0,3,63.39362618432386,290.0
RAM,1500 Laramie,2019,107714,Gasoline,5.7L V8 16V MPFI OHV,8-Speed Automatic,Diamond Black,Black,None reported,Yes,34918.0,7,0.32417026412291694,13464.25
Audi,Q5 2.0T Premium Plus,2013,111773,Gasoline,211.0HP 2.0L 4 Cylinder Engine Gasoline Fuel,8-Speed A/T,Brown,Beige,None reported,Yes,17000.0,13,0.15209261545618838,7983.785714285715
Cadillac,XTS Luxury,2019,54002,Gasoline,304.0HP 3.6L V6 Cylinder Engine Gasoline Fuel,A/T,Black,Beige,At least 1 accident or damage reported,Yes,22500.0,7,0.4166435198044553,6750.25
Volkswagen,Jetta 1.4T SE,2016,87000,Gasoline,150.0HP 1.4L 4 Cylinder Engine Gasoline Fuel,Transmission w/Dual Shift Mode,Gray,Gray,At least 1 accident or damage reported,Yes,13000.0,10,0.14942356984402477,7909.090909090909
Ford,Focus RS Base,2016,49700,Gasoline,350.0HP 2.3L 4 Cylinder Engine Gasoline Fuel,6-Speed M/T,Blue,Black,None reported,Yes,31700.0,10,0.6378141284883604,4518.181818181818
Mercedes-Benz,AMG C 63 S,2017,34500,Gasoline,503.0HP 4.0L 8 Cylinder Engine Gasoline Fuel,7-Speed A/T,Gray,Black,None reported,Yes,64600.0,9,1.8724094953769457,3450.0
Ford,Bronco Sport Big Bend,2021,31729,Gasoline,1.5L I3 12V PDI DOHC Turbo,8-Speed Automatic,Maroon,Medium Dark Slate,At least 1 accident or damage reported,Yes,29614.0,5,0.9333123227229752,5288.166666666667
Jeep,Gladiator Overland,2021,7388,Gasoline,3.6L V6 24V MPFI DOHC,8-Speed Automatic,Firecracker Red Clearcoat,Black,None reported,Yes,43663.0,5,5.909189335498715,1231.3333333333333
BMW,330e iPerformance,2017,41550,Plug-In Hybrid,247.0HP 2.0L 4 Cylinder Engine Plug-In Electric/Gas,Transmission w/Dual Shift Mode,Silver,Black,None reported,Yes,20995.0,9,0.5052826646771438,4155.0
Mercedes-Benz,GLC 300 Base 4MATIC,2018,44486,Gasoline,2.0L I4 16V GDI DOHC Turbo,9-Speed Automatic,Gray,Black,None reported,Yes,25625.0,8,0.5760109694967069,4942.888888888889
Acura,MDX 3.7L Advance,2013,20750,Gasoline,300.0HP 3.7L V6 Cylinder Engine Gasoline Fuel,6-Speed A/T,Black,Black,None reported,Yes,33000.0,13,1.5902848055515397,1482.142857142857
Genesis,G70 3.3T,2022,12000,Gasoline,365.0HP 3.3L V6 Cylinder Engine Gasoline Fuel,8-Speed A/T,Green,Beige,None reported,Yes,41000.0,4,3.4163819681693193,2400.0
Lexus,LX 570 Three-Row,2021,14206,Gasoline,383.0HP 5.7L 8 Cylinder Engine Gasoline Fuel,A/T,Black,Black,None reported,Yes,98000.0,5,6.898008024213416,2367.6666666666665
Jeep,Grand Cherokee L Limited,2022,31700,Gasoline,293.0HP 3.6L V6 Cylinder Engine Gasoline Fuel,A/T,Gray,Black,None reported,Yes,43500.0,4,1.3721964606794739,6340.0
Hyundai,IONIQ Plug-In Hybrid SEL,2022,13044,Plug-In Hybrid,139.0HP 1.6L 4 Cylinder Engine Plug-In Electric/Gas,A/T,Blue,Gray,At least 1 accident or damage reported,Yes,24999.0,4,1.9163664239172096,2608.8
Kia,Sportage LX,2009,100730,Gasoline,173.0HP 2.7L V6 Cylinder Engine Gasoline Fuel,A/T,Gold,Gold,None reported,Yes,6975.0,17,0.06924382762009709,5596.111111111111
BMW,X5 PHEV xDrive45e,2023,5338,Plug-In Hybrid,389.0HP 3.0L Straight 6 Cylinder Engine Plug-In Electric/Gas,8-Speed A/T,Blue,White,None reported,Yes,76500.0,3,14.328525941187488,1334.5
Ford,Expedition EL XLT,2014,85149,Gasoline,5.4 Liter,Automatic,Oxford White,Camel Leather,None reported,Yes,23598.0,12,0.27713446858485025,6549.923076923077
BMW,X6 M Base,2018,48291,Gasoline,567.0HP 4.4L 8 Cylinder Engine Gasoline Fuel,Transmission w/Dual Shift Mode,Gray,Brown,None reported,Yes,67250.0,8,1.3925701979623955,5365.666666666667
Rolls-Royce,Ghost Base,2010,79000,Gasoline,563.0HP 6.6L 12 Cylinder Engine Gasoline Fuel,8-Speed A/T,Silver,Black,None reported,Yes,69000.0,16,0.8734066657384084,4647.058823529412
Lincoln,Navigator Reserve,2016,125000,Gasoline,380.0HP 3.5L V6 Cylinder Engine Gasoline Fuel,Transmission w/Dual Shift Mode,Gray,Beige,None reported,Yes,26500.0,10,0.2119983040135679,11363.636363636364
Mercedes-Benz,GLA 250 Base 4MATIC,2022,13777,Gasoline,221.0HP 2.0L 4 Cylinder Engine Gasoline Fuel,8-Speed A/T,Black,Black,At least 1 accident or damage reported,Yes,39777.0,4,2.886993758165191,2755.4
RAM,1500 Big Horn,2022,14920,Gasoline,3.6L V6 24V MPFI DOHC,Automatic,Diamond Black,Black,None reported,Yes,41741.0,4,2.7974666577307152,2984.0
Jeep,Grand Cherokee L Summit,2022,14627,Gasoline,3.6L V6 24V MPFI DOHC,Automatic,Diamond Black,Tupelo,None reported,Yes,56740.0,4,3.8788624555646707,2925.4
Volvo,S80 3.2,2010,90050,Gasoline,235.0HP 3.2L Straight 6 Cylinder Engine Gasoline Fuel,A/T,Brown,Beige,None reported,Yes,5800.0,16,0.06440794660803323,5297.058823529412
Subaru,BRZ Premium,2014,45000,Gasoline,200.0HP 2.0L 4 Cylinder Engine Gasoline Fuel,6-Speed M/T,Blue,Black,At least 1 accident or damage reported,Yes,25000.0,12,0.5555432101508856,3461.5384615384614
Hummer,H2 SUT,2006,89900,Gasoline,325.0HP 6.0L 8 Cylinder Engine Gasoline Fuel,4-Speed A/T,Red,Beige,None reported,Yes,29994.0,20,0.3336336636967331,4280.952380952381
Audi,RS 7 4.0T,2021,14724,Hybrid,4.0 Liter TFSI,Automatic,Glacier White,Black/Red,None reported,Yes,101998.0,5,6.92685908319185,2454.0
Ford,Edge Sport,2011,132000,Gasoline,305.0HP 3.7L V6 Cylinder Engine Gasoline Fuel,Transmission w/Dual Shift Mode,Black,Black,At least 1 accident or damage reported,Yes,10999.0,15,0.08332512632480057,8250.0
GMC,Terrain SLT,2010,32652,Gasoline,182.0HP 2.4L 4 Cylinder Engine Gasoline Fuel,6-Speed A/T,Red,Brown,None reported,Yes,6500.0,16,0.19906287324288732,1920.7058823529412
Land,Rover Range Rover 5.0L Supercharged Autobiography LWB,2018,36632,Gasoline,518.0HP 5.0L 8 Cylinder Engine Gasoline Fuel,8-Speed A/T,Blue,Blue,None reported,Yes,72567.0,8,1.9809188436655474,4070.222222222222
Jeep,Grand Cherokee WK Laredo X,2022,11164,Gasoline,293.0HP 3.6L V6 Cylinder Engine Gasoline Fuel,8-Speed A/T,Black,Black,None reported,Yes,37500.0,4,3.3587102552619794,2232.8
BMW,M4 Base,2020,22655,Gasoline,425.0HP 3.0L Straight 6 Cylinder Engine Gasoline Fuel,7-Speed A/T,Silver,Black,None reported,Yes,63999.0,6,2.824814618644068,3236.4285714285716
Mercedes-Benz,AMG GT 63 S 4-Door,2019,9500,Gasoline,630.0HP 4.0L 8 Cylinder Engine Gasoline Fuel,Transmission w/Dual Shift Mode,Gray,Gray,None reported,Yes,135000.0,7,14.20903062835491,1187.5
Chevrolet,Camaro 1LT,2021,10300,Gasoline,335.0HP 3.6L V6 Cylinder Engine Gasoline Fuel,M/T,Black,Black,None reported,Yes,29900.0,5,2.902630812542472,1716.6666666666667
BMW,X6 M Base,2018,48000,Gasoline,567.0HP 4.4L 8 Cylinder Engine Gasoline Fuel,8-Speed A/T,Blue,Black,None reported,Yes,54000.0,8,1.124976562988271,5333.333333333333
Mercedes-Benz,CLK-Class 550,2007,138000,Gasoline,382.0HP 5.5L 8 Cylinder Engine Gasoline Fuel,7-Speed A/T,Silver,Black,At least 1 accident or damage reported,Yes,10000.0,19,0.07246324301997811,6900.0
RAM,1500 TRX,2022,24058,Gasoline,"HEMI 6.2L V-8 intercooled supercharger, premium unleaded, engine","Automatic, 8-Spd",Flame Red Clearcoat,BLACK,None reported,Yes,81900.0,4,3.4041315100378235,4811.6
Audi,RS 7 4.0T Prestige,2016,31500,Gasoline,560.0HP 4.0L 8 Cylinder Engine Gasoline Fuel,8-Speed A/T,Gray,Black,None reported,Yes,67000.0,10,2.1269166058220375,2863.6363636363635
Porsche,Macan S,2020,19701,Gasoline,3.0 Liter,Automatic,–,–,None reported,Yes,55998.0,6,2.8422495178154503,2814.4285714285716
Genesis,GV70 3.5T Sport,2022,10200,Gasoline,375.0HP 3.5L V6 Cylinder Engine Gasoline Fuel,A/T,White,Black,None reported,Yes,50500.0,4,4.9504950495049505,2040.0
Aston,Martin V8 Vantage Base,2008,62378,Gasoline,380.0HP 4.3L 8 Cylinder Engine Gasoline Fuel,M/T,Red,Beige,At least 1 accident or damage reported,Yes,33995.0,18,0.5449750717388865,3283.0526315789475
Nissan,350Z Touring,2006,84200,Gasoline,300.0HP 3.5L V6 Cylinder Engine Gasoline Fuel,6-Speed M/T,Silver,Gray,None reported,Yes,10200.0,20,0.12113870381586916,4009.5238095238096
Toyota,Sequoia SR5,2013,138700,E85 Flex Fuel,381.0HP 5.7L 8 Cylinder Engine Flex Fuel Capability,A/T,White,Gray,At least 1 accident or damage reported,Yes,18800.0,13,0.13554336306154965,9907.142857142857
Chevrolet,Tahoe Premier,2021,41050,Gasoline,355.0HP 5.3L 8 Cylinder Engine Gasoline Fuel,10-Speed A/T,Gray,Gray,None reported,Yes,62900.0,5,1.532240383912694,6841.666666666667
Jeep,Compass Limited,2020,39192,Gasoline,2.4L I4 16V MPFI SOHC,9-Speed Automatic,White Clearcoat,Black,None reported,Yes,24590.0,6,0.627407955502258,5598.857142857143
BMW,430 430i,2022,7758,Gasoline,2.0 Liter Turbo,Automatic,Black,Black,None reported,Yes,47998.0,4,6.186106457017657,1551.6
Ford,Bronco Sport Outer Banks,2021,31654,Gasoline,1.5L I3 12V PDI DOHC Turbo,8-Speed Automatic,Rapid Red Metallic Tinted Clearcoat,Navy Pier,None reported,Yes,33410.0,5,1.055441478439425,5275.666666666667
Mercedes-Benz,AMG C 63 Base,2017,63000,Gasoline,469.0HP 4.0L 8 Cylinder Engine Gasoline Fuel,A/T,White,Black,At least 1 accident or damage reported,Yes,42000.0,9,0.6666560848240504,6300.0
Volvo,S40 T5,2005,257700,Gasoline,218.0HP 2.5L 5 Cylinder Engine Gasoline Fuel,6-Speed M/T,Red,Beige,None reported,Yes,3550.0,21,0.013775654731646365,11713.636363636364
Mercedes-Benz,GLE 350 Base 4MATIC,2017,57000,Gasoline,302.0HP 3.5L V6 Cylinder Engine Gasoline Fuel,7-Speed A/T,White,Black,At least 1 accident or damage reported,Yes,29500.0,9,0.5175347800915774,5700.0
Chevrolet,Silverado 1500 1LT,2017,89000,Gasoline,355.0HP 5.3L 8 Cylinder Engine Gasoline Fuel,6-Speed A/T,Gray,Gray,None reported,Yes,29999.0,9,0.3370636284985562,8900.0
Chevrolet,Tahoe LTZ,2015,134500,Gasoline,355.0HP 5.3L 8 Cylinder Engine Gasoline Fuel,A/T,Black,Black,None reported,Yes,28000.0,11,0.20817689087813473,11208.333333333334
Acura,MDX Technology,2022,15895,Gasoline,3.5L V6 24V GDI SOHC,10-Speed Automatic,Majestic Black Pearl,Parchment,None reported,Yes,47950.0,4,3.016482133870156,3179.0
Bentley,Bentayga Speed,2020,15109,Gasoline,6.0L W12 48V PDI DOHC Twin Turbo,8-Speed Automatic,Ice,Beluga Hide,None reported,Yes,162950.0,6,10.784248841826605,2158.4285714285716
Rolls-Royce,Cullinan,2022,398,Gasoline,6.7L V12 48V GDI DOHC Twin Turbo,8-Speed Automatic,Silver,Charles Blue,None reported,Yes,695000.0,4,1741.8546365914788,79.6
Genesis,GV70 2.5T,2022,20319,Gasoline,300.0HP 2.5L 4 Cylinder Engine Gasoline Fuel,Transmission w/Dual Shift Mode,White,Black,None reported,Yes,44249.0,4,2.1776082677165354,4063.8
Lexus,GX 460 Base,2021,40906,Gasoline,4.6 Liter,Automatic,Black,Black,None reported,Yes,51998.0,5,1.271127190945315,6817.666666666667
BMW,ALPINA B7 ALPINA B7 xDrive,2020,33749,Gasoline,4.4 Liter Twin Turbo,Automatic,Blue,Red,None reported,Yes,85998.0,6,2.548088888888889,4821.285714285715
BMW,M4 Competition xDrive,2023,1120,Gasoline,503.0HP 3.0L Straight 6 Cylinder Engine Gasoline Fuel,8-Speed A/T,Gray,White,None reported,Yes,92900.0,3,82.87243532560214,280.0
Jeep,Grand Cherokee L Limited,2021,26088,Gasoline,3.6L V6 24V MPFI DOHC,8-Speed Automatic,Silver Zynith,Global Black,None reported,Yes,38383.0,5,1.4712330867415386,4348.0
Kia,Forte GT-Line,2022,14950,Gasoline,147.0HP 2.0L 4 Cylinder Engine Gasoline Fuel,A/T,Silver,Gray,At least 1 accident or damage reported,Yes,24000.0,4,1.6052437964015784,2990.0
Kia,Forte LX,2018,47466,Gasoline,"2L I-4 DOHC, D-CVVT variable valve control, engine with 147HP",Automatic,Silky Silver,Black,None reported,Yes,14699.0,8,0.30966776918701416,5274.0
BMW,X6 M Base,2022,10376,Gasoline,4.4L V8 32V GDI DOHC Twin Turbo,8-Speed Automatic,Ametrin Metallic,Black,None reported,Yes,98900.0,4,9.530692878481256,2075.2
RAM,ProMaster 3500 High Roof,2021,18500,Gasoline,280.0HP 3.6L V6 Cylinder Engine Gasoline Fuel,A/T,White,Black,None reported,Yes,41950.0,5,2.267445002972812,3083.3333333333335
Volkswagen,Atlas Cross Sport 3.6L V6 SEL Premium,2021,24596,Gasoline,3.6L V6 24V GDI DOHC,8-Speed Automatic,Deep Black Pearl Effect,Titan Black / Quarzit,None reported,Yes,38322.0,5,1.5579948774240762,4099.333333333333
Hyundai,Santa Fe SEL,2021,2905,Gasoline,2.5L I4 16V PDI DOHC,8-Speed Automatic,Shimmering Silver,Black,None reported,Yes,27599.0,5,9.497247075017206,484.1666666666667
Jaguar,XF 3.0 Portfolio,2015,71290,Gasoline,340.0HP 3.0L V6 Cylinder Engine Gasoline Fuel,A/T,Brown,Black,At least 1 accident or damage reported,Yes,21000.0,11,0.29456733669046586,5940.833333333333
Audi,A7 55 Premium Plus,2022,15000,Hybrid,335.0HP 3.0L V6 Cylinder Engine Gasoline/Mild Electric Hybrid,A/T,Gray,Black,None reported,Yes,63000.0,4,4.199720018665422,3000.0
INFINITI,QX30 Premium,2017,37900,Gasoline,208.0HP 2.0L 4 Cylinder Engine Gasoline Fuel,7-Speed A/T,Gray,Black,None reported,Yes,22000.0,9,0.5804596184797235,3790.0
Mercedes-Benz,AMG G 63 4MATIC,2022,2000,Gasoline,577.0HP 4.0L 8 Cylinder Engine Gasoline Fuel,Transmission w/Dual Shift Mode,Black,Black,None reported,Yes,244896.0,4,122.38680659670165,400.0
Mercedes-Benz,AMG C 43 AMG C 43 4MATIC,2019,32500,Gasoline,385.0HP 3.0L V6 Cylinder Engine Gasoline Fuel,9-Speed A/T,Black,Black,None reported,Yes,43500.0,7,1.3384203562967294,4062.5
Mitsubishi,Lancer Evolution Base,2003,61491,Gasoline,271.0HP 2.0L 4 Cylinder Engine Gasoline Fuel,5-Speed M/T,Blue,Black,At least 1 accident or damage reported,Yes,28000.0,23,0.4553437845573408,2562.125
Jeep,Wrangler Unlimited Sport,2013,77634,Gasoline,3.6L V6 24V MPFI DOHC,5-Speed Automatic,Gecko Pearlcoat,Black,None reported,Yes,24590.0,13,0.3167385844013654,5545.285714285715
Audi,A3 2.0 TDI Premium Plus,2015,83000,Diesel,150.0HP 2.0L 4 Cylinder Engine Diesel Fuel,6-Speed A/T,Black,Black,At least 1 accident or damage reported,Yes,18999.0,11,0.22890085661618534,6916.666666666667
BMW,ALPINA B7 ALPINA B7 xDrive,2020,65852,Gasoline,4.4 Liter Twin Turbo,Automatic,Black,Mocha,None reported,Yes,68998.0,6,1.0477578849862572,9407.42857142857
Bentley,Bentayga Azure First Edition,2023,1335,Gasoline,4.0L V8 32V GDI DOHC Twin Turbo,8-Speed Automatic,Onyx,Portland,None reported,Yes,272950.0,3,204.30389221556885,333.75
Mercedes-Benz,CLA-Class CLA 250,2014,83315,Gasoline,208.0HP 2.0L 4 Cylinder Engine Gasoline Fuel,A/T,White,White,None reported,Yes,15000.0,12,0.18003744778914013,6408.846153846154
BMW,i8 Base,2019,18421,Plug-In Hybrid,369.0HP 1.5L 3 Cylinder Engine Plug-In Electric/Gas,6-Speed A/T,Black,Black,None reported,Yes,85000.0,7,4.614048420366952,2302.625
Lexus,CT 200h Premium,2015,101000,Hybrid,134.0HP 1.8L 4 Cylinder Engine Gas/Electric Hybrid,A/T,Black,Black,At least 1 accident or damage reported,Yes,16500.0,11,0.16336471916119644,8416.666666666666
Toyota,Tundra SR5,2022,29322,Gasoline,3.4L V6 24V PDI DOHC Twin Turbo,10-Speed Automatic,Gray,Black,None reported,Yes,44999.0,4,1.5345974149984654,5864.4
Mercedes-Benz,SLC 300 Base,2019,23900,Gasoline,241.0HP 2.0L 4 Cylinder Engine Gasoline Fuel,9-Speed A/T,White,Black,None reported,Yes,35999.0,7,1.5061712899041881,2987.5
Mercedes-Benz,AMG C AMG C 63 S,2016,40515,Gasoline,4.0L V8 32V GDI DOHC Twin Turbo,7-Speed Automatic,Black,Black,At least 1 accident or damage reported,Yes,47999.0,10,1.1846924671734624,3683.181818181818
Ford,F-150 XLT,2020,67516,Gasoline,3.5L V6 24V PDI DOHC Twin Turbo,Automatic,Gray,Medium Light Camel,None reported,Yes,36994.0,6,0.5479212642741828,9645.142857142857
Mazda,CX-9 Grand Touring,2010,155000,Gasoline,273.0HP 3.7L V6 Cylinder Engine Gasoline Fuel,6-Speed A/T,Silver,Black,None reported,Yes,8300.0,16,0.0535480416255379,9117.64705882353
Honda,Ridgeline RTL-E,2019,26998,Gasoline,3.5L V6 24V GDI SOHC,6-Speed Automatic,Black,Black,None reported,Yes,35557.0,7,1.316974702766769,3374.75
Bentley,Bentayga Onyx Edition,2018,18500,Gasoline,600.0HP 6.0L 12 Cylinder Engine Gasoline Fuel,8-Speed A/T,Black,Brown,None reported,Yes,115000.0,8,6.215880222690665,2055.5555555555557
MINI,Cooper S Clubman Base,2009,137600,Gasoline,172.0HP 1.6L 4 Cylinder Engine Gasoline Fuel,6-Speed M/T,Gold,Black,None reported,Yes,6880.0,17,0.049999636630547746,7644.444444444444
Nissan,Murano SL,2005,125500,Gasoline,245.0HP 3.5L V6 Cylinder Engine Gasoline Fuel,CVT Transmission,Black,Beige,None reported,Yes,3950.0,21,0.031473852797985674,5704.545454545455
Bentley,Bentayga V8,2019,22039,Gasoline,542.0HP 4.0L 8 Cylinder Engine Gasoline Fuel,8-Speed A/T,White,Black,None reported,Yes,113990.0,7,5.171960072595281,2754.875
Nissan,Juke SV,2011,137483,Gasoline,188.0HP 1.6L 4 Cylinder Engine Gasoline Fuel,CVT Transmission,White,Gray,None reported,Yes,3200.0,15,0.023275435687061766,8592.6875
Ford,Expedition Max Limited,2019,67500,Gasoline,375.0HP 3.5L V6 Cylinder Engine Gasoline Fuel,10-Speed A/T,Gray,Black,None reported,Yes,40500.0,7,0.5999911112427964,8437.5
Ford,Expedition Max King Ranch,2020,52000,Gasoline,375.0HP 3.5L V6 Cylinder Engine Gasoline Fuel,10-Speed A/T,Gray,Brown,At least 1 accident or damage reported,Yes,53722.0,6,1.0330955173938963,7428.571428571428
Lamborghini,Murcielago Base,2006,10000,Gasoline,571.0HP 6.2L 12 Cylinder Engine Gasoline Fuel,A/T,Red,Black,None reported,Yes,259000.0,20,25.8974102589741,476.1904761904762
Chevrolet,Suburban LT,2017,195361,Gasoline,355.0HP 5.3L 8 Cylinder Engine Gasoline Fuel,Transmission Overdrive Switch,Black,Black,At least 1 accident or damage reported,Yes,26000.0,9,0.13308627061557518,19536.1
Bentley,Bentayga Onyx Edition,2018,32500,Gasoline,600.0HP 6.0L 12 Cylinder Engine Gasoline Fuel,A/T,Black,Beige,At least 1 accident or damage reported,Yes,103000.0,8,3.1691332574382325,3611.1111111111113
BMW,M760 i xDrive,2019,14806,Gasoline,601.0HP 6.6L 12 Cylinder Engine Gasoline Fuel,Transmission w/Dual Shift Mode,Black,Black,At least 1 accident or damage reported,Yes,81330.0,7,5.49267238468292,1850.75
Genesis,GV70 2.5T,2022,11000,Gasoline,300.0HP 2.5L 4 Cylinder Engine Gasoline Fuel,A/T,White,–,At least 1 accident or damage reported,Yes,48950.0,4,4.449595491318971,2200.0
Chevrolet,Tahoe LT,2011,92530,E85 Flex Fuel,320.0HP 5.3L 8 Cylinder Engine Flex Fuel Capability,A/T,Red,Black,At least 1 accident or damage reported,Yes,18500.0,15,0.19993299542855908,5783.125
Dodge,Durango GT,2017,34845,Gasoline,295.0HP 3.6L V6 Cylinder Engine Gasoline Fuel,A/T,White,Black,At least 1 accident or damage reported,Yes,30000.0,9,0.8609309533375423,3484.5
Porsche,718 Cayman GTS,2018,16280,Gasoline,365.0HP 2.5L 4 Cylinder Engine Gasoline Fuel,Transmission w/Dual Shift Mode,Red,Black,None reported,Yes,85500.0,8,5.251520176893311,1808.888888888889
Porsche,Cayman Base,2011,77000,Gasoline,265.0HP 2.9L Flat 6 Cylinder Engine Gasoline Fuel,A/T,Red,Beige,None reported,Yes,32000.0,15,0.4155790184543058,4812.5
Porsche,Panamera Turbo,2010,63000,Gasoline,500.0HP 4.8L 8 Cylinder Engine Gasoline Fuel,7-Speed A/T,Black,Beige,At least 1 accident or damage reported,Yes,38500.0,16,0.6111014110887129,3705.8823529411766
Lexus,ES 350 Base,2016,39700,Gasoline,268.0HP 3.5L V6 Cylinder Engine Gasoline Fuel,6-Speed A/T,White,Beige,None reported,Yes,25500.0,10,0.6423012014810711,3609.090909090909
Kia,Optima Hybrid LX,2013,103111,Hybrid,199.0HP 2.4L 4 Cylinder Engine Gas/Electric Hybrid,A/T,Silver,Beige,At least 1 accident or damage reported,Yes,9200.0,13,0.08922336876406238,7365.071428571428
Land,Rover Range Rover Velar R-Dynamic SE,2019,75897,Gasoline,2.0 Liter,Automatic,Black,Black,None reported,Yes,35998.0,7,0.4742944478115365,9487.125
Jaguar,XF S,2017,55000,Gasoline,380.0HP 3.0L V6 Cylinder Engine Gasoline Fuel,Transmission w/Dual Shift Mode,Gray,Red,None reported,Yes,34000.0,9,0.6181705787167506,5500.0
Lexus,GX 470 Base,2005,114000,Gasoline,270.0HP 4.7L 8 Cylinder Engine Gasoline Fuel,A/T,Silver,Gray,At least 1 accident or damage reported,Yes,13450.0,21,0.11798142121560337,5181.818181818182
Mercedes-Benz,GL-Class GL 550,2011,80124,Gasoline,382.0HP 5.5L 8 Cylinder Engine Gasoline Fuel,7-Speed A/T,Black,Black,None reported,Yes,17500.0,15,0.21840873634945399,5007.75
BMW,X6 M Base,2023,7000,Gasoline,600.0HP 4.4L 8 Cylinder Engine Gasoline Fuel,Transmission w/Dual Shift Mode,Gray,Gray,None reported,Yes,144900.0,3,20.697043279531496,1750.0
RAM,1500 Longhorn,2023,4285,Gasoline,5.7L V8 16V MPFI OHV,Automatic,Delmonico Red Pearlcoat,Black / Saddle,None reported,Yes,65688.0,3,15.326178254783015,1071.25
Lamborghini,Huracan LP580-2S,2019,17175,Gasoline,5.2L V10 40V GDI DOHC,7-Speed Automatic with Auto-Shift,Rosso Mars Metallic,Nero Ade,None reported,Yes,234900.0,7,13.676059618071728,2146.875
Toyota,Highlander Hybrid Limited Platinum,2017,34049,Hybrid,3.5L V6 24V PDI DOHC Hybrid,Automatic CVT,Shoreline Blue Pearl,Ash,None reported,Yes,37999.0,9,1.1159765051395008,3404.9
Audi,e-tron Prestige,2019,16000,Gasoline,355.0HP Electric Motor Electric Fuel System,A/T,White,Beige,At least 1 accident or damage reported,Yes,39990.0,7,2.4992187988250736,2000.0
Land,Rover Range Rover Velar SVAutobiography Dynamic Edition,2020,59355,Gasoline,V8,Automatic,Santorini Black,Ebony / Pimento,None reported,Yes,72995.0,6,1.229783004245569,8479.285714285714
Chevrolet,Bolt EUV Premier,2022,31000,Gasoline,200.0HP Electric Motor Electric Fuel System,1-Speed A/T,Red,White,None reported,Yes,36000.0,4,1.1612528628108771,6200.0
BMW,M240 i,2019,19300,Gasoline,335.0HP 3.0L Straight 6 Cylinder Engine Gasoline Fuel,8-Speed A/T,White,Red,None reported,Yes,36000.0,7,1.8651883322107663,2412.5
Cadillac,Escalade EXT Base,2009,155000,E85 Flex Fuel,403.0HP 6.2L 8 Cylinder Engine Flex Fuel Capability,6-Speed A/T,Red,Beige,At least 1 accident or damage reported,Yes,16900.0,17,0.10903155463513138,8611.111111111111
Scion,tC Release Series 6.0,2010,120010,Gasoline,161.0HP 2.4L 4 Cylinder Engine Gasoline Fuel,4-Speed A/T,Gray,Black,At least 1 accident or damage reported,Yes,6500.0,16,0.054161701843997635,7059.411764705882
Kia,Optima EX,2012,152520,Gasoline,200.0HP 2.4L 4 Cylinder Engine Gasoline Fuel,6-Speed A/T,White,Beige,None reported,Yes,10900.0,14,0.0714655686757889,10168.0
Maserati,Quattroporte Base,2005,32000,Gasoline,394.0HP 4.2L 8 Cylinder Engine Gasoline Fuel,Transmission w/Dual Shift Mode,Red,Beige,At least 1 accident or damage reported,Yes,2954083.0,21,92.31220899346896,1454.5454545454545
Porsche,Panamera Turbo,2015,47000,Gasoline,520.0HP 4.8L 8 Cylinder Engine Gasoline Fuel,Transmission w/Dual Shift Mode,Black,Brown,None reported,Yes,50000.0,11,1.063807153039297,3916.6666666666665
Genesis,G70 2.0T,2023,2046,Gasoline,252.0HP 2.0L 4 Cylinder Engine Gasoline Fuel,8-Speed A/T,Green,Gray,None reported,Yes,43499.0,3,21.250122129946263,511.5
Chevrolet,Trailblazer LS,2021,24965,Gasoline,1.2L I3 12V GDI DOHC Turbo,Automatic CVT,Mosaic Black Metallic,Jet Black,At least 1 accident or damage reported,Yes,22995.0,5,0.9210526315789473,4160.833333333333
Toyota,Camry LE,2005,108000,Gasoline,160.0HP 2.4L 4 Cylinder Engine Gasoline Fuel,5-Speed A/T,Beige,Gray,None reported,Yes,7850.0,21,0.07268451218044278,4909.090909090909
Toyota,Sienna LE,2015,76000,Gasoline,266.0HP 3.5L V6 Cylinder Engine Gasoline Fuel,A/T,Red,Gray,None reported,Yes,18300.0,11,0.24078630544334942,6333.333333333333
Porsche,911 Carrera S,2014,30000,Gasoline,400.0HP 3.8L Flat 6 Cylinder Engine Gasoline Fuel,7-Speed A/T,Black,Brown,None reported,Yes,78500.0,12,2.616579447351755,2307.6923076923076
Volvo,V60 T6 R-Design Platinum,2015,59271,Gasoline,325.0HP 3.0L Straight 6 Cylinder Engine Gasoline Fuel,6-Speed A/T,Blue,Black,None reported,Yes,29900.0,11,0.5044540423808881,4939.25
Lexus,LX 600 Premium,2023,1500,Gasoline,409.0HP 3.4L V6 Cylinder Engine Gasoline Fuel,10-Speed A/T,Gray,Black,None reported,Yes,119500.0,3,79.61359093937375,375.0
BMW,330e iPerformance,2017,52500,Plug-In Hybrid,247.0HP 2.0L 4 Cylinder Engine Plug-In Electric/Gas,Transmission w/Dual Shift Mode,Blue,Black,At least 1 accident or damage reported,Yes,24950.0,9,0.47522904325631893,5250.0
Tesla,Model Y Long Range,2020,23100,Gasoline,425.0HP Electric Motor Electric Fuel System,A/T,Blue,White,None reported,Yes,36495.0,6,1.5798017401844076,3300.0
FIAT,124 Spider Abarth,2017,45000,Gasoline,164.0HP 1.4L 4 Cylinder Engine Gasoline Fuel,6-Speed M/T,Gray,Black,At least 1 accident or damage reported,Yes,22500.0,9,0.499988889135797,4500.0
Toyota,Supra A91-MT Edition,2023,1500,Gasoline,382.0HP 3.0L Straight 6 Cylinder Engine Gasoline Fuel,6-Speed M/T,Gray,Orange,None reported,Yes,84900.0,3,56.562291805463026,375.0
BMW,X7 xDrive40i,2022,38671,Hybrid,3.0 Liter Turbo,Automatic,Gray,Blk,None reported,Yes,66998.0,4,1.7324679354571784,7734.2
Jeep,Wrangler Unlimited X,2007,135465,Gasoline,205.0HP 3.8L V6 Cylinder Engine Gasoline Fuel,A/T,Black,Gray,None reported,Yes,15750.0,19,0.11626533595145645,6773.25
MINI,Countryman Cooper S ALL4,2014,79000,Gasoline,181.0HP 1.6L 4 Cylinder Engine Gasoline Fuel,Transmission w/Dual Shift Mode,White,Black,None reported,Yes,17000.0,12,0.2151871495297528,6076.923076923077
Nissan,Maxima SV,2012,42259,Gasoline,290.0HP 3.5L V6 Cylinder Engine Gasoline Fuel,CVT Transmission,Black,Black,At least 1 accident or damage reported,Yes,17000.0,14,0.4022716516800757,2817.266666666667
Toyota,Camry Solara SLE V6,2006,159890,Gasoline,225.0HP 3.3L V6 Cylinder Engine Gasoline Fuel,A/T,Blue,Gray,At least 1 accident or damage reported,Yes,6500.0,20,0.040652694648229105,7613.809523809524
Maserati,Grecale Modena,2023,2200,Hybrid,325.0HP 2.0L 4 Cylinder Engine Gasoline/Mild Electric Hybrid,Transmission w/Dual Shift Mode,Black,Red,None reported,Yes,75000.0,3,34.075420263516584,550.0
Lexus,RX 450h Base,2022,15833,Hybrid,308.0HP 3.5L V6 Cylinder Engine Gas/Electric Hybrid,CVT Transmission,White,Beige,None reported,Yes,52000.0,4,3.284072249589491,3166.6
BMW,328 i xDrive,2013,96000,Gasoline,240.0HP 2.0L 4 Cylinder Engine Gasoline Fuel,Transmission w/Dual Shift Mode,Black,Black,At least 1 accident or damage reported,Yes,13500.0,13,0.14062353517150863,6857.142857142857
BMW,135 i,2009,72900,Gasoline,300.0HP 3.0L Straight 6 Cylinder Engine Gasoline Fuel,6-Speed A/T,Gray,Gray,None reported,Yes,15500.0,17,0.212617110876394,4050.0
BMW,X7 M50i,2021,7121,Gasoline,4.4 Liter Twin Turbo,Automatic,Gray,Black,None reported,Yes,94998.0,5,13.338668913226622,1186.8333333333333
Hyundai,Tucson Hybrid SEL Convenience,2023,3402,Hybrid,226.0HP 1.6L 4 Cylinder Engine Gas/Electric Hybrid,A/T,White,Black,None reported,Yes,44000.0,3,12.929767851895386,850.5
Volvo,C30 T5 Premier Plus,2013,73000,Gasoline,227.0HP 2.5L 5 Cylinder Engine Gasoline Fuel,A/T,Silver,Black,None reported,Yes,13900.0,13,0.19040835057054012,5214.285714285715
Karma,Revero Base,2018,21000,Gasoline,403.0HP 2.0L Electric Motor Electric Fuel System,A/T,White,Black,None reported,Yes,51000.0,8,2.428455787819628,2333.3333333333335
BMW,X7 xDrive40i,2021,30309,Hybrid,3.0 Liter Turbo,Automatic,Blue,Tan,None reported,Yes,63598.0,5,2.098251402177499,5051.5
Ford,Mustang Mach-E California Route 1,2021,24000,Gasoline,290.0HP Electric Motor Electric Fuel System,1-Speed A/T,White,Black,None reported,Yes,38000.0,5,1.5832673638598391,4000.0
BMW,740 i,2016,73000,Gasoline,320.0HP 3.0L Straight 6 Cylinder Engine Gasoline Fuel,Transmission w/Dual Shift Mode,Black,Black,None reported,Yes,23999.0,10,0.32874892124765415,6636.363636363636
Ford,Edge SEL,2019,26465,Gasoline,2.0L I4 16V GDI DOHC Turbo,8-Speed Automatic,White Platinum Tri-Coat Metallic,Ebony,None reported,Yes,24998.0,7,0.9445326078742537,3308.125
Volkswagen,Arteon 2.0T SEL Premium R-Line,2020,26870,Gasoline,2.0L I4 16V GDI DOHC Turbo,8-Speed Automatic,Deep Black Pearl Effect,Mistral Gray / Raven,At least 1 accident or damage reported,Yes,34645.0,6,1.2893081761006289,3838.5714285714284
Honda,Pilot EX,2004,184000,Gasoline,240.0HP 3.5L V6 Cylinder Engine Gasoline Fuel,A/T,Blue,Gray,At least 1 accident or damage reported,Yes,10500.0,22,0.057064907255938824,8000.0
BMW,X7 ALPINA XB7,2022,4514,Gasoline,4.4 Liter Twin Turbo,Automatic,Gray,Black,None reported,Yes,132998.0,4,29.456921373200444,902.8
RAM,2500 Tradesman,2022,1300,Gasoline,410.0HP 6.4L 8 Cylinder Engine Gasoline Fuel,8-Speed A/T,Red,Black,None reported,Yes,48000.0,4,36.89469638739431,260.0
Jeep,Grand Cherokee Limited,2018,49924,Gasoline,293.0HP 3.6L V6 Cylinder Engine Gasoline Fuel,8-Speed A/T,White,Black,None reported,Yes,26500.0,8,0.5307961942914372,5547.111111111111
GMC,Yukon Denali,2019,36526,Gasoline,420.0HP 6.2L 8 Cylinder Engine Gasoline Fuel,10-Speed A/T,Red,Black,None reported,Yes,57850.0,7,1.5837599583869466,4565.75
BMW,M6 Base,2015,37000,Gasoline,560.0HP 4.4L 8 Cylinder Engine Gasoline Fuel,Transmission w/Dual Shift Mode,Silver,Silver,None reported,Yes,45950.0,11,1.2418583281532931,3083.3333333333335
Acura,MDX 3.5L w/Advance & Entertainment Pkgs,2017,79884,Gasoline,3.5L V6 24V GDI SOHC,9-Speed Automatic,Gray,Graystone,At least 1 accident or damage reported,Yes,24840.0,9,0.3109469862927959,7988.4
Volkswagen,Beetle 1.8T,2016,30000,Gasoline,170.0HP 1.8L 4 Cylinder Engine Gasoline Fuel,Transmission w/Dual Shift Mode,Blue,Beige,At least 1 accident or damage reported,Yes,19000.0,10,0.6333122229259025,2727.2727272727275
BMW,X6 M Base,2021,11102,Gasoline,600.0HP 4.4L 8 Cylinder Engine Gasoline Fuel,8-Speed A/T,Black,Black,None reported,Yes,101000.0,5,9.096640547599748,1850.3333333333333
Ford,Mustang GT Premium,2012,105500,Gasoline,412.0HP 5.0L 8 Cylinder Engine Gasoline Fuel,6-Speed M/T,Silver,Black,None reported,Yes,19000.0,14,0.18009307968644847,7033.333333333333
BMW,X7 xDrive50i,2019,31157,Gasoline,4.4 Liter GDI DOHC Twin Turbo,Automatic,Black,Blk,None reported,Yes,65998.0,7,2.118171898067912,3894.625
Kia,Sorento LX V6,2019,86204,Gasoline,3.3L V6 24V GDI DOHC,8-Speed Automatic,Sparkling Silver,Satin Black,At least 1 accident or damage reported,Yes,20708.0,7,0.24021808479786555,10775.5
BMW,435 i,2014,80211,Gasoline,300.0HP 3.0L Straight 6 Cylinder Engine Gasoline Fuel,A/T,Gray,Red,At least 1 accident or damage reported,Yes,17995.0,12,0.22434299107365482,6170.076923076923
Aston,Martin V8 Vantage Base,2010,25991,Gasoline,420.0HP 4.7L 8 Cylinder Engine Gasoline Fuel,6-Speed A/T,Silver,Black,None reported,Yes,69995.0,16,2.692943982763927,1528.8823529411766
Mercedes-Benz,CLK-Class CLK 350,2008,73000,Gasoline,268.0HP 3.5L V6 Cylinder Engine Gasoline Fuel,7-Speed A/T,Black,Black,None reported,Yes,8400.0,18,0.11506691689154944,3842.1052631578946
BMW,740 i,2018,40989,Gasoline,320.0HP 3.0L Straight 6 Cylinder Engine Gasoline Fuel,8-Speed A/T,Black,Gold,None reported,Yes,35000.0,8,0.8538667967797023,4554.333333333333
Dodge,Caliber Express,2010,102681,Gasoline,158.0HP 2.0L 4 Cylinder Engine Gasoline Fuel,M/T,Red,Black,None reported,Yes,6000.0,16,0.05843283146023646,6040.058823529412
Acura,ZDX Base,2010,123000,Gasoline,300.0HP 3.7L V6 Cylinder Engine Gasoline Fuel,Transmission w/Dual Shift Mode,Black,Black,At least 1 accident or damage reported,Yes,13888.0,16,0.11290965114104763,7235.294117647059
Jeep,Wrangler X,2005,160900,Gasoline,190.0HP 4.0L Straight 6 Cylinder Engine Gasoline Fuel,4-Speed A/T,Black,–,At least 1 accident or damage reported,Yes,7200.0,21,0.04474801275318364,7313.636363636364
BMW,M3 Base,2011,105000,Gasoline,414.0HP 4.0L 8 Cylinder Engine Gasoline Fuel,6-Speed M/T,Silver,Black,At least 1 accident or damage reported,Yes,21900.0,15,0.2085694421957886,6562.5
Kia,Sportage Plug-In Hybrid X-Line,2023,1340,Plug-In Hybrid,177.0HP 1.6L 4 Cylinder Engine Plug-In Electric/Gas,A/T,Black,Black,None reported,Yes,41000.0,3,30.574198359433257,335.0
Ford,Mustang Mach-E Premium,2021,17850,Gasoline,266.0HP Electric Motor Electric Fuel System,A/T,Red,Black,None reported,Yes,41999.0,5,2.35275334715142,2975.0
BMW,M3 Base,2011,72277,Gasoline,414.0HP 4.0L 8 Cylinder Engine Gasoline Fuel,Transmission w/Dual Shift Mode,Gray,Red,None reported,Yes,34950.0,15,0.48354962782589445,4517.3125
Jeep,Wrangler Rubicon,2023,7000,Hybrid,285.0HP 3.6L V6 Cylinder Engine Gasoline/Mild Electric Hybrid,8-Speed A/T,Gray,Black,None reported,Yes,46000.0,3,6.570489930009998,1750.0
Porsche,Panamera 4 Platinum Edition,2022,10627,Gasoline,"2.9L V-6 gasoline direct injection, DOHC, variable valve control","Automatic, 8-Spd PDK Dual-Clutch",Chalk,BLACK,None reported,Yes,99000.0,4,9.31501693639443,2125.4
Ford,Explorer XLT,2020,67015,Gasoline,2.3L I4 16V GDI DOHC Turbo,10-Speed Automatic,Oxford White,Sandstone,None reported,Yes,28590.0,6,0.4266145398113883,9573.57142857143
BMW,M4 Base,2018,19600,Gasoline,425.0HP 3.0L Straight 6 Cylinder Engine Gasoline Fuel,7-Speed A/T,Black,Black,At least 1 accident or damage reported,Yes,62000.0,8,3.163103923269221,2177.777777777778
Ford,Mustang Mach-E Premium,2022,5800,Gasoline,346.0HP Electric Motor Electric Fuel System,1-Speed A/T,White,White,None reported,Yes,42500.0,4,7.326323047750388,1160.0
FIAT,500e Battery Electric,2017,33812,Gasoline,111.0HP Electric Motor Electric Fuel System,1-Speed A/T,Silver,Black,None reported,Yes,14999.0,9,0.44358678614733976,3381.2
Cadillac,Escalade Luxury,2015,99897,Gasoline,420.0HP 6.2L 8 Cylinder Engine Gasoline Fuel,8-Speed A/T,Black,Black,None reported,Yes,26950.0,11,0.26977517067408757,8324.75
Mercedes-Benz,SL-Class SL 550,2014,127500,Gasoline,429.0HP 4.7L 8 Cylinder Engine Gasoline Fuel,Transmission w/Dual Shift Mode,White,White,None reported,Yes,29000.0,12,0.22744919647689038,9807.692307692309
Ford,Expedition Limited,2021,23842,Gasoline,3.5L V6 24V PDI DOHC Twin Turbo,10-Speed Automatic,Gray,Medium Stone,None reported,Yes,59203.0,5,2.4830348529966866,3973.6666666666665
Rivian,R1S Adventure Package,2023,2108,Gasoline,835.0HP Electric Motor Electric Fuel System,1-Speed A/T,Silver,White,None reported,Yes,91000.0,3,43.1484115694642,527.0
BMW,M6 Base,2014,65550,Gasoline,560.0HP 4.4L 8 Cylinder Engine Gasoline Fuel,Transmission w/Dual Shift Mode,Black,Black,None reported,Yes,39985.0,12,0.6099830666198838,5042.307692307692
Lamborghini,Huracan LP580-2,2017,22000,Gasoline,573.0HP 5.2L 10 Cylinder Engine Gasoline Fuel,Transmission w/Dual Shift Mode,White,Black,None reported,Yes,210000.0,9,9.545020680878142,2200.0
Ford,Bronco Wildtrak Advanced,2022,15600,Gasoline,315.0HP 2.7L V6 Cylinder Engine Gasoline Fuel,Transmission w/Dual Shift Mode,Gray,–,At least 1 accident or damage reported,Yes,68995.0,4,4.422472918402667,3120.0
Lexus,LC 500 Base,2021,22400,Gasoline,471.0HP 5.0L 8 Cylinder Engine Gasoline Fuel,A/T,White,Red,None reported,Yes,81900.0,5,3.6560867818400964,3733.3333333333335
Lexus,LS 460 Crafted Line,2015,89150,Gasoline,360.0HP 4.6L 8 Cylinder Engine Gasoline Fuel,A/T,White,Black,None reported,Yes,31900.0,11,0.3578198786328813,7429.166666666667
BMW,M4 Base,2023,15000,Gasoline,"3L I-6 gasoline direct injection, DOHC, Double VANOS variable va","Automatic, 8-Spd M STEPTRONIC w/Drivelogic, Sport & Manual Modes",BLUE,ORANGE,None reported,Yes,81000.0,3,5.3996400239984,3750.0
Audi,A3 2.0T Tech Premium,2018,49500,Gasoline,220.0HP 2.0L 4 Cylinder Engine Gasoline Fuel,6-Speed A/T,Blue,Gray,None reported,Yes,25000.0,8,0.5050403022161168,5500.0
Audi,S8 4.2 quattro,2003,126000,Gasoline,360.0HP 4.2L 8 Cylinder Engine Gasoline Fuel,Transmission w/Dual Shift Mode,Gray,Black,None reported,Yes,13850.0,23,0.10991976254156713,5250.0
Volkswagen,Golf GTI 2.0T Autobahn 4-Door,2015,85385,Gasoline,210.0HP 2.0L 4 Cylinder Engine Gasoline Fuel,6-Speed M/T,Gray,Black,None reported,Yes,15550.0,11,0.18211416391445903,7115.416666666667
Cadillac,Escalade Sport,2023,3000,Diesel,277.0HP 3.0L Straight 6 Cylinder Engine Diesel Fuel,A/T,White,Brown,None reported,Yes,123999.0,3,41.319226924358546,750.0
Hyundai,Tucson SE,2018,66126,Gasoline,2.0L I4 16V GDI DOHC,6-Speed Automatic,Dazzling White,Gray,None reported,Yes,19190.0,8,0.29019916221815595,7347.333333333333
Toyota,GR86 Premium,2023,1075,Gasoline,228.0HP 2.4L 4 Cylinder Engine Gasoline Fuel,6-Speed M/T,White,Black,None reported,Yes,35000.0,3,32.52788104089219,268.75
Ford,Bronco Raptor,2023,2489,Gasoline,3.0L V6 24V GDI DOHC Twin Turbo,10-Speed Automatic,Oxford White,Black Onyx,None reported,Yes,98900.0,3,39.71887550200803,622.25
Hyundai,Santa Fe SEL,2021,25000,Gasoline,191.0HP 2.5L 4 Cylinder Engine Gasoline Fuel,8-Speed A/T,Black,Gray,None reported,Yes,28500.0,5,1.139954401823927,4166.666666666667
Nissan,Armada Platinum,2017,92000,Gasoline,390.0HP 5.6L 8 Cylinder Engine Gasoline Fuel,7-Speed A/T,Black,Black,None reported,Yes,20900.0,9,0.22717144378865448,9200.0
Lexus,GX 470 Base,2008,123500,Gasoline,263.0HP 4.7L 8 Cylinder Engine Gasoline Fuel,A/T,White,Gray,At least 1 accident or damage reported,Yes,14500.0,18,0.11740795621088089,6500.0
Cadillac,CTS Premium,2013,105000,Gasoline,318.0HP 3.6L V6 Cylinder Engine Gasoline Fuel,6-Speed A/T,Black,Black,At least 1 accident or damage reported,Yes,12000.0,13,0.11428462586070609,7500.0
Audi,R8 Base,2008,49000,Gasoline,420.0HP 4.2L 8 Cylinder Engine Gasoline Fuel,6-Speed M/T,Black,Black,None reported,Yes,63000.0,18,1.2856880471827106,2578.9473684210525
Jaguar,F-PACE S,2020,28357,Gasoline,3.0 Liter,Automatic,Santorini Black Metallic,Pimento Red w/Ebony,None reported,Yes,47598.0,6,1.6784681571337894,4051.0
Chevrolet,Silverado 1500 1LT,2018,81000,E85 Flex Fuel,285.0HP 4.3L V6 Cylinder Engine Flex Fuel Capability,A/T,Red,Gray,None reported,Yes,32000.0,8,0.3950568511499858,9000.0
Ford,Expedition Limited,2021,45000,Gasoline,375.0HP 3.5L V6 Cylinder Engine Gasoline Fuel,Transmission w/Dual Shift Mode,Gray,Black,None reported,Yes,52000.0,5,1.1555298771138418,7500.0
Toyota,Sequoia Platinum,2011,173456,E85 Flex Fuel,381.0HP 5.7L 8 Cylinder Engine Flex Fuel Capability,6-Speed A/T,Black,Gray,At least 1 accident or damage reported,Yes,16000.0,15,0.09224188127316857,10841.0
BMW,M440 i,2021,13700,Hybrid,382.0HP 3.0L Straight 6 Cylinder Engine Gasoline/Mild Electric Hybrid,8-Speed A/T,Black,Beige,None reported,Yes,60000.0,5,4.379242391066345,2283.3333333333335
Audi,A8 L 55,2019,93400,Hybrid,335.0HP 3.0L V6 Cylinder Engine Gasoline/Mild Electric Hybrid,A/T,Silver,Brown,None reported,Yes,42500.0,7,0.4550272481022687,11675.0
Toyota,Avalon XLE,2015,90000,Gasoline,268.0HP 3.5L V6 Cylinder Engine Gasoline Fuel,6-Speed A/T,White,Beige,None reported,Yes,18200.0,11,0.20221997533360742,7500.0
Porsche,Macan Base,2017,40600,Gasoline,252.0HP 2.0L 4 Cylinder Engine Gasoline Fuel,7-Speed A/T,Gray,Black,None reported,Yes,32000.0,9,0.7881579271446516,4060.0
Lexus,IS 350 F Sport,2023,20121,Gasoline,311.0HP 3.5L V6 Cylinder Engine Gasoline Fuel,8-Speed A/T,Gray,Red,None reported,Yes,47124.0,3,2.341914322631945,5030.25
Mercedes-Benz,Metris Base,2020,3921,Gasoline,2.0L I4 16V GDI DOHC Turbo,7-Speed Automatic,Black,White,None reported,Yes,175000.0,6,44.620091789903114,560.1428571428571
Lexus,RX 350 Base,2011,187450,Gasoline,275.0HP 3.5L V6 Cylinder Engine Gasoline Fuel,A/T,Silver,Beige,At least 1 accident or damage reported,Yes,10400.0,15,0.05548116574464793,11715.625
Toyota,Supra A91 Edition,2021,6400,Gasoline,382.0HP 3.0L Straight 6 Cylinder Engine Gasoline Fuel,Transmission w/Dual Shift Mode,Gray,Black,None reported,Yes,68000.0,5,10.62334010310889,1066.6666666666667
Mercedes-Benz,AMG C 43 Base 4MATIC,2017,54500,Gasoline,362.0HP 3.0L V6 Cylinder Engine Gasoline Fuel,9-Speed A/T,White,Black,None reported,Yes,37995.0,9,0.6971431716849232,5450.0
BMW,X6 xDrive50i,2017,78500,Gasoline,445.0HP 4.4L 8 Cylinder Engine Gasoline Fuel,8-Speed A/T,Red,Brown,At least 1 accident or damage reported,Yes,42000.0,9,0.5350250315282608,7850.0
Chevrolet,Tahoe LT,2018,75000,Gasoline,355.0HP 5.3L 8 Cylinder Engine Gasoline Fuel,6-Speed A/T,Silver,Black,None reported,Yes,36000.0,8,0.4799936000853322,8333.333333333334
Ford,F-150 SVT Raptor,2014,89988,Gasoline,411.0HP 6.2L 8 Cylinder Engine Gasoline Fuel,A/T,Red,Red,At least 1 accident or damage reported,Yes,42500.0,12,0.472279945326651,6922.153846153846
Subaru,Outback 3.0 R VDC Limited,2005,107000,Gasoline,250.0HP 3.0L Flat 6 Cylinder Engine Gasoline Fuel,A/T,Gold,Beige,None reported,Yes,7100.0,21,0.06635452005121448,4863.636363636364
Alfa,Romeo Giulia Ti,2019,21400,Gasoline,280.0HP 2.0L 4 Cylinder Engine Gasoline Fuel,8-Speed A/T,White,Black,None reported,Yes,28500.0,7,1.3317134713331154,2675.0
Mazda,CX-7 Grand Touring,2007,83150,Gasoline,244.0HP 2.3L 4 Cylinder Engine Gasoline Fuel,6-Speed A/T,White,Beige,None reported,Yes,6950.0,19,0.0835828793399959,4157.5
Ford,F-150 Platinum,2018,92000,Diesel,250.0HP 3.0L V6 Cylinder Engine Diesel Fuel,10-Speed A/T,Black,Black,At least 1 accident or damage reported,Yes,36500.0,8,0.39673481809980327,10222.222222222223
Mercedes-Benz,GLE 350 Base 4MATIC,2021,15042,Gasoline,2.0L I4 16V GDI DOHC Turbo,9-Speed Automatic,Selenite Gray Metallic,Macchiato,None reported,Yes,54599.0,5,3.6295286844379446,2507.0
Audi,A7 3.0T Premium Plus,2017,39000,Gasoline,333.0HP 3.0L V6 Cylinder Engine Gasoline Fuel,Transmission w/Dual Shift Mode,Black,Black,At least 1 accident or damage reported,Yes,35000.0,9,0.8974128868490552,3900.0
RAM,2500 Laramie,2017,67483,Gasoline,410.0HP 6.4L 8 Cylinder Engine Gasoline Fuel,6-Speed A/T,Brown,Beige,At least 1 accident or damage reported,Yes,46500.0,9,0.6890522197854306,6748.3
Tesla,Model S 70D,2015,62089,Gasoline,329.0HP Electric Motor Electric Fuel System,A/T,Black,Beige,None reported,Yes,29975.0,11,0.4827669511998712,5174.083333333333
Audi,S8 4.0T Plus,2017,54300,Gasoline,605.0HP 4.0L 8 Cylinder Engine Gasoline Fuel,8-Speed A/T,Black,Black,None reported,Yes,53500.0,9,0.9852488904440065,5430.0
Hyundai,Sonata Hybrid Limited,2022,30565,Hybrid,192.0HP 2.0L 4 Cylinder Engine Gas/Electric Hybrid,A/T,Gray,Black,None reported,Yes,29000.0,4,0.9487666034155597,6113.0
Audi,A8 L 4.0T,2016,142666,Gasoline,450.0HP 4.0L 8 Cylinder Engine Gasoline Fuel,8-Speed A/T,Black,Black,At least 1 accident or damage reported,Yes,22000.0,10,0.15420524718400191,12969.636363636364
Ford,Ranger Sport SuperCab,2009,166200,Gasoline,207.0HP 4.0L V6 Cylinder Engine Gasoline Fuel,A/T,Blue,Gray,At least 1 accident or damage reported,Yes,6999.0,17,0.04211165997797847,9233.333333333334
INFINITI,Q50 Hybrid Premium,2015,88977,Hybrid,354.0HP 3.5L V6 Cylinder Engine Gas/Electric Hybrid,7-Speed A/T,Gray,Black,At least 1 accident or damage reported,Yes,19977.0,11,0.22451617253703163,7414.75
BMW,M3 Base,2011,114890,Gasoline,414.0HP 4.0L 8 Cylinder Engine Gasoline Fuel,Transmission w/Dual Shift Mode,White,Beige,None reported,Yes,20990.0,15,0.18269490212462247,7180.625
Mercedes-Benz,E-Class E 350 4MATIC,2009,171000,Gasoline,268.0HP 3.5L V6 Cylinder Engine Gasoline Fuel,5-Speed A/T,Black,Black,At least 1 accident or damage reported,Yes,4750.0,17,0.027777615335582834,9500.0
Ford,Explorer sport,2019,90067,Gasoline,3.5L V6 24V GDI DOHC Twin Turbo,6-Speed Automatic,Black,Ebony Black,None reported,Yes,28590.0,7,0.3174268330594662,11258.375
Chevrolet,Camaro 1LT,2014,97579,Gasoline,323.0HP 3.6L V6 Cylinder Engine Gasoline Fuel,Transmission w/Dual Shift Mode,Black,Black,At least 1 accident or damage reported,Yes,15000.0,12,0.15372002459520392,7506.076923076923
Mazda,MX-5 Miata RF Grand Touring,2017,52000,Gasoline,155.0HP 2.0L 4 Cylinder Engine Gasoline Fuel,6-Speed M/T,Black,Black,At least 1 accident or damage reported,Yes,20500.0,9,0.39422318801561507,5200.0
Jeep,Grand Cherokee L Limited,2021,25968,Gasoline,3.6L V6 24V MPFI DOHC,8-Speed Automatic,Metallic,Global Black,None reported,Yes,38405.0,5,1.4788786630212947,4328.0
MINI,Hardtop Cooper S,2016,41680,Gasoline,189.0HP 2.0L 4 Cylinder Engine Gasoline Fuel,6-Speed A/T,Silver,Black,None reported,Yes,17495.0,10,0.41973561094983325,3789.090909090909
BMW,X5 xDrive40i,2019,50000,Gasoline,335.0HP 3.0L Straight 6 Cylinder Engine Gasoline Fuel,8-Speed A/T,Blue,Gold,None reported,Yes,43000.0,7,0.8599828003439931,6250.0
Porsche,Macan,2021,21613,Gasoline,2.0 Liter,Automatic,White,–,None reported,Yes,58998.0,5,2.729619690941057,3602.1666666666665
Audi,Q3 S line Premium Plus,2022,17377,Gasoline,2.0 Liter TFSI,Automatic,Glacier White,Pearl Beige,None reported,Yes,39998.0,4,2.3016457590056394,3475.4
GMC,Acadia SLE,2020,30426,Gasoline,2.5L I4 16V GDI DOHC,9-Speed Automatic,Ebony Twilight Metallic,Jet Black,None reported,Yes,29645.0,6,0.9742991422092221,4346.571428571428
Audi,allroad 2.7T,2005,153000,Gasoline,250.0HP 2.7L V6 Cylinder Engine Gasoline Fuel,M/T,Blue,Blue,At least 1 accident or damage reported,Yes,6500.0,21,0.04248338246155254,6954.545454545455
Mercury,Marauder Base,2004,56600,Gasoline,302.0HP 4.6L 8 Cylinder Engine Gasoline Fuel,Transmission Overdrive Switch,Silver,Black,None reported,Yes,23000.0,22,0.4063532446423208,2460.8695652173915
Hyundai,Genesis 3.8,2015,116612,Gasoline,311.0HP 3.8L V6 Cylinder Engine Gasoline Fuel,8-Speed A/T,White,White,At least 1 accident or damage reported,Yes,12700.0,11,0.10890724018762916,9717.666666666666
Audi,SQ5 3.0T Premium Plus,2018,72000,Gasoline,354.0HP 3.0L V6 Cylinder Engine Gasoline Fuel,A/T,Blue,Black,At least 1 accident or damage reported,Yes,30000.0,8,0.41666087971000404,8000.0
Audi,A8 L 55,2019,39000,Hybrid,335.0HP 3.0L V6 Cylinder Engine Gasoline/Mild Electric Hybrid,8-Speed A/T,Black,Brown,None reported,Yes,50000.0,7,1.2820184097843645,4875.0
Lincoln,Navigator Base,2008,149000,Gasoline,300.0HP 5.4L 8 Cylinder Engine Gasoline Fuel,A/T,Gold,Beige,None reported,Yes,10099.0,18,0.06777806860356642,7842.105263157895
BMW,M4 Base,2018,19300,Gasoline,425.0HP 3.0L Straight 6 Cylinder Engine Gasoline Fuel,6-Speed M/T,White,Silver,None reported,Yes,64000.0,8,3.3158903683746956,2144.4444444444443
Mazda,CX-9 Carbon Edition,2021,27836,Gasoline,2.5L I4 16V GDI DOHC Turbo,6-Speed Automatic,Polymetal Gray Metallic,Red,None reported,Yes,36969.0,5,1.3280525918741244,4639.333333333333
Chevrolet,Corvette Stingray w/1LT,2023,3273,Gasoline,490.0HP 6.2L 8 Cylinder Engine Gasoline Fuel,Transmission w/Dual Shift Mode,Black,Red,None reported,Yes,78999.0,3,24.129199755650582,818.25
Ford,F-150 Lariat,2017,74349,Gasoline,375.0HP 3.5L V6 Cylinder Engine Gasoline Fuel,10-Speed A/T,White,–,None reported,Yes,36000.0,9,0.484196368527236,7434.9
Ford,F-250 Lariat,2019,85000,Diesel,450.0HP 6.7L 8 Cylinder Engine Diesel Fuel,6-Speed A/T,White,Black,At least 1 accident or damage reported,Yes,55000.0,7,0.6470512111622216,10625.0
Ferrari,Roma Base,2022,2250,Gasoline,611.0HP 3.9L 8 Cylinder Engine Gasoline Fuel,8-Speed A/T,Gray,Blue,None reported,Yes,259500.0,4,115.2820968458463,450.0
Mercedes-Benz,GLS 450 Base 4MATIC,2017,46100,Gasoline,362.0HP 3.0L V6 Cylinder Engine Gasoline Fuel,9-Speed A/T,Black,Beige,At least 1 accident or damage reported,Yes,33000.0,9,0.7158196134574087,4610.0
Hyundai,Santa Fe SEL Plus 2.4,2019,49500,Gasoline,185.0HP 2.4L 4 Cylinder Engine Gasoline Fuel,8-Speed A/T,Silver,Gray,None reported,Yes,28000.0,7,0.5656451384820509,6187.5
Mercedes-Benz,E-Class E 350,2012,31130,Gasoline,302.0HP 3.5L V6 Cylinder Engine Gasoline Fuel,7-Speed A/T,Black,Black,None reported,Yes,23500.0,14,0.7548745623333655,2075.3333333333335
Ford,F-250 XLT SuperCab Super Duty,2008,149460,Diesel,350.0HP 6.4L 8 Cylinder Engine Diesel Fuel,A/T,Blue,Gray,At least 1 accident or damage reported,Yes,12240.0,18,0.08189427342249818,7866.315789473684
Mercury,Marauder Base,2003,90000,Gasoline,302.0HP 4.6L 8 Cylinder Engine Gasoline Fuel,4-Speed A/T,Blue,Beige,At least 1 accident or damage reported,Yes,15500.0,23,0.17222030866323706,3750.0
Ford,Transit-350 XLT,2021,48000,E85 Flex Fuel,275.0HP 3.5L V6 Cylinder Engine Flex Fuel Capability,A/T,White,Gray,None reported,Yes,57000.0,5,1.187475260932064,8000.0
Mercedes-Benz,C-Class C 300 4MATIC Sport,2013,98000,Gasoline,248.0HP 3.5L V6 Cylinder Engine Gasoline Fuel,A/T,White,Beige,At least 1 accident or damage reported,Yes,15500.0,13,0.15816165141172028,7000.0
Volkswagen,Arteon SEL R-Line,2022,18655,Gasoline,2.0 Liter TSI,Automatic,Oryx White Prl,Titan Black,None reported,Yes,38698.0,4,2.0742924528301887,3731.0
Chevrolet,Suburban 2500 LS,2006,60000,Gasoline,325.0HP 8.1L 8 Cylinder Engine Gasoline Fuel,A/T,Brown,Brown,At least 1 accident or damage reported,Yes,24950.0,20,0.4158264028932851,2857.1428571428573
Chevrolet,Suburban 1500 LT,2014,169500,E85 Flex Fuel,320.0HP 5.3L 8 Cylinder Engine Flex Fuel Capability,A/T,Purple,Brown,None reported,Yes,15000.0,12,0.08849505312653022,13038.461538461539
Mitsubishi,Eclipse GS,2008,189500,Gasoline,162.0HP 2.4L 4 Cylinder Engine Gasoline Fuel,5-Speed M/T,Red,Black,None reported,Yes,6000.0,18,0.031662102046954896,9973.684210526315
Toyota,Land Cruiser Base,2016,91000,Gasoline,381.0HP 5.7L 8 Cylinder Engine Gasoline Fuel,A/T,Black,Brown,None reported,Yes,68500.0,10,0.7527389808903199,8272.727272727272
Genesis,G80 2.5T,2022,7396,Gasoline,2.5L I4 16V PDI DOHC Turbo,8-Speed Automatic,Black Forest Green,Black,None reported,Yes,41299.0,4,5.583209409219954,1479.2
Toyota,Tundra SR5 Access Cab,2004,229450,Gasoline,240.0HP 4.7L 8 Cylinder Engine Gasoline Fuel,A/T,Gray,Gray,None reported,Yes,8250.0,22,0.03595538916805767,9976.08695652174
Maserati,Quattroporte Modena Q4,2023,8603,Gasoline,3.0L V6 24V GDI DOHC Twin Turbo,8-Speed Automatic,Blu,Tan,None reported,Yes,125900.0,3,14.632728963272896,2150.75
Audi,RS 5 4.2,2014,49098,Gasoline,450.0HP 4.2L 8 Cylinder Engine Gasoline Fuel,Transmission w/Dual Shift Mode,White,Black,At least 1 accident or damage reported,Yes,44900.0,12,0.914478909957433,3776.769230769231
Nissan,Rogue S,2022,21212,Gasoline,1.5L I3 12V GDI DOHC Turbo,Automatic CVT,Gun Metallic,Charcoal,None reported,Yes,28906.0,4,1.3626549757224344,4242.4
Porsche,Panamera 4S,2010,62743,Gasoline,400.0HP 4.8L 8 Cylinder Engine Gasoline Fuel,Transmission w/Dual Shift Mode,Silver,Gray,None reported,Yes,28600.0,16,0.45582047685834504,3690.764705882353
BMW,M440 i xDrive,2021,24300,Hybrid,382.0HP 3.0L Straight 6 Cylinder Engine Gasoline/Mild Electric Hybrid,8-Speed A/T,Gray,Beige,None reported,Yes,49999.0,5,2.057487346199745,4050.0
Cadillac,Escalade Premium,2010,104000,E85 Flex Fuel,403.0HP 6.2L 8 Cylinder Engine Flex Fuel Capability,A/T,Gray,–,None reported,Yes,19500.0,16,0.18749819713271987,6117.64705882353
Volvo,S60 T6 Momentum,2020,46250,Gasoline,2.0L I4 16V GDI DOHC,8-Speed Automatic,White,Charcoal,At least 1 accident or damage reported,Yes,27800.0,6,0.601068085014378,6607.142857142857
Mazda,CX-9 Touring Plus,2023,1930,Gasoline,2.5L I4 16V GDI DOHC Turbo,6-Speed Automatic,Jet Black Mica,Black,At least 1 accident or damage reported,Yes,40655.0,3,21.05385810460901,482.5
Chrysler,Pacifica Hybrid Touring L,2022,61494,Hybrid,3.6L V6 24V MPFI DOHC Hybrid,Automatic CVT,Bright White Clearcoat,Black,None reported,Yes,35850.0,4,0.5829742255467925,12298.8
Jeep,Wrangler Unlimited Sport,2020,24040,Gasoline,2.0L I4 16V GDI DOHC Turbo,8-Speed Automatic,Black Clearcoat,Black,None reported,Yes,35273.0,6,1.4672018634832162,3434.285714285714
Ford,F-150 Lariat,2019,81000,Gasoline,375.0HP 3.5L V6 Cylinder Engine Gasoline Fuel,10-Speed A/T,Gray,Black,None reported,Yes,38500.0,7,0.4753027740398267,10125.0
Land,Rover Discovery Sport S R-Dynamic,2022,23568,Gasoline,2.0 Liter,Automatic,Firenze Red,Ebony,None reported,Yes,44998.0,4,1.9092027663456235,4713.6
Mazda,Mazda6 Touring,2020,78700,Gasoline,187.0HP 2.5L 4 Cylinder Engine Gasoline Fuel,A/T,White,Black,None reported,Yes,18000.0,6,0.22871373934257505,11242.857142857143
Kia,Optima EX,2015,109580,Gasoline,192.0HP 2.4L 4 Cylinder Engine Gasoline Fuel,6-Speed A/T,Red,Black,At least 1 accident or damage reported,Yes,11900.0,11,0.10859546819247862,9131.666666666666
Lexus,RX 350 Base,2009,178000,Gasoline,270.0HP 3.5L V6 Cylinder Engine Gasoline Fuel,A/T,Gray,Gray,At least 1 accident or damage reported,Yes,4500.0,17,0.02528075684968062,9888.888888888889
Mitsubishi,Outlander Sport 2.4 SE,2016,131193,Gasoline,2.4L I4 16V MPFI DOHC,Automatic CVT,Black,Black,None reported,Yes,11970.0,10,0.09123892860954007,11926.636363636364
Mercedes-Benz,GLS 450 Base 4MATIC,2017,106000,Gasoline,362.0HP 3.0L V6 Cylinder Engine Gasoline Fuel,9-Speed A/T,White,Black,None reported,Yes,25900.0,9,0.24433731757247573,10600.0
Audi,A3 2.0T Premium,2019,28211,Gasoline,184.0HP 2.0L 4 Cylinder Engine Gasoline Fuel,Transmission w/Dual Shift Mode,Gray,Black,At least 1 accident or damage reported,Yes,27500.0,7,0.9747625124060684,3526.375
Audi,A4 2.0T Premium,2015,91403,E85 Flex Fuel,2.0L I4 16V GDI DOHC Turbo Flexible Fuel,8-Speed Automatic,Silver,Gray,None reported,Yes,14998.0,11,0.16408472276924424,7616.916666666667
Mercedes-Benz,CLA-Class CLA 250,2016,88600,Gasoline,208.0HP 2.0L 4 Cylinder Engine Gasoline Fuel,A/T,Black,Black,At least 1 accident or damage reported,Yes,16800.0,10,0.1896141127075315,8054.545454545455
INFINITI,FX50 Base,2011,84900,Gasoline,390.0HP 5.0L 8 Cylinder Engine Gasoline Fuel,7-Speed A/T,Silver,Black,None reported,Yes,22450.0,15,0.2644256251398688,5306.25
Kia,K5 EX,2021,11154,Gasoline,1.6L I4 16V GDI DOHC Turbo,8-Speed Automatic,Glacial White Pearl,Black,None reported,Yes,28998.0,5,2.5995517705064994,1859.0
BMW,X5 eDrive xDrive40e,2018,45090,Plug-In Hybrid,313.0HP 2.0L 4 Cylinder Engine Plug-In Electric/Gas,8-Speed A/T,Gray,Black,At least 1 accident or damage reported,Yes,30750.0,8,0.6819542702534874,5010.0
Mercedes-Benz,SLK-Class SLK230 Kompressor,2003,33272,Gasoline,192.0HP 2.3L 4 Cylinder Engine Gasoline Fuel,A/T,Red,Gray,At least 1 accident or damage reported,Yes,11900.0,23,0.35764734168845613,1386.3333333333333
Jeep,Wrangler SE,2003,71000,Gasoline,150.0HP 2.4L 4 Cylinder Engine Gasoline Fuel,5-Speed M/T,Red,Gray,None reported,Yes,12499.0,23,0.1760397740876889,2958.3333333333335
Kia,Telluride SX,2020,55400,Gasoline,291.0HP 3.8L V6 Cylinder Engine Gasoline Fuel,8-Speed A/T,Green,White,None reported,Yes,36500.0,6,0.658832873052833,7914.285714285715
Land,Rover LR4 Lux,2012,141525,Gasoline,375.0HP 5.0L 8 Cylinder Engine Gasoline Fuel,A/T,Black,Black,None reported,Yes,14490.0,14,0.10238401424473241,9435.0
Jaguar,XKR Base,2007,50000,Gasoline,420.0HP 4.2L 8 Cylinder Engine Gasoline Fuel,Transmission w/Dual Shift Mode,Black,Beige,At least 1 accident or damage reported,Yes,21900.0,19,0.4379912401751965,2500.0
BMW,M4 Base,2020,29140,Gasoline,425.0HP 3.0L Straight 6 Cylinder Engine Gasoline Fuel,M/T,Orange,Orange,None reported,Yes,71995.0,6,2.470574105212587,4162.857142857143
BMW,M340 i xDrive,2022,9000,Hybrid,382.0HP 3.0L Straight 6 Cylinder Engine Gasoline/Mild Electric Hybrid,8-Speed A/T,White,Red,None reported,Yes,56900.0,4,6.321519831129875,1800.0
Mercedes-Benz,AMG GLE 53 AMG GLE 53,2021,5595,Hybrid,3.0 Liter Turbo,Automatic,designo Diamond White Metallic,Black,None reported,Yes,83598.0,5,14.938884917798427,932.5
RAM,1500 Laramie,2022,34121,Gasoline,5.7L V8 16V MPFI OHV,Automatic,Granite Crystal Clearcoat Metallic,Black,None reported,Yes,48190.0,4,1.412285329113182,6824.2
BMW,ALPINA B7 Base,2013,36750,Gasoline,445.0HP 4.4L 8 Cylinder Engine Gasoline Fuel,A/T,Black,Black,None reported,Yes,35999.0,13,0.9795379717558705,2625.0
Mercedes-Benz,C-Class C280 4MATIC,2007,49626,Gasoline,228.0HP 3.0L V6 Cylinder Engine Gasoline Fuel,A/T,White,–,None reported,Yes,12000.0,19,0.2418038567715155,2481.3
Jeep,Compass High Altitude,2017,45000,Gasoline,172.0HP 2.4L 4 Cylinder Engine Gasoline Fuel,A/T,White,Beige,At least 1 accident or damage reported,Yes,16500.0,9,0.36665851869958443,4500.0
Toyota,Highlander Hybrid XLE,2019,69350,Hybrid,306.0HP 3.5L V6 Cylinder Engine Gas/Electric Hybrid,A/T,Black,Gray,None reported,Yes,36000.0,7,0.5190984989401739,8668.75
BMW,X5 M Base,2022,8307,Gasoline,4.4L V8 32V GDI DOHC Twin Turbo,8-Speed Automatic,Blue Metallic,Sakhir Orange,None reported,Yes,98900.0,4,11.904188733750601,1661.4
BMW,M3 Base,2023,4106,Gasoline,3.0L I6 24V GDI DOHC Twin Turbo,6-Speed Manual,Isle of Man Green Metallic,Kyalami Orange,None reported,Yes,84645.0,3,20.609934258582907,1026.5
Maserati,Quattroporte S Q4 GranLusso,2018,57500,Gasoline,424.0HP 3.0L V6 Cylinder Engine Gasoline Fuel,8-Speed A/T,White,Brown,None reported,Yes,41900.0,8,0.7286829794264448,6388.888888888889
Acura,RDX Advance Package,2021,29000,Gasoline,272.0HP 2.0L 4 Cylinder Engine Gasoline Fuel,10-Speed A/T,Black,Black,None reported,Yes,39650.0,5,1.3671942346815626,4833.333333333333
Mercedes-Benz,GLA-Class GLA 250 4MATIC,2015,61675,Gasoline,208.0HP 2.0L 4 Cylinder Engine Gasoline Fuel,Transmission w/Dual Shift Mode,Gray,Black,At least 1 accident or damage reported,Yes,19000.0,11,0.30806148258641936,5139.583333333333
Mercedes-Benz,Sprinter 3500XD High Roof,2021,33300,Diesel,188.0HP 3.0L V6 Cylinder Engine Diesel Fuel,7-Speed A/T,White,Black,None reported,Yes,45000.0,5,1.3513107714483048,5550.0
Cadillac,XTS Luxury,2014,62950,Gasoline,304.0HP 3.6L V6 Cylinder Engine Gasoline Fuel,6-Speed A/T,Silver,Gray,At least 1 accident or damage reported,Yes,17498.0,12,0.27796222458737746,4842.307692307692
Chevrolet,Camaro 2LT,2015,56675,Gasoline,323.0HP 3.6L V6 Cylinder Engine Gasoline Fuel,Transmission w/Dual Shift Mode,Silver,Black,None reported,Yes,19750.0,11,0.34847201637377373,4722.916666666667
Porsche,Cayenne S,2013,92000,Gasoline,400.0HP 4.8L 8 Cylinder Engine Gasoline Fuel,8-Speed A/T,Green,Gray,None reported,Yes,23000.0,13,0.2499972826382322,6571.428571428572
Dodge,Magnum R/T,2005,96000,Gasoline,340.0HP 5.7L 8 Cylinder Engine Gasoline Fuel,5-Speed A/T,Gray,Gold,At least 1 accident or damage reported,Yes,12000.0,21,0.1249986979302299,4363.636363636364
INFINITI,Q70 3.7X,2014,33500,Gasoline,330.0HP 3.7L V6 Cylinder Engine Gasoline Fuel,7-Speed A/T,Black,Black,None reported,Yes,23000.0,12,0.6865466702486493,2576.923076923077
Land,Rover Range Rover SV Autobiography Dynamic SWB,2020,16754,Gasoline,557.0HP 5.0L 8 Cylinder Engine Gasoline Fuel,8-Speed A/T,White,White,None reported,Yes,112000.0,6,6.684571769621009,2393.4285714285716
Toyota,Camry Hybrid Base,2007,53249,Hybrid,147.0HP 2.4L 4 Cylinder Engine Gas/Electric Hybrid,A/T,Silver,Gray,At least 1 accident or damage reported,Yes,9250.0,19,0.17370892018779344,2662.45
GMC,Acadia SLT-1,2016,119000,Gasoline,281.0HP 3.6L V6 Cylinder Engine Gasoline Fuel,A/T,Gold,Brown,None reported,Yes,12500.0,10,0.10504113410811673,10818.181818181818
Lincoln,Corsair Reserve,2021,29336,Gasoline,2.0L I4 16V GDI DOHC Turbo,8-Speed Automatic,Black,Sandstone,None reported,Yes,36999.0,5,1.2611718989671745,4889.333333333333
RAM,2500 SLT,2017,86000,Diesel,350.0HP 6.7L Straight 6 Cylinder Engine Diesel Fuel,6-Speed A/T,Gray,Gray,At least 1 accident or damage reported,Yes,41000.0,9,0.47673864257392357,8600.0
RAM,3500 Laramie,2014,177000,Diesel,385.0HP 6.7L Straight 6 Cylinder Engine Diesel Fuel,6-Speed A/T,Black,–,At least 1 accident or damage reported,Yes,40500.0,12,0.22881226659736387,13615.384615384615
Mercedes-Benz,GL-Class GL 450 4MATIC,2013,93500,Gasoline,362.0HP 4.6L 8 Cylinder Engine Gasoline Fuel,A/T,Black,Black,At least 1 accident or damage reported,Yes,15900.0,13,0.17005165720152726,6678.571428571428
BMW,M5 Base,2018,47700,Gasoline,600.0HP 4.4L 8 Cylinder Engine Gasoline Fuel,8-Speed A/T,Red,White,At least 1 accident or damage reported,Yes,54999.0,8,1.1529946961279638,5300.0
Ford,Mustang SVT Cobra,2003,97496,Gasoline,390.0HP 4.6L 8 Cylinder Engine Gasoline Fuel,6-Speed M/T,Gray,Gray,None reported,Yes,24500.0,23,0.2512897832753828,4062.3333333333335
Acura,ILX Premium Package,2022,16120,Gasoline,2.4L I4 16V GDI DOHC,8-Speed Automatic with Auto-Shift,Gray,Ebony,None reported,Yes,26599.0,4,1.6499596799206004,3224.0
Buick,Rainier CXL,2005,147589,Gasoline,275.0HP 4.2L Straight 6 Cylinder Engine Gasoline Fuel,A/T,White,Beige,At least 1 accident or damage reported,Yes,2800.0,21,0.018971475032183754,6708.590909090909
Cadillac,Escalade Luxury,2013,95570,E85 Flex Fuel,403.0HP 6.2L 8 Cylinder Engine Flex Fuel Capability,A/T,Black,Black,At least 1 accident or damage reported,Yes,22000.0,13,0.23019535214657166,6826.428571428572
Mercedes-Benz,S-Class S 560,2018,45791,Gasoline,463.0HP 4.0L 8 Cylinder Engine Gasoline Fuel,9-Speed A/T,Gray,Gray,None reported,Yes,52000.0,8,1.1355695317959469,5087.888888888889
INFINITI,QX80 Base,2016,60000,Gasoline,400.0HP 5.6L 8 Cylinder Engine Gasoline Fuel,7-Speed A/T,Silver,Beige,At least 1 accident or damage reported,Yes,25950.0,10,0.43249279178680355,5454.545454545455
Buick,Encore Preferred,2019,50000,Gasoline,138.0HP 1.4L 4 Cylinder Engine Gasoline Fuel,6-Speed A/T,White,Black,None reported,Yes,18795.0,7,0.375892482150357,6250.0
Mercedes-Benz,GLS 450 Base 4MATIC,2019,33481,Gasoline,3.0L V6 24V GDI DOHC Twin Turbo,9-Speed Automatic,Black,Almond Beige,None reported,Yes,43999.0,7,1.314109073532047,4185.125
Jeep,Liberty Limited,2010,107000,Gasoline,210.0HP 3.7L V6 Cylinder Engine Gasoline Fuel,A/T,Gray,Gray,None reported,Yes,5900.0,16,0.05513967159185428,6294.117647058823
Mercedes-Benz,S-Class S 63 AMG,2011,60000,Gasoline,536.0HP 5.5L 8 Cylinder Engine Gasoline Fuel,Transmission w/Dual Shift Mode,White,Black,At least 1 accident or damage reported,Yes,37000.0,15,0.6166563890601823,3750.0
Audi,A8 L 3.0T,2016,55000,Gasoline,333.0HP 3.0L V6 Cylinder Engine Gasoline Fuel,A/T,White,Brown,None reported,Yes,28000.0,10,0.5090816530608534,5000.0
Mazda,CX-30 2.5 S Select Package,2022,4004,Gasoline,186.0HP 2.5L 4 Cylinder Engine Gasoline Fuel,6-Speed A/T,Black,Black,None reported,Yes,25500.0,4,6.367041198501872,800.8
Bentley,Continental GT Speed,2009,57800,Gasoline,600.0HP 6.0L 12 Cylinder Engine Gasoline Fuel,6-Speed A/T,Blue,Beige,None reported,Yes,59400.0,17,1.0276638812477292,3211.1111111111113
Bentley,Continental GT V8,2022,10972,Gasoline,4.0L V8 32V GDI DOHC Twin Turbo,8-Speed Automatic with Auto-Shift,Red,Black,None reported,Yes,217950.0,4,19.862389501503692,2194.4
Bentley,Flying Spur V8,2022,27858,Gasoline,4.0L V8 32V GDI DOHC Twin Turbo,8-Speed Automatic with Auto-Shift,–,–,None reported,Yes,197750.0,4,7.098244732402455,5571.6
Porsche,911 Carrera 4S,2018,31678,Gasoline,3.0 Liter,–,Silver,–,None reported,Yes,106798.0,8,3.371255405789324,3519.777777777778
Volkswagen,Golf R 4-Door,2016,47144,Gasoline,292.0HP 2.0L 4 Cylinder Engine Gasoline Fuel,6-Speed M/T,Blue,Black,None reported,Yes,29950.0,10,0.6352741542051119,4285.818181818182
Hyundai,Genesis Coupe 3.8 Grand Touring,2011,165454,Gasoline,306.0HP 3.8L V6 Cylinder Engine Gasoline Fuel,6-Speed A/T,Gray,Black,At least 1 accident or damage reported,Yes,4000.0,15,0.024175757758907256,10340.875
Ford,F-150 XLT,2018,98000,Gasoline,375.0HP 3.5L V6 Cylinder Engine Gasoline Fuel,10-Speed A/T,White,–,At least 1 accident or damage reported,Yes,25500.0,8,0.26020142651605593,10888.888888888889
Hyundai,Tucson Limited,2020,39913,Gasoline,2.4L I4 16V GDI DOHC,6-Speed Automatic,Black Noir Pearl,Beige,None reported,Yes,22749.0,6,0.5699503933456932,5701.857142857143
Ford,Mustang V6,2013,147191,Gasoline,305.0HP 3.7L V6 Cylinder Engine Gasoline Fuel,6-Speed A/T,Blue,Black,At least 1 accident or damage reported,Yes,12990.0,13,0.08825207891733246,10513.642857142857
BMW,435 i,2014,53600,Gasoline,300.0HP 3.0L Straight 6 Cylinder Engine Gasoline Fuel,8-Speed A/T,Silver,Black,None reported,Yes,25980.0,12,0.48469244976772824,4123.076923076923
Dodge,Challenger R/T,2010,100100,–,–,Transmission w/Dual Shift Mode,Purple,Black,None reported,Yes,17000.0,16,0.16982847324202555,5888.235294117647
Mercedes-Benz,AMG G 63 Base,2020,1750,Gasoline,577.0HP 4.0L 8 Cylinder Engine Gasoline Fuel,9-Speed A/T,Blue,Black,None reported,Yes,199995.0,6,114.2175899486008,250.0
Dodge,Challenger SRT Hellcat,2020,2750,Gasoline,797.0HP 6.2L 8 Cylinder Engine Gasoline Fuel,8-Speed A/T,Orange,Black,None reported,Yes,104500.0,6,37.98618684114867,392.85714285714283
Porsche,Boxster Base,2013,40800,Gasoline,265.0HP 2.7L Flat 6 Cylinder Engine Gasoline Fuel,7-Speed A/T,Brown,Beige,None reported,Yes,35500.0,13,0.8700767138060341,2914.285714285714
Porsche,Macan Base,2018,36798,Gasoline,2.0L I4 16V GDI DOHC Turbo,7-Speed Automatic with Auto-Shift,Volcano Grey Metallic,Black,At least 1 accident or damage reported,Yes,49500.0,8,1.3451452485121878,4088.6666666666665
Ford,F-250 XL,2021,77699,Diesel,6.7L V8 32V DDI OHV Turbo Diesel,Automatic,White,Medium Earth Gray,None reported,Yes,49883.0,5,0.641994851994852,12949.833333333334
Ford,Mustang GT,2010,87500,Gasoline,315.0HP 4.6L 8 Cylinder Engine Gasoline Fuel,A/T,Red,Black,At least 1 accident or damage reported,Yes,14900.0,16,0.17028376818550645,5147.058823529412
Chevrolet,Suburban LT,2020,93000,Gasoline,355.0HP 5.3L 8 Cylinder Engine Gasoline Fuel,A/T,Black,Black,None reported,Yes,38500.0,6,0.4139740432898571,13285.714285714286
Mercedes-Benz,C-Class C 300 4MATIC,2018,41515,Gasoline,2.0L I4 16V GDI DOHC Turbo,9-Speed Automatic,Black,Black,None reported,Yes,28251.0,8,0.68048463243087,4612.777777777777
RAM,1500 Classic Warlock,2019,19000,E85 Flex Fuel,3.6L V6 24V MPFI DOHC Flexible Fuel,8-Speed Automatic,Diamond Black,Diesel Gray / Black,At least 1 accident or damage reported,Yes,33242.0,7,1.749486869112152,2375.0
Toyota,Sequoia SR5,2023,1539,Hybrid,3.4L V6 24V PDI DOHC Twin Turbo Hybrid,Automatic,Green,Boulder,At least 1 accident or damage reported,Yes,76373.0,3,49.59285714285714,384.75
BMW,M5 Base,2018,31090,Gasoline,600.0HP 4.4L 8 Cylinder Engine Gasoline Fuel,8-Speed A/T,Green,Black,At least 1 accident or damage reported,Yes,68000.0,8,2.1871281078125504,3454.4444444444443
Mazda,Mazda3 FWD w/Premium Package,2022,21701,Gasoline,2.5L I4 16V,6-Speed Automatic,Soul Red Crystal Metallic,Black,None reported,Yes,25099.0,4,1.1565293521334439,4340.2
Nissan,Rogue SL,2016,97726,Gasoline,"2.5L I-4 DOHC, variable valve control, regular unleaded, engine",Variable,Gun Metallic,Charcoal,At least 1 accident or damage reported,Yes,15998.0,10,0.16370092195606128,8884.181818181818
Audi,A7 3.0T Prestige,2015,73000,Diesel,240.0HP 3.0L V6 Cylinder Engine Diesel Fuel,8-Speed A/T,White,Gray,None reported,Yes,34000.0,11,0.4657470445610334,6083.333333333333
Genesis,G80 3.8,2020,23600,Gasoline,311.0HP 3.8L V6 Cylinder Engine Gasoline Fuel,A/T,Blue,Gray,None reported,Yes,31900.0,6,1.3516376424727765,3371.4285714285716
Rolls-Royce,Ghost Base,2016,8755,Gasoline,563.0HP 6.6L 12 Cylinder Engine Gasoline Fuel,A/T,Black,Black,None reported,Yes,166900.0,10,19.061215166742805,795.9090909090909
BMW,M6 Gran Coupe Base,2019,20500,Gasoline,560.0HP 4.4L 8 Cylinder Engine Gasoline Fuel,Transmission w/Dual Shift Mode,Blue,Black,None reported,Yes,67900.0,7,3.312033559338569,2562.5
Ford,Mustang V6,2013,57912,Gasoline,305.0HP 3.7L V6 Cylinder Engine Gasoline Fuel,6-Speed M/T,Black,Black,At least 1 accident or damage reported,Yes,18750.0,13,0.3237615043254537,4136.571428571428
BMW,650 i,2009,35000,Gasoline,360.0HP 4.8L 8 Cylinder Engine Gasoline Fuel,A/T,Black,Black,None reported,Yes,18500.0,17,0.5285563269620868,1944.4444444444443
Nissan,Leaf SV PLUS,2023,7089,Gasoline,214.0HP Electric Motor Electric Fuel System,1-Speed A/T,Black,Black,At least 1 accident or damage reported,Yes,29895.0,3,4.216502115655853,1772.25
Lincoln,MKC Reserve,2019,35469,Gasoline,2.3L I4 16V GDI DOHC Turbo,6-Speed Automatic,Black,–,None reported,Yes,30890.0,7,0.8708767972934874,4433.625
Kia,Telluride EX,2022,14676,Gasoline,3.8L V6 24V GDI DOHC,8-Speed Automatic,Dark Moss,Gray,None reported,Yes,46787.0,4,3.187776793622675,2935.2
Lincoln,Navigator Reserve,2022,13750,Gasoline,440.0HP 3.5L V6 Cylinder Engine Gasoline Fuel,10-Speed A/T,White,Beige,None reported,Yes,79999.0,4,5.817685986473711,2750.0
Mercedes-Benz,S-Class S 550 4MATIC,2015,13300,Gasoline,449.0HP 4.7L 8 Cylinder Engine Gasoline Fuel,A/T,Black,Black,None reported,Yes,62500.0,11,4.69889481993835,1108.3333333333333
Chevrolet,Suburban LT,2017,117000,Gasoline,6.0L 8 Cylinder Engine Gasoline Fuel,6-Speed A/T,Blue,Beige,None reported,Yes,27000.0,9,0.23076725839950085,11700.0
Audi,A7 55 Premium,2020,27100,Hybrid,335.0HP 3.0L V6 Cylinder Engine Gasoline/Mild Electric Hybrid,A/T,White,Black,None reported,Yes,50000.0,6,1.8449503708350246,3871.4285714285716
Ford,Mustang EcoBoost Premium,2017,89352,Gasoline,310.0HP 2.3L 4 Cylinder Engine Gasoline Fuel,6-Speed A/T,White,Black,At least 1 accident or damage reported,Yes,20989.0,9,0.2348997795261491,8935.2
Chevrolet,Cruze LS,2018,100000,Gasoline,153.0HP 1.4L 4 Cylinder Engine Gasoline Fuel,A/T,White,Black,At least 1 accident or damage reported,Yes,8500.0,8,0.08499915000849992,11111.111111111111
Land,Rover Range Rover HSE SWB,2020,16000,Hybrid,395.0HP 3.0L Straight 6 Cylinder Engine Gasoline/Mild Electric Hybrid,A/T,Silver,Black,None reported,Yes,75500.0,6,4.7184550965564656,2285.714285714286
Land,Rover Defender S,2023,15200,Gasoline,296.0HP 2.0L 4 Cylinder Engine Gasoline Fuel,A/T,White,Black,None reported,Yes,62999.0,3,4.144398394842445,3800.0
BMW,650 i,2012,39960,Gasoline,400.0HP 4.4L 8 Cylinder Engine Gasoline Fuel,6-Speed M/T,White,Brown,None reported,Yes,38995.0,14,0.9758264307700008,2664.0
Ford,Mustang Base,2008,119000,Gasoline,210.0HP 4.0L V6 Cylinder Engine Gasoline Fuel,A/T,White,Black,At least 1 accident or damage reported,Yes,13500.0,18,0.11344442483676608,6263.1578947368425
Kia,K5 GT-Line,2022,10971,Gasoline,1.6L I4 16V GDI DOHC Turbo,8-Speed Automatic,Passion Red,Black,None reported,Yes,29998.0,4,2.7340503098796938,2194.2
Mazda,Mazda3 i Touring,2014,118500,Gasoline,155.0HP 2.0L 4 Cylinder Engine Gasoline Fuel,M/T,Silver,Black,At least 1 accident or damage reported,Yes,11500.0,12,0.09704559455194471,9115.384615384615
Kia,Stinger GT1,2021,8288,Gasoline,365.0HP 3.3L V6 Cylinder Engine Gasoline Fuel,8-Speed A/T,Black,Black,None reported,Yes,45899.0,5,5.537338641573169,1381.3333333333333
Chevrolet,Camaro ZL1,2023,2950,Gasoline,650.0HP 6.2L 8 Cylinder Engine Gasoline Fuel,10-Speed A/T,Red,Gray,None reported,Yes,74500.0,3,25.245679430701458,737.5
Mercedes-Benz,AMG G 63 Base,2017,73000,Gasoline,563.0HP 5.5L 8 Cylinder Engine Gasoline Fuel,7-Speed A/T,White,Black,At least 1 accident or damage reported,Yes,78000.0,9,1.068478513992959,7300.0
Ford,Thunderbird Premium,2005,82000,Gasoline,280.0HP 3.9L 8 Cylinder Engine Gasoline Fuel,Transmission w/Dual Shift Mode,Gold,White,None reported,Yes,14900.0,21,0.18170510115730296,3727.2727272727275
Audi,e-tron Prestige,2019,7874,Gasoline,Electric,1-Speed Automatic,Typhoon Gray Metallic,Pearl Beige,None reported,Yes,38999.0,7,4.952253968253968,984.25
GMC,Sierra 1500 SLT,2017,49105,Gasoline,420.0HP 6.2L 8 Cylinder Engine Gasoline Fuel,8-Speed A/T,White,Black,None reported,Yes,39750.0,9,0.8094733841078483,4910.5
Kia,Telluride LX,2023,5500,Gasoline,291.0HP 3.8L V6 Cylinder Engine Gasoline Fuel,8-Speed A/T,Silver,Black,None reported,Yes,40000.0,3,7.271405199054717,1375.0
Chevrolet,Corvette Base,2005,36700,Gasoline,400.0HP 6.0L 8 Cylinder Engine Gasoline Fuel,6-Speed M/T,Blue,Black,None reported,Yes,26000.0,21,0.7084275632816545,1668.1818181818182
BMW,650 i,2014,40000,Gasoline,445.0HP 4.4L 8 Cylinder Engine Gasoline Fuel,Transmission w/Dual Shift Mode,White,Beige,None reported,Yes,34000.0,12,0.8499787505312367,3076.923076923077
Nissan,Rogue SL,2017,78110,Gasoline,170.0HP 2.5L 4 Cylinder Engine Gasoline Fuel,A/T,Silver,Black,None reported,Yes,17500.0,9,0.22404014799452063,7811.0
GMC,Acadia Denali,2015,74864,Gasoline,288.0HP 3.6L V6 Cylinder Engine Gasoline Fuel,A/T,Gray,Beige,None reported,Yes,19780.0,11,0.2642089093701997,6238.666666666667
Cadillac,Escalade Premium Luxury Platinum,2021,15350,Gasoline,420.0HP 6.2L 8 Cylinder Engine Gasoline Fuel,10-Speed A/T,Black,Black,None reported,Yes,93500.0,5,6.0908084163898115,2558.3333333333335
Nissan,GT-R Premium,2010,46100,Gasoline,485.0HP 3.8L V6 Cylinder Engine Gasoline Fuel,6-Speed A/T,Blue,Black,None reported,Yes,72999.0,16,1.5834580594781025,2711.764705882353
Toyota,Highlander XLE,2018,61454,Gasoline,295.0HP 3.5L V6 Cylinder Engine Gasoline Fuel,A/T,Silver,Gray,None reported,Yes,31000.0,8,0.5044341388007485,6828.222222222223
BMW,X7 xDrive40i,2020,45241,Gasoline,335.0HP 3.0L Straight 6 Cylinder Engine Gasoline Fuel,A/T,Blue,Brown,None reported,Yes,54500.0,6,1.2046328632686443,6463.0
INFINITI,QX60 Base,2018,48000,Gasoline,295.0HP 3.5L V6 Cylinder Engine Gasoline Fuel,CVT Transmission,Black,Black,None reported,Yes,27000.0,8,0.5624882814941355,5333.333333333333
Lexus,IS 250C Base,2010,68500,Gasoline,204.0HP 2.5L V6 Cylinder Engine Gasoline Fuel,6-Speed M/T,Black,Beige,None reported,Yes,18500.0,16,0.27006905008686005,4029.4117647058824
GMC,Sierra 1500 Denali,2019,43433,Gasoline,5.3L V8 16V GDI OHV,Automatic,Onyx Black,Walnut,None reported,Yes,51899.0,7,1.1948934014827095,5429.125
Chevrolet,SSR Base,2005,122961,Gasoline,6.0L V8 16V MPFI OHV,4-Speed Automatic,Redline Red,Ebony,None reported,Yes,20995.0,21,0.1707438070298141,5589.136363636364
Dodge,Challenger R/T,2014,92861,Gasoline,375.0HP 5.7L 8 Cylinder Engine Gasoline Fuel,5-Speed A/T,Gray,Red,None reported,Yes,19750.0,12,0.21268118283043655,7143.153846153846
Hyundai,Equus Signature,2016,72000,Gasoline,429.0HP 5.0L 8 Cylinder Engine Gasoline Fuel,8-Speed A/T,White,Beige,None reported,Yes,21400.0,10,0.2972180941931362,6545.454545454545
Lamborghini,Aventador SVJ Base,2019,6929,Gasoline,759.0HP 6.5L 12 Cylinder Engine Gasoline Fuel,A/T,Blue,Black,None reported,Yes,649999.0,7,93.79494949494949,866.125
Ford,Mustang GT,2003,83000,Gasoline,260.0HP 4.6L 8 Cylinder Engine Gasoline Fuel,A/T,Gray,Black,None reported,Yes,10500.0,23,0.12650449994578378,3458.3333333333335
Audi,e-tron Premium,2021,18031,Gasoline,Electric,1-Speed Automatic,Navarra Blue Metallic,Black,None reported,Yes,39599.0,5,2.1960403726708075,3005.1666666666665
Toyota,Sequoia Limited,2023,8200,Hybrid,437.0HP 3.4L V6 Cylinder Engine Gas/Electric Hybrid,10-Speed A/T,Brown,Black,None reported,Yes,78900.0,3,9.62077795390806,2050.0
Land,Rover Range Rover Sport HST MHEV,2020,19000,Hybrid,395.0HP 3.0L Straight 6 Cylinder Engine Gasoline/Mild Electric Hybrid,Transmission w/Dual Shift Mode,Silver,Black,None reported,Yes,74900.0,6,3.9418977948529026,2714.285714285714
Jeep,Grand Cherokee L Limited,2022,12875,Gasoline,3.6L V6 24V MPFI DOHC,8-Speed Automatic,Diamond Black,Global Black,None reported,Yes,42599.0,4,3.308403230817024,2575.0
Maserati,GranTurismo Sport,2015,32000,Gasoline,454.0HP 4.7L 8 Cylinder Engine Gasoline Fuel,A/T,Beige,Brown,None reported,Yes,36000.0,11,1.1249648448485985,2666.6666666666665
BMW,M5 Base,2013,61145,Gasoline,560.0HP 4.4L 8 Cylinder Engine Gasoline Fuel,7-Speed A/T,White,Beige,At least 1 accident or damage reported,Yes,37500.0,13,0.6132862329506428,4367.5
Mercedes-Benz,C-Class 4MATIC Sedan,2022,9612,Gasoline,"2L I-4 gasoline direct injection, DOHC, variable valve control,","Automatic, 9-Spd 9G-Tronic",–,–,None reported,Yes,43900.0,4,4.566732549672318,1922.4
Land,Rover Range Rover Sport First Edition,2023,3534,Hybrid,4.4 Liter,Automatic,Red,Black,None reported,Yes,143998.0,3,40.734936350777936,883.5
Ford,F-150 Lariat,2011,152000,Gasoline,365.0HP 3.5L V6 Cylinder Engine Gasoline Fuel,6-Speed A/T,Brown,Beige,None reported,Yes,14000.0,15,0.09210465720620259,9500.0
Audi,A4 2.0T Premium,2012,129567,Gasoline,211.0HP 2.0L 4 Cylinder Engine Gasoline Fuel,A/T,White,Black,None reported,Yes,7000.0,14,0.05402568535440849,8637.8
BMW,540 i xDrive,2019,36000,Gasoline,335.0HP 3.0L Straight 6 Cylinder Engine Gasoline Fuel,8-Speed A/T,Gray,Black,At least 1 accident or damage reported,Yes,41995.0,7,1.1664953751284686,4500.0
BMW,X6 xDrive35i,2009,92008,Gasoline,300.0HP 3.0L Straight 6 Cylinder Engine Gasoline Fuel,6-Speed A/T,White,Black,None reported,Yes,12500.0,17,0.13585627492962646,5111.555555555556
Toyota,Sequoia Limited,2012,150900,Gasoline,381.0HP 5.7L 8 Cylinder Engine Gasoline Fuel,A/T,Black,Gray,None reported,Yes,17500.0,14,0.11597007309428035,10060.0
Dodge,Challenger R/T Scat Pack,2019,43000,–,–,6-Speed M/T,Green,Black,None reported,Yes,50000.0,7,1.1627636566591475,5375.0
Land,Rover Range Rover 3.0L Supercharged,2018,38020,Gasoline,5.0 Liter,Automatic,White,Espresso,None reported,Yes,63998.0,8,1.6832276899608112,4224.444444444444
Audi,Q8 55 Premium Plus,2021,14750,Hybrid,335.0HP 3.0L V6 Cylinder Engine Gasoline/Mild Electric Hybrid,Transmission w/Dual Shift Mode,Silver,Black,None reported,Yes,61059.0,5,4.139312588977019,2458.3333333333335
Subaru,WRX Base,2015,52500,Gasoline,268.0HP 2.0L 4 Cylinder Engine Gasoline Fuel,6-Speed M/T,Gray,Black,None reported,Yes,23000.0,11,0.43808689358297936,4375.0
Chevrolet,Suburban LT,2017,207571,Gasoline,355.0HP 5.3L 8 Cylinder Engine Gasoline Fuel,6-Speed A/T,Black,Black,At least 1 accident or damage reported,Yes,21000.0,9,0.10116971460505271,20757.1
INFINITI,QX60 Pure,2020,39000,Gasoline,295.0HP 3.5L V6 Cylinder Engine Gasoline Fuel,A/T,Gray,Gray,None reported,Yes,29900.0,6,0.76664700905105,5571.428571428572
Porsche,Cayman Base,2011,66000,Gasoline,265.0HP 2.9L Flat 6 Cylinder Engine Gasoline Fuel,A/T,Black,Brown,None reported,Yes,28000.0,15,0.4242359964242966,4125.0
INFINITI,QX60 Base,2017,93500,Gasoline,295.0HP 3.5L V6 Cylinder Engine Gasoline Fuel,A/T,Black,Black,None reported,Yes,16000.0,9,0.17112116447952427,9350.0
BMW,M4 Base,2018,7200,Gasoline,425.0HP 3.0L Straight 6 Cylinder Engine Gasoline Fuel,7-Speed A/T,Black,Black,None reported,Yes,64000.0,8,8.887654492431606,800.0
Maserati,MC20 MC20,2022,1220,Gasoline,"Nettuno 3L V-6 port/direct injection, DOHC, variable valve contr","Automatic, 8-Spd Dual-Clutch",–,–,None reported,Yes,238900.0,4,195.65929565929565,244.0
Land,Rover Defender SE,2023,8421,Hybrid,395.0HP 3.0L Straight 6 Cylinder Engine Gasoline/Mild Electric Hybrid,A/T,Black,White,None reported,Yes,90000.0,3,10.686297791498456,2105.25
BMW,M8 Base,2020,25520,Gasoline,4.4L V8 32V GDI DOHC Twin Turbo,8-Speed Automatic,Brands Hatch Gray Metallic,Black,None reported,Yes,84900.0,6,3.3266721523451275,3645.714285714286
Tesla,Model Y Performance,2020,30554,Gasoline,Electric,1-Speed Automatic,Blue,Black,None reported,Yes,41999.0,6,1.3745377188676158,4364.857142857143
Volvo,C40 Recharge Pure Electric Twin Ultimate,2023,17000,Gasoline,402.0HP Electric Motor Electric Fuel System,A/T,Gray,Blue,None reported,Yes,54900.0,3,3.2292218104817363,4250.0
Mercedes-Benz,SL-Class SL 550,2011,41314,Gasoline,382.0HP 5.5L 8 Cylinder Engine Gasoline Fuel,Transmission w/Dual Shift Mode,Red,White,At least 1 accident or damage reported,Yes,30999.0,15,0.7503086046230183,2582.125
Land,Rover Range Rover P525 HSE SWB,2020,49899,Gasoline,518.0HP 5.0L 8 Cylinder Engine Gasoline Fuel,Transmission w/Dual Shift Mode,White,Black,At least 1 accident or damage reported,Yes,64500.0,6,1.2925851703406814,7128.428571428572
Ford,Escape XLT,2012,186268,E85 Flex Fuel,240.0HP 3.0L V6 Cylinder Engine Flex Fuel Capability,6-Speed A/T,Blue,Black,None reported,Yes,4500.0,14,0.024158609323075765,12417.866666666667
Lexus,ES 350 Base,2016,51335,Gasoline,268.0HP 3.5L V6 Cylinder Engine Gasoline Fuel,6-Speed A/T,Silver,Black,At least 1 accident or damage reported,Yes,25995.0,10,0.506369798971482,4666.818181818182
Porsche,718 Boxster GTS,2019,10400,Gasoline,365.0HP 2.5L 4 Cylinder Engine Gasoline Fuel,A/T,Gray,Black,None reported,Yes,99750.0,7,9.590423997692529,1300.0
Mercedes-Benz,G-Class G 550,2020,20622,Gasoline,4.0 Liter Twin Turbo,Automatic,designo Diamond White Metallic,Black,None reported,Yes,142998.0,6,6.933908742665955,2946.0
RAM,1500 Big Horn,2022,19376,Gasoline,5.7L V8 16V MPFI OHV,Automatic,Bright White Clearcoat,Black,None reported,Yes,45861.0,4,2.36677504257625,3875.2
Audi,R8 5.2 V10 performance,2020,12245,Gasoline,5.2L V10 40V PDI DOHC,7-Speed Automatic with Auto-Shift,Daytona Gray Pearl Effect w/ Black Roof,Black / Express Red,None reported,Yes,187900.0,6,15.343785725951332,1749.2857142857142
Mitsubishi,Lancer Evolution IX,2006,77000,Gasoline,286.0HP 2.0L 4 Cylinder Engine Gasoline Fuel,5-Speed M/T,Silver,Black,None reported,Yes,57000.0,20,0.7402501266217322,3666.6666666666665
Acura,TL Technology,2013,40000,Gasoline,280.0HP 3.5L V6 Cylinder Engine Gasoline Fuel,6-Speed A/T,Blue,Gray,None reported,Yes,24000.0,13,0.5999850003749906,2857.1428571428573
Cadillac,CTS Luxury,2012,113000,Gasoline,270.0HP 3.0L V6 Cylinder Engine Gasoline Fuel,6-Speed A/T,White,Beige,None reported,Yes,10000.0,14,0.088494792081486,7533.333333333333
Chevrolet,Camaro 1SS,2022,7600,Gasoline,455.0HP 6.2L 8 Cylinder Engine Gasoline Fuel,6-Speed M/T,Gray,Black,At least 1 accident or damage reported,Yes,46000.0,4,6.051835284830943,1520.0
Toyota,Camry Hybrid LE,2022,20400,Hybrid,208.0HP 2.5L 4 Cylinder Engine Gas/Electric Hybrid,CVT Transmission,White,Gray,None reported,Yes,29900.0,4,1.4656144306651635,4080.0
Ford,Transit-350 XLT,2019,115000,Gasoline,310.0HP 3.5L V6 Cylinder Engine Gasoline Fuel,A/T,White,Gray,None reported,Yes,39000.0,7,0.33912748584794916,14375.0
Lexus,RX 450h Base,2012,239000,Hybrid,295.0HP 3.5L V6 Cylinder Engine Gas/Electric Hybrid,A/T,Black,Black,None reported,Yes,7000.0,14,0.02928858038250886,15933.333333333334
Jaguar,F-TYPE V6 S,2014,62194,Gasoline,3.0 Liter SC ULEV,Automatic,Black,Black,None reported,Yes,32998.0,12,0.5305571187394486,4784.153846153846
Jeep,Wrangler Sahara,2020,22138,Gasoline,3.6 Liter,Automatic,Black,Black,None reported,Yes,38598.0,6,1.7434391797280817,3162.5714285714284
Porsche,718 Boxster S,2017,48900,Gasoline,350.0HP 2.5L 4 Cylinder Engine Gasoline Fuel,Transmission w/Dual Shift Mode,Blue,Black,None reported,Yes,62500.0,9,1.2780924725465737,4890.0
Audi,R8 5.2,2014,21800,Gasoline,525.0HP 5.2L 10 Cylinder Engine Gasoline Fuel,Transmission w/Dual Shift Mode,White,Black,None reported,Yes,117000.0,12,5.366726296958855,1676.923076923077
Lincoln,MKZ Base,2016,68200,Gasoline,300.0HP 3.7L V6 Cylinder Engine Gasoline Fuel,6-Speed A/T,Silver,Black,At least 1 accident or damage reported,Yes,16750.0,10,0.2455975718831102,6200.0
Mercedes-Benz,G-Class G 550 4MATIC,2021,76100,Gasoline,416.0HP 4.0L 8 Cylinder Engine Gasoline Fuel,A/T,Black,Black,None reported,Yes,130000.0,5,1.70825613329654,12683.333333333334
Lexus,RX 350 RX 350 F SPORT Handling,2022,14330,Gasoline,3.5 Liter DOHC,Automatic,Black,Red,None reported,Yes,54998.0,4,3.8376945084083456,2866.0
BMW,750 i xDrive,2019,41906,Gasoline,445.0HP 4.4L 8 Cylinder Engine Gasoline Fuel,8-Speed A/T,Blue,White,At least 1 accident or damage reported,Yes,45999.0,7,1.0976447848808075,5238.25
Chevrolet,Camaro 2SS,2016,164000,Gasoline,455.0HP 6.2L 8 Cylinder Engine Gasoline Fuel,8-Speed A/T,Black,Red,None reported,Yes,21500.0,10,0.13109676160511216,14909.09090909091
Ford,Fusion Hybrid SE,2013,161933,Hybrid,2.0L I4 16V MPFI DOHC Hybrid,Automatic CVT,Blue,Charcoal Black,None reported,Yes,7945.0,13,0.04906319858707869,11566.642857142857
Hyundai,Santa Cruz 2.5T Limited,2022,22829,Gasoline,2.5L I4 16V PDI DOHC Turbo,Automatic,Hampton Gray,Black,None reported,Yes,34580.0,4,1.5146736749890495,4565.8
Lexus,RX 350 F Sport,2023,5483,Gasoline,2.4L I4 16V PDI DOHC Turbo,8-Speed Automatic,Ultra White,Black,None reported,Yes,59950.0,3,10.931801604668125,1370.75
Land,Rover Range Rover Evoque S,2020,46891,Gasoline,246.0HP 2.0L 4 Cylinder Engine Gasoline Fuel,9-Speed A/T,Gray,Black,At least 1 accident or damage reported,Yes,31000.0,6,0.6610935767295061,6698.714285714285
Chevrolet,Suburban LT,2019,72000,Gasoline,355.0HP 5.3L 8 Cylinder Engine Gasoline Fuel,A/T,Blue,Beige,At least 1 accident or damage reported,Yes,39000.0,7,0.5416591436230053,9000.0
Porsche,718 Spyder Base,2020,3400,Gasoline,414.0HP 4.0L Flat 6 Cylinder Engine Gasoline Fuel,6-Speed M/T,White,Black,None reported,Yes,129900.0,6,38.19464863275507,485.7142857142857
Chevrolet,Camaro 1LT,2021,18000,Gasoline,335.0HP 3.6L V6 Cylinder Engine Gasoline Fuel,10-Speed A/T,White,Black,At least 1 accident or damage reported,Yes,30000.0,5,1.6665740792178212,3000.0
Jeep,Gladiator Freedom,2021,30630,Gasoline,3.6 Liter,Automatic,Hydro Blue Pearlcoat,Black,None reported,Yes,39998.0,5,1.3058013123959387,5105.0
Toyota,Tacoma Double Cab,2007,24985,Gasoline,236.0HP 4.0L V6 Cylinder Engine Gasoline Fuel,5-Speed A/T,Silver,Silver,None reported,Yes,33580.0,19,1.3439526134635396,1249.25
GMC,Yukon Denali Ultimate,2023,9978,Gasoline,420.0HP 6.2L 8 Cylinder Engine Gasoline Fuel,10-Speed A/T,White,Gold,None reported,Yes,93999.0,3,9.419681330794669,2494.5
Ford,Shelby GT350R Base,2018,18500,Gasoline,526.0HP 5.2L 8 Cylinder Engine Gasoline Fuel,M/T,Blue,Black,At least 1 accident or damage reported,Yes,77999.0,8,4.215934273823037,2055.5555555555557
Cadillac,Escalade Premium Luxury Platinum,2021,72843,Gasoline,6.2L V8 16V GDI OHV,10-Speed Automatic,Sandstone Metallic,Dark Auburn,None reported,Yes,79990.0,5,1.0981000494206798,12140.5
Buick,LaCrosse Base,2017,67500,Gasoline,310.0HP 3.6L V6 Cylinder Engine Gasoline Fuel,8-Speed A/T,Black,Beige,None reported,Yes,20000.0,9,0.29629190678656614,6750.0
Tesla,Model X Long Range Plus,2020,43534,Gasoline,534.0HP Electric Motor Electric Fuel System,1-Speed A/T,Black,Black,None reported,Yes,65990.0,6,1.515791891581486,6219.142857142857
Mercedes-Benz,E-Class E 300 4MATIC,2017,36900,Gasoline,241.0HP 2.0L 4 Cylinder Engine Gasoline Fuel,9-Speed A/T,Gray,Beige,None reported,Yes,28500.0,9,0.772336793040839,3690.0
Chevrolet,Tahoe LT,2017,61720,E85 Flex Fuel,5.3 Liter,Automatic,Silver,Jet Black,At least 1 accident or damage reported,Yes,39998.0,9,0.6480452358192511,6172.0
Kia,Telluride EX,2022,35938,Gasoline,3.8L V6 24V GDI DOHC,8-Speed Automatic,Glacial White Pearl,Black,None reported,Yes,43329.0,4,1.2056261999499152,7187.6
Toyota,Tundra Hybrid Limited,2023,10748,Hybrid,3.4L V6 24V PDI DOHC Twin Turbo Hybrid,Automatic,Midnight Black Metallic,Black,None reported,Yes,63100.0,3,5.870313517536515,2687.0
Audi,S8 4.0T quattro,2023,4457,Gasoline,4.0L V8 32V GDI DOHC Twin Turbo,Automatic,Mythos Black Metallic,Black,None reported,Yes,107900.0,3,24.203678779721848,1114.25
Nissan,Armada Platinum,2018,108206,Gasoline,5.6 Liter,Automatic,White,Charcoal,At least 1 accident or damage reported,Yes,26498.0,8,0.24488249373885237,12022.888888888889
Land,Rover Discovery HSE,2020,32705,Diesel,3.0 Liter,Automatic,Portofino Blue Metallic,Tan/Ebony/Ebony,None reported,Yes,46598.0,6,1.4247538677918425,4672.142857142857
Kia,Telluride S,2020,74026,Gasoline,3.8L V6 24V GDI DOHC,8-Speed Automatic,Sangria Red,Black,None reported,Yes,32913.0,6,0.4446080484147676,10575.142857142857
Lexus,GS 350 F Sport,2020,24651,Gasoline,3.5L V6 24V PDI DOHC,6-Speed Automatic,Ultra White,Black,None reported,Yes,45950.0,6,1.8639461301314295,3521.5714285714284
BMW,X6 xDrive40i,2022,13000,Hybrid,335.0HP 3.0L Straight 6 Cylinder Engine Gasoline/Mild Electric Hybrid,Transmission w/Dual Shift Mode,Gray,Orange,None reported,Yes,69000.0,4,5.307284055072687,2600.0
Land,Rover Range Rover P400 SE SWB,2023,11700,Hybrid,395.0HP 3.0L Straight 6 Cylinder Engine Gasoline/Mild Electric Hybrid,Transmission w/Dual Shift Mode,Gray,White,None reported,Yes,133500.0,3,11.409281258012136,2925.0
Chevrolet,Silverado 3500 High Country,2015,77500,Diesel,397.0HP 6.6L 8 Cylinder Engine Diesel Fuel,6-Speed A/T,Black,Brown,None reported,Yes,54000.0,11,0.6967652030296383,6458.333333333333
Maserati,Quattroporte Sport GT,2007,82000,Gasoline,394.0HP 4.2L 8 Cylinder Engine Gasoline Fuel,Transmission w/Dual Shift Mode,Black,Black,At least 1 accident or damage reported,Yes,7999.0,19,0.09754759088303801,4100.0
Dodge,Viper GTC,2017,1389,Gasoline,645.0HP 8.4L 10 Cylinder Engine Gasoline Fuel,M/T,Black,Black,None reported,Yes,489995.0,9,352.5143884892086,138.9
Ford,Expedition Limited,2021,29830,Gasoline,3.5L V6 24V PDI DOHC Twin Turbo,10-Speed Automatic,Magnetic Metallic,Ebony,None reported,Yes,55329.0,5,1.8547484160772352,4971.666666666667
Mazda,Mazda6 i Grand Touring,2016,83100,–,–,A/T,White,White,None reported,Yes,17800.0,10,0.21419718174269864,7554.545454545455
Kia,Optima LX,2019,62660,Gasoline,185.0HP 2.4L 4 Cylinder Engine Gasoline Fuel,A/T,White,Black,None reported,Yes,16500.0,7,0.2633216833437066,7832.5
Land,Rover Range Rover Sport SVR,2018,56006,Gasoline,575.0HP 5.0L 8 Cylinder Engine Gasoline Fuel,Transmission w/Dual Shift Mode,Silver,White,None reported,Yes,59000.0,8,1.0534397486028533,6222.888888888889
Lexus,RX 450h F SPORT Handling,2021,31365,Hybrid,3.5 Liter DOHC,Variable,Beige,Red,None reported,Yes,52998.0,5,1.689663967353185,5227.5
Lincoln,Town Car Base,2004,27600,Gasoline,239.0HP 4.6L 8 Cylinder Engine Gasoline Fuel,4-Speed A/T,Black,White,None reported,Yes,14900.0,22,0.5398355132060433,1200.0
Honda,Civic Si,2012,47245,Gasoline,201.0HP 2.4L 4 Cylinder Engine Gasoline Fuel,6-Speed M/T,White,Black,None reported,Yes,19600.0,14,0.4148499343859798,3149.6666666666665
Lexus,RX 450h Base,2017,73948,Hybrid,308.0HP 3.5L V6 Cylinder Engine Gas/Electric Hybrid,A/T,White,Beige,None reported,Yes,31990.0,9,0.4325954373960432,7394.8
RAM,1500 Classic Warlock,2019,36757,E85 Flex Fuel,3.6L V6 24V MPFI DOHC Flexible Fuel,8-Speed Automatic,Diamond Black,Diesel Gray / Black,None reported,Yes,31953.0,7,0.8692801567005822,4594.625
Tesla,Model Y Long Range,2023,4786,Gasoline,425.0HP Electric Motor Electric Fuel System,A/T,White,White,None reported,Yes,48000.0,3,10.027156883225402,1196.5
Audi,RS 3 2.5T,2023,1900,Gasoline,401.0HP 2.5L 5 Cylinder Engine Gasoline Fuel,Transmission w/Dual Shift Mode,Gray,Black,None reported,Yes,78900.0,3,41.50447133087849,475.0
Hyundai,Genesis Coupe 3.8 R-Spec,2014,52060,Gasoline,348.0HP 3.8L V6 Cylinder Engine Gasoline Fuel,6-Speed M/T,Black,Black,At least 1 accident or damage reported,Yes,15000.0,12,0.2881235473771153,4004.6153846153848
Porsche,Boxster RS 60 Spyder,2008,58000,Gasoline,303.0HP 3.4L Flat 6 Cylinder Engine Gasoline Fuel,6-Speed M/T,Silver,Black,None reported,Yes,41500.0,18,0.7155049050878434,3052.6315789473683
Ford,F-250 XLT,2010,52246,Diesel,6.4L V8 32V DDI OHV Twin Turbo Diesel,6-Speed Manual,Tan,Medium Stone,None reported,Yes,26095.0,16,0.49945451413478287,3073.294117647059
Kia,Sorento EX,2016,64290,Gasoline,2.0L I4 16V GDI DOHC Turbo,6-Speed Automatic,Snow White Pearl,Satin Black,None reported,Yes,16999.0,10,0.2644071487455476,5844.545454545455
Nissan,370Z Touring,2009,37500,Gasoline,332.0HP 3.7L V6 Cylinder Engine Gasoline Fuel,6-Speed M/T,Silver,Orange,None reported,Yes,21500.0,17,0.5733180448521373,2083.3333333333335
Genesis,G70 2.0T,2023,2121,Gasoline,252.0HP 2.0L 4 Cylinder Engine Gasoline Fuel,8-Speed A/T,White,Red,None reported,Yes,40750.0,3,19.203581526861452,530.25
Land,Rover Range Rover Sport Supercharged,2013,57000,Gasoline,510.0HP 5.0L 8 Cylinder Engine Gasoline Fuel,Transmission w/Dual Shift Mode,White,Beige,None reported,Yes,26000.0,13,0.4561323485552885,4071.4285714285716
Mercedes-Benz,S-Class S 560 4MATIC,2020,22000,Gasoline,463.0HP 4.0L 8 Cylinder Engine Gasoline Fuel,A/T,White,Beige,None reported,Yes,69500.0,6,3.1589473205763374,3142.8571428571427
Ford,Bronco Wildtrak Advanced,2023,2000,Gasoline,315.0HP 2.7L V6 Cylinder Engine Gasoline Fuel,A/T,Black,Black,None reported,Yes,66500.0,3,33.23338330834583,500.0
RAM,1500 SLT,2018,61802,E85 Flex Fuel,305.0HP 3.6L V6 Cylinder Engine Flex Fuel Capability,8-Speed A/T,Black,Gray,None reported,Yes,32000.0,8,0.5177742180800284,6866.888888888889
Dodge,Challenger R/T,2010,73000,–,–,A/T,Black,Black,None reported,Yes,17500.0,16,0.2397227435240613,4294.117647058823
Chevrolet,Sonic LT,2013,110000,–,–,A/T,Gray,Black,None reported,Yes,7500.0,13,0.06818119835274225,7857.142857142857
Jeep,Grand Cherokee Laredo,2013,106700,E85 Flex Fuel,290.0HP 3.6L V6 Cylinder Engine Flex Fuel Capability,6-Speed A/T,Black,Black,None reported,Yes,13500.0,13,0.12652177580341328,7621.428571428572
Audi,RS 5 4.2,2013,75965,Gasoline,450.0HP 4.2L 8 Cylinder Engine Gasoline Fuel,7-Speed A/T,White,Black,At least 1 accident or damage reported,Yes,35999.0,13,0.4738830529447384,5426.071428571428
Jeep,Grand Cherokee L Overland,2022,31804,Gasoline,3.6L V6 24V MPFI DOHC,Automatic,Silver Zynith,Global Black,At least 1 accident or damage reported,Yes,48995.0,4,1.540481056437667,6360.8
Chrysler,Crossfire Limited,2005,116320,Gasoline,215.0HP 3.2L V6 Cylinder Engine Gasoline Fuel,5-Speed A/T,Gray,Red,At least 1 accident or damage reported,Yes,6000.0,21,0.05158139974725114,5287.272727272727
Audi,S5 4.2 Premium Plus,2011,156875,Gasoline,354.0HP 4.2L 8 Cylinder Engine Gasoline Fuel,6-Speed M/T,Black,Red,At least 1 accident or damage reported,Yes,9900.0,15,0.06310716744435095,9804.6875
Tesla,Model X Base,2023,197,Gasoline,670.0HP Electric Motor Electric Fuel System,A/T,Blue,Black,None reported,Yes,85000.0,3,429.2929292929293,49.25
Cadillac,CT4 Luxury,2020,35200,Gasoline,237.0HP 2.0L 4 Cylinder Engine Gasoline Fuel,8-Speed A/T,Blue,Black,None reported,Yes,28500.0,6,0.8096360898838101,5028.571428571428
Maserati,Ghibli S Q4,2014,76000,Gasoline,404.0HP 3.0L V6 Cylinder Engine Gasoline Fuel,A/T,Black,Black,None reported,Yes,19000.0,12,0.24999671056959777,5846.153846153846
Jaguar,F-PACE 25t Premium,2019,29000,Gasoline,247.0HP 2.0L 4 Cylinder Engine Gasoline Fuel,A/T,White,Black,None reported,Yes,34500.0,7,1.1896141512361642,3625.0
BMW,750 i xDrive,2019,33499,Gasoline,445.0HP 4.4L 8 Cylinder Engine Gasoline Fuel,A/T,Gray,Black,At least 1 accident or damage reported,Yes,44495.0,7,1.3282089552238805,4187.375
Acura,TLX V6 Advance,2019,25779,Gasoline,3.5L V6 24V GDI SOHC,9-Speed Automatic,Platinum White Pearl,Ebony,At least 1 accident or damage reported,Yes,30999.0,7,1.20244375484872,3222.375
GMC,Terrain SLT-1,2015,76296,Gasoline,182.0HP 2.4L 4 Cylinder Engine Gasoline Fuel,6-Speed A/T,Gray,Black,At least 1 accident or damage reported,Yes,9500.0,11,0.12451341468209759,6358.0
BMW,i3 Base w/Range Extender,2014,29553,Gasoline,170.0HP 0.65L Electric Motor Electric Fuel System,1-Speed A/T,Black,Gray,None reported,Yes,12800.0,12,0.43310550179332746,2273.3076923076924
Nissan,Versa 1.8 S,2011,109902,Gasoline,122.0HP 1.8L 4 Cylinder Engine Gasoline Fuel,A/T,Blue,Gray,None reported,Yes,4500.0,15,0.04094519712837684,6868.875
Mercedes-Benz,C-Class C 300 4MATIC,2019,23083,Gasoline,255.0HP 2.0L 4 Cylinder Engine Gasoline Fuel,9-Speed A/T,White,Beige,None reported,Yes,33500.0,7,1.4512216253682204,2885.375
Toyota,Matrix XRS,2003,143600,Gasoline,180.0HP 1.8L 4 Cylinder Engine Gasoline Fuel,6-Speed M/T,Black,Black,None reported,Yes,4199.0,23,0.029240743448861777,5983.333333333333
RAM,1500 Limited,2021,22000,Gasoline,395.0HP 5.7L 8 Cylinder Engine Gasoline Fuel,8-Speed A/T,Black,Black,None reported,Yes,54800.0,5,2.4907958729148674,3666.6666666666665
Mercedes-Benz,AMG E 53 Base 4MATIC,2022,13000,Hybrid,429.0HP 3.0L Straight 6 Cylinder Engine Gasoline/Mild Electric Hybrid,9-Speed A/T,Silver,Black,None reported,Yes,81500.0,4,6.268748557803246,2600.0
Audi,A5 2.0T Premium,2018,53000,Gasoline,252.0HP 2.0L 4 Cylinder Engine Gasoline Fuel,A/T,White,Brown,At least 1 accident or damage reported,Yes,28000.0,8,0.5282919190203959,5888.888888888889
Lincoln,Navigator Reserve,2019,44741,Gasoline,450.0HP 3.5L V6 Cylinder Engine Gasoline Fuel,10-Speed A/T,Beige,Beige,None reported,Yes,52999.0,7,1.1845469581154173,5592.625
Audi,A6 3.2 quattro,2008,202000,Gasoline,255.0HP 3.2L V6 Cylinder Engine Gasoline Fuel,A/T,Blue,Gray,At least 1 accident or damage reported,Yes,5700.0,18,0.02821768209068272,10631.578947368422
Chevrolet,Silverado 1500 LT Crew Cab,2006,215000,Gasoline,345.0HP 6.0L 8 Cylinder Engine Gasoline Fuel,A/T,Black,Black,At least 1 accident or damage reported,Yes,6995.0,20,0.032534732396593505,10238.095238095239
Mercedes-Benz,S-Class S 560,2019,77138,Gasoline,4.0 Liter,Automatic,designo Diamond White,Black,None reported,Yes,49998.0,7,0.6481546299537199,9642.25
Volvo,XC90 T6 Momentum,2018,90641,Gasoline,2.0L I4 16V GDI DOHC,8-Speed Automatic,White,Amber,None reported,Yes,25999.0,8,0.2868317115685885,10071.222222222223
Toyota,Camry SE,2011,177702,Gasoline,179.0HP 2.5L 4 Cylinder Engine Gasoline Fuel,A/T,Gray,Gray,At least 1 accident or damage reported,Yes,7700.0,15,0.04333072598661812,11106.375
Mercedes-Benz,Metris Base,2018,58350,Gasoline,208.0HP 2.0L 4 Cylinder Engine Gasoline Fuel,7-Speed A/T,Black,Black,None reported,Yes,29497.0,8,0.505509759901287,6483.333333333333
Chevrolet,Camaro 2LT,2010,86170,Gasoline,304.0HP 3.6L V6 Cylinder Engine Gasoline Fuel,6-Speed A/T,Black,Black,At least 1 accident or damage reported,Yes,17000.0,16,0.19728214828654653,5068.823529411765
Mazda,MX-5 Miata Grand Touring,2012,36568,Gasoline,167.0HP 2.0L 4 Cylinder Engine Gasoline Fuel,6-Speed M/T,Blue,Beige,At least 1 accident or damage reported,Yes,20199.0,14,0.5523530859471136,2437.866666666667
Ford,Escape SE,2015,54357,Gasoline,173.0HP 1.6L 4 Cylinder Engine Gasoline Fuel,6-Speed A/T,White,Gray,None reported,Yes,16250.0,11,0.298944037676147,4529.75
Mercedes-Benz,S-Class S 63 AMG,2015,20394,Gasoline,5.5 Liter,Automatic,Black,Black,At least 1 accident or damage reported,Yes,59598.0,11,2.922186810492768,1699.5
Kia,Niro EX,2023,7578,Hybrid,1.6L I4 16V GDI DOHC Hybrid,Automatic,Snow White Pearl,Charcoal,None reported,Yes,31113.0,3,4.105158991951445,1894.5
Porsche,Boxster Base,2010,64800,Gasoline,255.0HP 2.9L Flat 6 Cylinder Engine Gasoline Fuel,6-Speed M/T,Gray,Gray,At least 1 accident or damage reported,Yes,20900.0,16,0.3225258869461891,3811.764705882353
Toyota,4Runner Trail,2016,117780,Gasoline,270.0HP 4.0L V6 Cylinder Engine Gasoline Fuel,5-Speed A/T,Gray,Black,None reported,Yes,27750.0,10,0.2356067617018025,10707.272727272728
Hyundai,Kona EV SEL,2019,33100,Gasoline,201.0HP Electric Motor Electric Fuel System,1-Speed A/T,Black,Black,None reported,Yes,18200.0,7,0.549832331349506,4137.5
Land,Rover Range Rover Evoque SE,2016,86202,Gasoline,240.0HP 2.0L 4 Cylinder Engine Gasoline Fuel,9-Speed A/T,Black,Black,None reported,Yes,18750.0,10,0.2175098314443813,7836.545454545455
Ford,E350 Super Duty XLT,2012,163000,E85 Flex Fuel,255.0HP 5.4L 8 Cylinder Engine Flex Fuel Capability,A/T,White,Gray,None reported,Yes,19550.0,14,0.11993791449132214,10866.666666666666
Mercedes-Benz,SL-Class SL500 Roadster,2004,35400,Gasoline,302.0HP 5.0L 8 Cylinder Engine Gasoline Fuel,7-Speed A/T,Black,Gray,None reported,Yes,24900.0,22,0.7033699613005282,1539.1304347826087
Jeep,Compass Trailhawk,2018,31000,Gasoline,180.0HP 2.4L 4 Cylinder Engine Gasoline Fuel,9-Speed A/T,Gray,Black,None reported,Yes,22000.0,8,0.7096545272733138,3444.4444444444443
Mercedes-Benz,S-Class S 560 4MATIC,2018,103069,Gasoline,4.0 Liter,Automatic,Anthracite Blue Metallic,Silk Beige/Espresso Brown,None reported,Yes,40998.0,8,0.39776850684001164,11452.111111111111
Mercedes-Benz,G-Class G 550 4MATIC,2021,22480,Gasoline,416.0HP 4.0L 8 Cylinder Engine Gasoline Fuel,A/T,White,Brown,None reported,Yes,135800.0,5,6.040656554423736,3746.6666666666665
Tesla,Model X P90D,2016,91000,Gasoline,691.0HP Electric Motor Electric Fuel System,A/T,Silver,White,None reported,Yes,39500.0,10,0.4340611641630312,8272.727272727272
Lexus,IS-F Base,2010,41500,Gasoline,416.0HP 5.0L 8 Cylinder Engine Gasoline Fuel,8-Speed A/T,Blue,Black,At least 1 accident or damage reported,Yes,44800.0,16,1.0794920604322786,2441.176470588235
BMW,335 i,2010,91545,Gasoline,300.0HP 3.0L Straight 6 Cylinder Engine Gasoline Fuel,6-Speed A/T,Black,Black,None reported,Yes,13000.0,16,0.14200511218403863,5385.0
Audi,RS 7 4.0T,2022,4100,Hybrid,591.0HP 4.0L 8 Cylinder Engine Gasoline/Mild Electric Hybrid,8-Speed A/T,Blue,Black,None reported,Yes,162500.0,4,39.6244818336991,820.0
Buick,Lucerne CXL,2006,110000,Gasoline,275.0HP 4.6L 8 Cylinder Engine Gasoline Fuel,A/T,Gold,Beige,None reported,Yes,5000.0,20,0.045454132235161496,5238.0952380952385
Lincoln,MKX Reserve,2016,88000,Gasoline,335.0HP 2.7L V6 Cylinder Engine Gasoline Fuel,Transmission w/Dual Shift Mode,Black,Black,None reported,Yes,18500.0,10,0.21022488380813856,8000.0
Nissan,Armada Platinum,2018,42833,Gasoline,390.0HP 5.6L 8 Cylinder Engine Gasoline Fuel,Transmission w/Dual Shift Mode,Blue,Gray,None reported,Yes,37000.0,8,0.8637997852173507,4759.222222222223
Porsche,911 Carrera,2020,23278,Gasoline,3.0 Liter,Automatic,Blue,–,None reported,Yes,114998.0,6,4.939988831135358,3325.4285714285716
BMW,435 Gran Coupe i,2015,60100,Gasoline,300.0HP 3.0L Straight 6 Cylinder Engine Gasoline Fuel,8-Speed A/T,Blue,Beige,None reported,Yes,24995.0,11,0.4158832631736577,5008.333333333333
Jeep,Wagoneer Series III,2022,17381,Gasoline,5.7L V8 16V MPFI OHV,8-Speed Automatic,Velvet Red Pearlcoat,Global Black,None reported,Yes,69685.0,4,4.009032332297779,3476.2
Cadillac,ATS 2.5L,2013,63172,Gasoline,202.0HP 2.5L 4 Cylinder Engine Gasoline Fuel,A/T,Black,Black,At least 1 accident or damage reported,Yes,12995.0,13,0.2057049688949393,4512.285714285715
Ford,Transit Connect XLT,2010,72000,Gasoline,136.0HP 2.0L 4 Cylinder Engine Gasoline Fuel,A/T,White,Gray,At least 1 accident or damage reported,Yes,10900.0,16,0.15138678629463478,4235.294117647059
Kia,EV6 GT-Line,2022,4820,Gasoline,320.0HP Electric Motor Electric Fuel System,1-Speed A/T,Red,Black,None reported,Yes,47500.0,4,9.852727649865173,964.0
Audi,S5 3.0T Premium Plus,2014,67900,Gasoline,333.0HP 3.0L V6 Cylinder Engine Gasoline Fuel,6-Speed M/T,Silver,Black,None reported,Yes,25990.0,12,0.38276314045448523,5223.076923076923
Toyota,Tundra SR,2018,51000,Gasoline,381.0HP 5.7L 8 Cylinder Engine Gasoline Fuel,A/T,Black,Gray,None reported,Yes,38000.0,8,0.7450834297366719,5666.666666666667
Jeep,Wrangler Unlimited Freedom Edition,2013,54500,Gasoline,285.0HP 3.6L V6 Cylinder Engine Gasoline Fuel,A/T,Green,Black,None reported,Yes,35000.0,13,0.642190051558687,3892.8571428571427
Maserati,Quattroporte Base,2006,61840,Gasoline,394.0HP 4.2L 8 Cylinder Engine Gasoline Fuel,Transmission w/Dual Shift Mode,Gray,Beige,None reported,Yes,16500.0,20,0.2668132792160541,2944.7619047619046
Mercedes-Benz,CLS-Class CLS500,2006,28950,Gasoline,302.0HP 5.0L 8 Cylinder Engine Gasoline Fuel,7-Speed A/T,Blue,Beige,None reported,Yes,16750.0,20,0.5785637801803046,1378.5714285714287
Nissan,Frontier SL,2011,103400,Gasoline,261.0HP 4.0L V6 Cylinder Engine Gasoline Fuel,5-Speed A/T,Gray,Gray,At least 1 accident or damage reported,Yes,17000.0,15,0.1644084680032108,6462.5
BMW,M5 Base,2023,816,Gasoline,4.4L V8 32V GDI DOHC Twin Turbo,8-Speed Automatic,Alpine White,Black,None reported,Yes,109900.0,3,134.51652386780907,204.0
Porsche,911 R,2016,719,Gasoline,4.0L H6 24V GDI DOHC,6-Speed Manual,White,Black / Brown,None reported,Yes,489000.0,10,679.1666666666666,65.36363636363636
Land,Rover Defender X-Dynamic SE,2023,3678,Hybrid,3.0 Liter,Automatic,Fuji White,Black,None reported,Yes,81998.0,3,22.288121772220713,919.5
Ford,F-150 XL,2016,107000,E85 Flex Fuel,385.0HP 5.0L 8 Cylinder Engine Flex Fuel Capability,6-Speed A/T,White,Gray,At least 1 accident or damage reported,Yes,22000.0,10,0.2056055550882702,9727.272727272728
BMW,M8 Competition,2022,5018,Gasoline,4.4 Liter Twin Turbo,Automatic,–,Sakhir Orange/Black,None reported,Yes,114998.0,4,22.912532376967523,1003.6
Porsche,911 Carrera S,2010,13850,Gasoline,385.0HP 3.8L Flat 6 Cylinder Engine Gasoline Fuel,6-Speed M/T,Black,Black,None reported,Yes,71400.0,16,5.154862464803985,814.7058823529412
Volvo,XC70 3.2,2008,46700,Gasoline,235.0HP 3.2L Straight 6 Cylinder Engine Gasoline Fuel,6-Speed A/T,White,Beige,None reported,Yes,11400.0,18,0.24410612192458406,2457.8947368421054
Chrysler,300 Touring,2021,21478,Gasoline,3.6 Liter,Automatic,Silver Mist,Black,None reported,Yes,27798.0,5,1.2941943293449416,3579.6666666666665
Honda,Insight EX,2020,64200,Hybrid,151.0HP 1.5L 4 Cylinder Engine Gas/Electric Hybrid,CVT Transmission,White,Black,At least 1 accident or damage reported,Yes,20499.0,6,0.31929409199233655,9171.42857142857
Porsche,Cayman S,2006,31075,Gasoline,3.4L H6 24V MPFI DOHC,5-Speed Automatic,Black,Black / Stone Grey,None reported,Yes,36250.0,20,1.1664950444072597,1479.7619047619048
Tesla,Model Y Performance,2022,25250,Gasoline,455.0HP Electric Motor Electric Fuel System,1-Speed A/T,White,White,None reported,Yes,47800.0,4,1.8929943368579463,5050.0
BMW,M5 Competition,2020,35400,Gasoline,617.0HP 4.4L 8 Cylinder Engine Gasoline Fuel,8-Speed A/T,Orange,Black,None reported,Yes,71950.0,6,2.0324284624728115,5057.142857142857
Audi,S4 4.2 quattro,2004,74030,Gasoline,340.0HP 4.2L 8 Cylinder Engine Gasoline Fuel,6-Speed M/T,Silver,Gray,None reported,Yes,16000.0,22,0.21612567708122274,3218.695652173913
Ford,F-250 Platinum,2021,48549,Diesel,6.7L V8 32V DDI OHV Turbo Diesel,Automatic,Antimatter Blue Metallic,Black,None reported,Yes,69998.0,5,1.441771369721936,8091.5
Kia,Seltos S,2023,5182,Gasoline,146.0HP 2.0L 4 Cylinder Engine Gasoline Fuel,A/T,White,Black,None reported,Yes,32500.0,3,6.270499710592321,1295.5
RAM,ProMaster 2500 High Roof,2019,31681,Gasoline,280.0HP 3.6L V6 Cylinder Engine Gasoline Fuel,A/T,White,Black,At least 1 accident or damage reported,Yes,33500.0,7,1.0573827409885739,3960.125
BMW,M760 M760i xDrive,2020,23430,Gasoline,6.6 Liter Twin Turbo,Automatic,White,Black,None reported,Yes,80998.0,6,3.4568733728820793,3347.1428571428573
Mercedes-Benz,E-Class E 400,2015,30300,Gasoline,329.0HP 3.0L V6 Cylinder Engine Gasoline Fuel,A/T,White,Black,At least 1 accident or damage reported,Yes,29000.0,11,0.9570641232962609,2525.0
Cadillac,XTS Luxury,2016,112000,Gasoline,304.0HP 3.6L V6 Cylinder Engine Gasoline Fuel,A/T,Blue,Beige,At least 1 accident or damage reported,Yes,14599.0,10,0.13034705047276363,10181.818181818182
INFINITI,Q50 Premium,2014,127356,Gasoline,328.0HP 3.7L V6 Cylinder Engine Gasoline Fuel,7-Speed A/T,Black,Black,At least 1 accident or damage reported,Yes,19990.0,12,0.15696035553601295,9796.615384615385
Volkswagen,Touareg V6 Executive,2017,50600,Gasoline,280.0HP 3.6L V6 Cylinder Engine Gasoline Fuel,8-Speed A/T,Red,Brown,At least 1 accident or damage reported,Yes,28890.0,9,0.5709373332542835,5060.0
Chevrolet,Suburban 1500 LTZ,2011,194000,E85 Flex Fuel,320.0HP 5.3L 8 Cylinder Engine Flex Fuel Capability,6-Speed A/T,Black,Black,None reported,Yes,9950.0,15,0.05128839542064216,12125.0
Toyota,Tundra SR5,2021,33455,Gasoline,381.0HP 5.7L 8 Cylinder Engine Gasoline Fuel,6-Speed A/T,Green,Black,None reported,Yes,44750.0,5,1.3375777140124343,5575.833333333333
BMW,X1 sDrive28i,2022,43000,Gasoline,228.0HP 2.0L 4 Cylinder Engine Gasoline Fuel,8-Speed A/T,Gray,Black,None reported,Yes,35750.0,4,0.8313760145112904,8600.0
Mercedes-Benz,GL-Class GL 550 4MATIC,2016,46102,Gasoline,429.0HP 4.7L 8 Cylinder Engine Gasoline Fuel,7-Speed A/T,Black,Beige,None reported,Yes,35300.0,10,0.7656768540008242,4191.090909090909
Cadillac,XTS Luxury,2019,59000,Gasoline,304.0HP 3.6L V6 Cylinder Engine Gasoline Fuel,6-Speed A/T,Black,Black,None reported,Yes,21000.0,7,0.35592617074286875,7375.0
Jaguar,XJ8 Base,2004,134000,Gasoline,294.0HP 4.2L 8 Cylinder Engine Gasoline Fuel,6-Speed A/T,Black,Beige,At least 1 accident or damage reported,Yes,9500.0,22,0.07089499332094537,5826.086956521739
Chevrolet,Camaro ZL1,2020,3715,Gasoline,650.0HP 6.2L 8 Cylinder Engine Gasoline Fuel,A/T,Black,Black,None reported,Yes,150000.0,6,40.36598493003229,530.7142857142857
Mercedes-Benz,Sprinter 2500,2012,100245,Diesel,188.0HP 3.0L V6 Cylinder Engine Diesel Fuel,A/T,White,–,At least 1 accident or damage reported,Yes,24000.0,14,0.23941104881990305,6683.0
Mercedes-Benz,C-Class C 300 4MATIC,2022,8583,Gasoline,2.0L I4 16V GDI DOHC Turbo,9-Speed Automatic,Cirrus Silver Metallic,AMG Black,None reported,Yes,42999.0,4,5.009203168685928,1716.6
Dodge,Dakota SLT,2003,141800,Gasoline,230.0HP 4.7L 8 Cylinder Engine Gasoline Fuel,A/T,Red,Gray,At least 1 accident or damage reported,Yes,5700.0,23,0.040197177734994816,5908.333333333333
Audi,A5 2.0T Premium Plus,2012,77000,Gasoline,211.0HP 2.0L 4 Cylinder Engine Gasoline Fuel,8-Speed A/T,White,Black,None reported,Yes,13800.0,14,0.17921845170841938,5133.333333333333
Audi,A5 2.0T Premium,2018,67035,Gasoline,252.0HP 2.0L 4 Cylinder Engine Gasoline Fuel,Transmission w/Dual Shift Mode,Pink,Brown,At least 1 accident or damage reported,Yes,31500.0,8,0.46989677188376394,7448.333333333333
Audi,S5 3.0 Premium Plus,2012,61450,Gasoline,333.0HP 3.0L V6 Cylinder Engine Gasoline Fuel,7-Speed A/T,White,Gray,None reported,Yes,19500.0,14,0.31732599957689867,4096.666666666667
Porsche,Panamera GTS,2015,39500,Gasoline,440.0HP 4.8L 8 Cylinder Engine Gasoline Fuel,Transmission w/Dual Shift Mode,Black,Black,None reported,Yes,52590.0,11,1.3313586997797524,3291.6666666666665
Mercedes-Benz,AMG GT C,2020,6600,Gasoline,550.0HP 4.0L 8 Cylinder Engine Gasoline Fuel,Transmission w/Dual Shift Mode,Black,Beige,None reported,Yes,128900.0,6,19.527344341766398,942.8571428571429
Chevrolet,Camaro 2SS,2023,2300,Gasoline,455.0HP 6.2L 8 Cylinder Engine Gasoline Fuel,6-Speed M/T,Red,Black,None reported,Yes,51500.0,3,22.381573229030856,575.0
Audi,Q7 Premium Plus,2023,10601,Hybrid,3.0 Liter TFSI,Automatic,Mythos Black,Black,None reported,Yes,61998.0,3,5.847764572722128,2650.25
Maserati,GranTurismo MC,2018,18000,Gasoline,454.0HP 4.7L 8 Cylinder Engine Gasoline Fuel,Transmission w/Dual Shift Mode,Red,Black,None reported,Yes,67000.0,8,3.7220154435864674,2000.0
GMC,Sierra 2500 AT4,2022,31681,Gasoline,6.6L V8 16V GDI OHV,Automatic,Cayenne Red Tintcoat,Jet Black,At least 1 accident or damage reported,Yes,67963.0,4,2.1451612903225805,6336.2
Cadillac,XT6 Sport AWD,2020,24114,Gasoline,3.6L V6 24V GDI DOHC,9-Speed Automatic,Garnet Red Metallic,Jet Black,At least 1 accident or damage reported,Yes,49427.0,6,2.0496371552975328,3444.8571428571427
Jeep,Grand Cherokee L Laredo,2022,22109,Gasoline,3.6L V6 24V MPFI DOHC,Automatic,Bright White Clearcoat,Global Black,None reported,Yes,43389.0,4,1.962415196743555,4421.8
Chevrolet,Avalanche 1500 LT,2012,148000,E85 Flex Fuel,320.0HP 5.3L 8 Cylinder Engine Flex Fuel Capability,A/T,Black,Black,None reported,Yes,18000.0,14,0.12162079985946041,9866.666666666666
BMW,M5 Base,2018,41000,Gasoline,600.0HP 4.4L 8 Cylinder Engine Gasoline Fuel,Transmission w/Dual Shift Mode,White,White,None reported,Yes,60200.0,8,1.468256871783615,4555.555555555556
Nissan,Titan SE,2009,127600,E85 Flex Fuel,317.0HP 5.6L 8 Cylinder Engine Flex Fuel Capability,A/T,Brown,Gray,None reported,Yes,19500.0,17,0.15282011896458492,7088.888888888889
Dodge,Ram 1500 SRT-10 Quad Cab,2005,138450,Gasoline,500.0HP 8.3L 10 Cylinder Engine Gasoline Fuel,4-Speed A/T,Red,Black,At least 1 accident or damage reported,Yes,19000.0,21,0.13723266715299998,6293.181818181818
GMC,Sierra 1500 SLT,2013,230000,E85 Flex Fuel,315.0HP 5.3L 8 Cylinder Engine Flex Fuel Capability,A/T,White,Black,None reported,Yes,15500.0,13,0.06739101134342894,16428.571428571428
Lexus,RX 350 F Sport,2017,53649,Gasoline,295.0HP 3.5L V6 Cylinder Engine Gasoline Fuel,A/T,Black,Red,None reported,Yes,33000.0,9,0.6150978564771669,5364.9
Mercedes-Benz,GL-Class GL 450 4MATIC,2012,174000,Gasoline,335.0HP 4.6L 8 Cylinder Engine Gasoline Fuel,7-Speed A/T,Black,Black,At least 1 accident or damage reported,Yes,11999.0,14,0.06895937379670232,11600.0
INFINITI,QX80 Luxe,2022,49860,Gasoline,5.6L V8 32V GDI DOHC,Automatic,Black Obsidian,Graphite,At least 1 accident or damage reported,Yes,47645.0,4,0.9555564469224443,9972.0
Mercedes-Benz,AMG C 63 S,2021,13650,Gasoline,503.0HP 4.0L 8 Cylinder Engine Gasoline Fuel,9-Speed A/T,Blue,Black,None reported,Yes,75000.0,5,5.4941029961175,2275.0
BMW,528 i xDrive,2016,134000,Gasoline,240.0HP 2.0L 4 Cylinder Engine Gasoline Fuel,A/T,Brown,Brown,At least 1 accident or damage reported,Yes,13500.0,10,0.10074551682450131,12181.818181818182
Porsche,911 Carrera,2014,78000,Gasoline,350.0HP 3.4L Flat 6 Cylinder Engine Gasoline Fuel,Transmission w/Dual Shift Mode,Brown,Brown,None reported,Yes,68000.0,12,0.8717836950808323,6000.0
Porsche,Boxster S,2005,65750,Gasoline,280.0HP 3.2L Flat 6 Cylinder Engine Gasoline Fuel,A/T,Blue,Gray,None reported,Yes,21750.0,21,0.33079344800839533,2988.6363636363635
BMW,X6 M Base,2021,18000,Gasoline,600.0HP 4.4L 8 Cylinder Engine Gasoline Fuel,8-Speed A/T,Black,Black,None reported,Yes,94000.0,5,5.221932114882507,3000.0
Ford,Mustang Premium,2007,121630,Gasoline,210.0HP 4.0L V6 Cylinder Engine Gasoline Fuel,A/T,White,Black,None reported,Yes,9450.0,19,0.07769400892864484,6081.5
Rivian,R1S Launch Edition,2023,4500,Gasoline,835.0HP Electric Motor Electric Fuel System,1-Speed A/T,Silver,Gray,None reported,Yes,89999.0,3,19.995334370139968,1125.0
Volvo,XC90 Recharge Plug-In Hybrid T8 Inscription 7 Passenger,2022,9408,Hybrid,2.0L I4 16V GDI DOHC Hybrid,8-Speed Automatic,Black,Gray,None reported,Yes,61999.0,4,6.589329365501116,1881.6
BMW,528 i xDrive,2016,120000,Gasoline,240.0HP 2.0L 4 Cylinder Engine Gasoline Fuel,A/T,White,White,None reported,Yes,16000.0,10,0.13333222223148142,10909.09090909091
Cadillac,Escalade ESV Platinum,2016,168600,Gasoline,420.0HP 6.2L 8 Cylinder Engine Gasoline Fuel,8-Speed A/T,White,Beige,None reported,Yes,29500.0,10,0.17496930623187287,15327.272727272728
Chevrolet,Corvette Base,2004,43705,Gasoline,350.0HP 5.7L 8 Cylinder Engine Gasoline Fuel,6-Speed M/T,Gray,Black,None reported,Yes,25900.0,22,0.5925959822450007,1900.2173913043478
Audi,A5 2.0T Premium,2013,111000,Gasoline,211.0HP 2.0L 4 Cylinder Engine Gasoline Fuel,Transmission w/Dual Shift Mode,Blue,Beige,None reported,Yes,11500.0,13,0.103602670246214,7928.571428571428
Audi,TT 2.0T Premium,2012,64549,Gasoline,211.0HP 2.0L 4 Cylinder Engine Gasoline Fuel,Transmission w/Dual Shift Mode,Silver,Black,None reported,Yes,17000.0,14,0.26336173508907823,4303.266666666666
Buick,LaCrosse CX,2007,53000,Gasoline,200.0HP 3.8L V6 Cylinder Engine Gasoline Fuel,4-Speed A/T,Red,Gray,None reported,Yes,6500.0,19,0.1226391954868776,2650.0
Chevrolet,Camaro 2SS,2017,13465,Gasoline,455.0HP 6.2L 8 Cylinder Engine Gasoline Fuel,8-Speed A/T,White,Black,None reported,Yes,44900.0,9,3.3343234813604634,1346.5
Tesla,Model Y Long Range,2023,5844,Gasoline,425.0HP Electric Motor Electric Fuel System,A/T,White,Black,None reported,Yes,52000.0,3,8.896492728828058,1461.0
BMW,M3 Base,2015,74000,Gasoline,425.0HP 3.0L Straight 6 Cylinder Engine Gasoline Fuel,M/T,Gray,Black,None reported,Yes,40000.0,11,0.5405332360373508,6166.666666666667
Kia,Optima LX,2011,100331,Gasoline,200.0HP 2.4L 4 Cylinder Engine Gasoline Fuel,A/T,Red,–,At least 1 accident or damage reported,Yes,6900.0,15,0.0687716780289439,6270.6875
Toyota,Supra 3.0 Premium,2022,24850,Gasoline,382.0HP 3.0L Straight 6 Cylinder Engine Gasoline Fuel,A/T,Black,Black,None reported,Yes,53568.0,4,2.1555671803951553,4970.0
Lincoln,Nautilus Reserve,2021,17467,Gasoline,2.0L I4 16V GDI DOHC Turbo,8-Speed Automatic,Pristine White,Slate,None reported,Yes,43860.0,5,2.5108770322876115,2911.1666666666665
Nissan,Pathfinder SL,2015,115000,Gasoline,260.0HP 3.5L V6 Cylinder Engine Gasoline Fuel,A/T,Gray,Black,None reported,Yes,11995.0,11,0.10430344083964488,9583.333333333334
BMW,X5 xDrive50i,2015,72000,Gasoline,445.0HP 4.4L 8 Cylinder Engine Gasoline Fuel,Transmission w/Dual Shift Mode,Black,Brown,At least 1 accident or damage reported,Yes,26500.0,11,0.3680504437438369,6000.0
Mazda,MazdaSpeed3 Grand Touring,2008,162000,Gasoline,263.0HP 2.3L 4 Cylinder Engine Gasoline Fuel,6-Speed M/T,Black,Black,At least 1 accident or damage reported,Yes,6500.0,18,0.04012320911599311,8526.315789473685
GMC,Yukon XL SLT,2017,47589,Gasoline,355.0HP 5.3L 8 Cylinder Engine Gasoline Fuel,A/T,Black,Black,None reported,Yes,45500.0,9,0.9560832107585627,4758.9
Toyota,bZ4X Limited,2023,6548,Gasoline,Electric,Automatic,Wind Chill Pearl,Black,None reported,Yes,41999.0,3,6.413040158802871,1637.0
RAM,ProMaster 2500 High Roof,2018,10339,Gasoline,280.0HP 3.6L V6 Cylinder Engine Gasoline Fuel,6-Speed A/T,White,Gray,None reported,Yes,36990.0,8,3.5773694390715667,1148.7777777777778
RAM,1500 Classic SLT,2021,32092,Gasoline,3.6L V6 24V MPFI DOHC,8-Speed Automatic,Patriot Blue Pearlcoat,Black,None reported,Yes,35113.0,5,1.0941015174648678,5348.666666666667
Lexus,GS 350 Base,2014,85275,Gasoline,3.5 Liter,Automatic,Nebula Gray Pearl,Black,At least 1 accident or damage reported,Yes,23998.0,12,0.28141563863220603,6559.615384615385
Hyundai,Tucson Limited,2016,138000,Gasoline,175.0HP 1.6L 4 Cylinder Engine Gasoline Fuel,7-Speed A/T,Brown,Beige,None reported,Yes,10990.0,10,0.07963710407895595,12545.454545454546
Chevrolet,SSR Base,2003,87500,Gasoline,300.0HP 5.3L 8 Cylinder Engine Gasoline Fuel,A/T,Red,Black,None reported,Yes,16999.0,23,0.194272065462109,3645.8333333333335
Maserati,GranTurismo Base,2013,34920,Gasoline,440.0HP 4.7L 8 Cylinder Engine Gasoline Fuel,6-Speed A/T,Gray,Brown,None reported,Yes,38900.0,13,1.1139428996878669,2494.285714285714
Tesla,Model X Performance,2020,27224,Gasoline,Electric,1-Speed Automatic,Black,Black,None reported,Yes,65999.0,6,2.4242056932966025,3889.1428571428573
BMW,M2 Base,2018,25000,Gasoline,365.0HP 3.0L Straight 6 Cylinder Engine Gasoline Fuel,7-Speed A/T,Black,Black,None reported,Yes,52000.0,8,2.0799168033278668,2777.777777777778
Tesla,Model Y Long Range,2021,14642,Gasoline,425.0HP Electric Motor Electric Fuel System,A/T,Red,Black,None reported,Yes,48500.0,5,3.312162808167725,2440.3333333333335
Subaru,Outback 2.5i Limited,2015,162000,Gasoline,175.0HP 2.5L 4 Cylinder Engine Gasoline Fuel,CVT Transmission,Gray,Black,None reported,Yes,13999.0,11,0.08641304683304424,13500.0
Land,Rover Range Rover 5.0L Supercharged,2017,101800,Gasoline,510.0HP 5.0L 8 Cylinder Engine Gasoline Fuel,A/T,Silver,Black,None reported,Yes,36500.0,9,0.3585426469288121,10180.0
Ford,Expedition Max XLT,2021,84351,Gasoline,3.5L V6 24V PDI DOHC Twin Turbo,10-Speed Automatic,Blue,Ebony,None reported,Yes,42691.0,5,0.5061053679817906,14058.5
Nissan,Leaf SL,2012,26930,Gasoline,107.0HP Electric Motor Electric Fuel System,1-Speed A/T,White,Beige,None reported,Yes,6700.0,14,0.24878392930080576,1795.3333333333333
Toyota,Tacoma TRD Pro,2019,40698,Gasoline,3.5L V6 24V PDI DOHC,6-Speed,Super White,Black,None reported,Yes,42886.0,7,1.0537359640286001,5087.25
Mercedes-Benz,AMG GT 63 S 4-Door,2020,40000,Gasoline,630.0HP 4.0L 8 Cylinder Engine Gasoline Fuel,9-Speed A/T,Black,Red,None reported,Yes,112500.0,6,2.8124296892577685,5714.285714285715
BMW,230 i,2019,30000,Gasoline,248.0HP 2.0L 4 Cylinder Engine Gasoline Fuel,8-Speed A/T,Blue,Beige,At least 1 accident or damage reported,Yes,29000.0,7,0.9666344455184828,3750.0
Lexus,ES 350 Base,2007,78980,Gasoline,272.0HP 3.5L V6 Cylinder Engine Gasoline Fuel,6-Speed A/T,Silver,Beige,At least 1 accident or damage reported,Yes,10600.0,19,0.13420949342246868,3949.0
Porsche,911 Carrera S Cabriolet,2007,28844,Gasoline,3.8L H6 24V MPFI DOHC,6-Speed Manual,White,Beige,None reported,Yes,69995.0,19,2.4265903969492113,1442.2
Porsche,Taycan Turbo,2020,21028,Gasoline,Dual AC Electric Motors,Single-Speed Fixed Gear,BLACK,BEIGE,None reported,Yes,96900.0,6,4.607922392886015,3004.0
Maserati,Levante Modena,2023,5409,Gasoline,3.0L V6 24V GDI DOHC Twin Turbo,8-Speed Automatic,Blu,Black,None reported,Yes,88950.0,3,16.44177449168207,1352.25
Dodge,Challenger SRT Hellcat,2020,12700,Gasoline,717.0HP 6.2L 8 Cylinder Engine Gasoline Fuel,8-Speed A/T,Black,Black,At least 1 accident or damage reported,Yes,69900.0,6,5.503503661129045,1814.2857142857142
Mazda,Mazda6 Touring,2021,19000,Gasoline,187.0HP 2.5L 4 Cylinder Engine Gasoline Fuel,A/T,Blue,Black,None reported,Yes,25900.0,5,1.3630861533603496,3166.6666666666665
Audi,S4 3.0T Premium,2019,12000,Gasoline,349.0HP 3.0L V6 Cylinder Engine Gasoline Fuel,A/T,Black,Black,None reported,Yes,48000.0,7,3.99966669444213,1500.0
Ford,Mustang GT Premium,2016,25717,Gasoline,435.0HP 5.0L 8 Cylinder Engine Gasoline Fuel,6-Speed M/T,Black,Black,None reported,Yes,33900.0,10,1.318142934909402,2337.909090909091
Tesla,Model Y Long Range,2022,12055,Gasoline,425.0HP Electric Motor Electric Fuel System,A/T,Blue,Black,None reported,Yes,44400.0,4,3.682813536828135,2411.0
Audi,TTS 2.0T Premium Plus,2011,69700,Gasoline,265.0HP 2.0L 4 Cylinder Engine Gasoline Fuel,6-Speed A/T,Orange,–,At least 1 accident or damage reported,Yes,23000.0,15,0.3299809184947131,4356.25
BMW,M2 Competition,2020,25013,Gasoline,405.0HP 3.0L Straight 6 Cylinder Engine Gasoline Fuel,7-Speed A/T,Black,Black,None reported,Yes,55000.0,6,2.198768689533861,3573.285714285714
Audi,Q4 e-tron Sportback Premium,2023,1156,Gasoline,295.0HP Electric Motor Electric Fuel System,A/T,Blue,Black,None reported,Yes,54900.0,3,47.45030250648228,289.0
BMW,740 i,2016,57939,Gasoline,320.0HP 3.0L Straight 6 Cylinder Engine Gasoline Fuel,8-Speed A/T,Gray,Black,None reported,Yes,27500.0,10,0.47462892647566446,5267.181818181818
Mercedes-Benz,AMG GLE 43 Coupe 4MATIC,2018,52694,Gasoline,385.0HP 3.0L V6 Cylinder Engine Gasoline Fuel,Transmission w/Dual Shift Mode,Gray,Black,None reported,Yes,49999.0,8,0.9488376506309897,5854.888888888889
Mercedes-Benz,S-Class S 550 4MATIC,2015,54000,Gasoline,449.0HP 4.7L 8 Cylinder Engine Gasoline Fuel,7-Speed A/T,White,Beige,None reported,Yes,37000.0,11,0.6851724968056148,4500.0
Chevrolet,Colorado Z71,2020,20909,Gasoline,3.6L V6 24V GDI DOHC,Automatic,Red,Jet Black,None reported,Yes,35387.0,6,1.6923481587757054,2987.0
Mercedes-Benz,S-Class S 63 AMG,2013,77648,Gasoline,536.0HP 5.5L 8 Cylinder Engine Gasoline Fuel,7-Speed A/T,Silver,Black,None reported,Yes,40000.0,13,0.515138636685598,5546.285714285715
Bentley,Continental GTC Base,2013,79422,Gasoline,616.0HP 6.0L 12 Cylinder Engine Gasoline Fuel,8-Speed A/T,Black,Black,None reported,Yes,64000.0,13,0.8058119184619065,5673.0
Audi,SQ5 3.0T Premium,2020,21832,Gasoline,349.0HP 3.0L V6 Cylinder Engine Gasoline Fuel,8-Speed A/T,Blue,Black,None reported,Yes,42000.0,6,1.9236934915036872,3118.8571428571427
Toyota,Corolla iM Base,2017,41932,Gasoline,137.0HP 1.8L 4 Cylinder Engine Gasoline Fuel,6-Speed M/T,Black,Black,None reported,Yes,18700.0,9,0.4459494908544583,4193.2
GMC,Yukon XL SLT,2017,110000,Gasoline,355.0HP 5.3L 8 Cylinder Engine Gasoline Fuel,A/T,Blue,Black,At least 1 accident or damage reported,Yes,34999.0,9,0.3181698348196835,11000.0
Toyota,Tundra 1794,2020,67400,Gasoline,381.0HP 5.7L 8 Cylinder Engine Gasoline Fuel,A/T,Black,Brown,None reported,Yes,47500.0,6,0.7047373184374119,9628.57142857143
Subaru,WRX Premium,2017,62662,Gasoline,268.0HP 2.0L 4 Cylinder Engine Gasoline Fuel,M/T,Red,Black,At least 1 accident or damage reported,Yes,24000.0,9,0.3830011330450186,6266.2
Subaru,WRX Base,2015,102000,Gasoline,268.0HP 2.0L 4 Cylinder Engine Gasoline Fuel,M/T,White,Black,At least 1 accident or damage reported,Yes,18000.0,11,0.17646885814844954,8500.0
INFINITI,Q50 Premium,2014,79785,Gasoline,328.0HP 3.7L V6 Cylinder Engine Gasoline Fuel,7-Speed A/T,Red,White,At least 1 accident or damage reported,Yes,16488.0,12,0.20665279622991503,6137.307692307692
Chevrolet,Suburban Premier,2017,166549,Gasoline,355.0HP 5.3L 8 Cylinder Engine Gasoline Fuel,6-Speed A/T,White,Beige,At least 1 accident or damage reported,Yes,24950.0,9,0.14980486340438307,16654.9
Toyota,Sequoia Limited,2006,190656,Gasoline,273.0HP 4.7L 8 Cylinder Engine Gasoline Fuel,A/T,Black,Gray,At least 1 accident or damage reported,Yes,8900.0,20,0.046680688356577515,9078.857142857143
Dodge,Challenger R/T Scat Pack,2016,7928,–,–,6-Speed M/T,Red,Red,None reported,Yes,37500.0,10,4.729474082482028,720.7272727272727
Porsche,Cayenne GTS,2009,135606,Gasoline,405.0HP 4.8L 8 Cylinder Engine Gasoline Fuel,Transmission w/Dual Shift Mode,Black,Black,None reported,Yes,15000.0,17,0.11061375887675415,7533.666666666667
Kia,Telluride S,2023,14700,Gasoline,291.0HP 3.8L V6 Cylinder Engine Gasoline Fuel,8-Speed A/T,Blue,Black,None reported,Yes,39900.0,3,2.7141010815590776,3675.0
Mercedes-Benz,AMG E 63 S 4MATIC,2019,12985,Gasoline,603.0HP 4.0L 8 Cylinder Engine Gasoline Fuel,9-Speed A/T,Gray,Black,At least 1 accident or damage reported,Yes,96000.0,7,7.3925766209764365,1623.125
BMW,Z4 sDrive35is,2014,4200,Gasoline,335.0HP 3.0L Straight 6 Cylinder Engine Gasoline Fuel,Transmission w/Dual Shift Mode,White,Red,None reported,Yes,64995.0,12,15.471316353249227,323.0769230769231
Subaru,Impreza 2.0i Sport,2017,44000,Gasoline,152.0HP 2.0L 4 Cylinder Engine Gasoline Fuel,5-Speed M/T,Red,Black,None reported,Yes,23500.0,9,0.5340787709370242,4400.0
Dodge,Dart SE,2015,66000,Gasoline,160.0HP 2.0L 4 Cylinder Engine Gasoline Fuel,6-Speed M/T,Black,Black,None reported,Yes,12000.0,11,0.18181542703898426,5500.0
Land,Rover Range Rover P525 Westminster,2021,17945,Gasoline,5.0L V8 32V GDI DOHC Supercharged,8-Speed Automatic,Santorini Black Metallic,Ebony,None reported,Yes,89900.0,5,5.009472863033545,2990.8333333333335
Nissan,370Z Base,2013,106700,Gasoline,332.0HP 3.7L V6 Cylinder Engine Gasoline Fuel,6-Speed M/T,Red,Black,None reported,Yes,17500.0,13,0.16400970937479498,7621.428571428572
Cadillac,Escalade ESV Luxury,2020,120000,Gasoline,420.0HP 6.2L 8 Cylinder Engine Gasoline Fuel,10-Speed A/T,Black,Black,None reported,Yes,55000.0,6,0.4583295139207173,17142.85714285714
Mercedes-Benz,E-Class E 350,2012,59600,Gasoline,302.0HP 3.5L V6 Cylinder Engine Gasoline Fuel,Transmission w/Dual Shift Mode,White,Beige,None reported,Yes,19900.0,14,0.33388701531853493,3973.3333333333335
Kia,Optima Hybrid EX,2012,117220,Hybrid,206.0HP 2.4L 4 Cylinder Engine Gas/Electric Hybrid,A/T,Black,Black,None reported,Yes,8900.0,14,0.07592496225079123,7814.666666666667
Chevrolet,Silverado 3500 LTZ,2022,85200,Diesel,445.0HP 6.6L 8 Cylinder Engine Diesel Fuel,10-Speed A/T,Silver,Gray,None reported,Yes,67500.0,4,0.7922442224856516,17040.0
Volkswagen,Golf GTI 2.0T SE 4-Door,2018,63450,Gasoline,220.0HP 2.0L 4 Cylinder Engine Gasoline Fuel,6-Speed M/T,White,Black,None reported,Yes,24325.0,8,0.38336669240831506,7050.0
Dodge,Ram 1500 SRT-10,2004,73000,Gasoline,500.0HP 8.3L 10 Cylinder Engine Gasoline Fuel,6-Speed M/T,Black,Gray,None reported,Yes,22500.0,22,0.30821495595950743,3173.913043478261
Scion,tC Anniversary Edition,2014,115000,Gasoline,179.0HP 2.5L 4 Cylinder Engine Gasoline Fuel,6-Speed M/T,Silver,Silver,None reported,Yes,11495.0,12,0.09995565255954296,8846.153846153846
Land,Rover Range Rover 5.0L Supercharged Autobiography,2016,56000,Gasoline,510.0HP 5.0L 8 Cylinder Engine Gasoline Fuel,8-Speed A/T,Black,Brown,None reported,Yes,49900.0,10,0.8910555168657702,5090.909090909091
Lexus,LS 500 Base,2018,67296,Gasoline,"3.5L V-6 port/direct injection, DOHC, VVT-iE/VVT-i variable valv","Automatic, 10-Spd",–,–,None reported,Yes,40900.0,8,0.6077536888717179,7477.333333333333
Chevrolet,Suburban 1500 LT,2015,179200,Gasoline,355.0HP 5.3L 8 Cylinder Engine Gasoline Fuel,6-Speed A/T,Black,–,At least 1 accident or damage reported,Yes,16000.0,11,0.08928521604232119,14933.333333333334
Maserati,GranTurismo Base,2015,28000,Gasoline,444.0HP 4.7L 8 Cylinder Engine Gasoline Fuel,6-Speed A/T,White,Red,None reported,Yes,44999.0,11,1.6070497482232777,2333.3333333333335
Porsche,911 Carrera Turbo,2003,155000,Gasoline,415.0HP 3.6L Flat 6 Cylinder Engine Gasoline Fuel,6-Speed M/T,Black,Black,None reported,Yes,55000.0,23,0.3548364204101909,6458.333333333333
Hyundai,Sonata Hybrid Base,2012,154000,Hybrid,206.0HP 2.4L 4 Cylinder Engine Gas/Electric Hybrid,A/T,Green,Gray,At least 1 accident or damage reported,Yes,8500.0,14,0.055194446789306566,10266.666666666666
Cadillac,CTS Luxury,2012,62500,Gasoline,270.0HP 3.0L V6 Cylinder Engine Gasoline Fuel,6-Speed A/T,Red,Beige,At least 1 accident or damage reported,Yes,18955.0,14,0.30327514759763846,4166.666666666667
Tesla,Model 3 Standard Range Plus,2019,83700,Gasoline,Electric Motor Electric Fuel System,A/T,Black,Black,At least 1 accident or damage reported,Yes,26000.0,7,0.3106295026343771,10462.5
Nissan,370Z Touring,2012,65000,Gasoline,332.0HP 3.7L V6 Cylinder Engine Gasoline Fuel,6-Speed M/T,Gray,Black,None reported,Yes,21500.0,14,0.33076414209012167,4333.333333333333
Mercedes-Benz,GLS 450 Base 4MATIC,2018,62808,Gasoline,3.0 Liter DOHC Twin Turbo,Automatic,Black,–,At least 1 accident or damage reported,Yes,38598.0,8,0.6145297648426181,6978.666666666667
Ford,Mustang GT Premium,2021,3000,Gasoline,460.0HP 5.0L 8 Cylinder Engine Gasoline Fuel,6-Speed M/T,Red,Black,None reported,Yes,49500.0,5,16.494501832722428,500.0
Audi,Q5 2.0T Premium,2012,119000,Gasoline,211.0HP 2.0L 4 Cylinder Engine Gasoline Fuel,A/T,Gray,–,None reported,Yes,12000.0,14,0.10083948874379207,7933.333333333333
RAM,2500 Big Horn,2013,198868,Diesel,350.0HP 6.7L Straight 6 Cylinder Engine Diesel Fuel,6-Speed A/T,Brown,Beige,None reported,Yes,25000.0,13,0.12571089511185757,14204.857142857143
Dodge,Ram 1500 ST,2011,188000,Gasoline,210.0HP 3.7L V6 Cylinder Engine Gasoline Fuel,A/T,Silver,Black,At least 1 accident or damage reported,Yes,8500.0,15,0.04521252546529008,11750.0
Mercedes-Benz,C-Class C 300 4MATIC Sport,2013,157405,Gasoline,248.0HP 3.5L V6 Cylinder Engine Gasoline Fuel,A/T,Black,Black,None reported,Yes,10750.0,13,0.06829472828227641,11243.214285714286
Dodge,Challenger SRT Hellcat,2016,8228,Gasoline,707.0HP 6.2L 8 Cylinder Engine Gasoline Fuel,8-Speed A/T,Blue,Black,None reported,Yes,62500.0,10,7.595090533479159,748.0
Land,Rover Range Rover 3.0L Supercharged HSE,2018,73101,Gasoline,380.0HP 3.0L V6 Cylinder Engine Gasoline Fuel,A/T,Blue,Beige,None reported,Yes,42950.0,8,0.5875352247544526,8122.333333333333
BMW,M4 Base,2018,10950,Gasoline,425.0HP 3.0L Straight 6 Cylinder Engine Gasoline Fuel,6-Speed M/T,White,White,None reported,Yes,60995.0,8,5.56981097616656,1216.6666666666667
Mercedes-Benz,S-Class S 560 4MATIC,2018,63160,Gasoline,463.0HP 4.0L 8 Cylinder Engine Gasoline Fuel,A/T,Black,–,At least 1 accident or damage reported,Yes,47000.0,8,0.7441300802710533,7017.777777777777
Land,Rover Range Rover 5.0L V8 Supercharged,2019,31866,Gasoline,"5L V-8 gasoline direct injection, DOHC, variable valve control,","Automatic, 8-Spd",–,–,None reported,Yes,68900.0,7,2.162111274986663,3983.25
Chevrolet,Express 3500 Base,2009,75000,Gasoline,319.0HP 6.0L 8 Cylinder Engine Gasoline Fuel,A/T,White,Gray,None reported,Yes,18900.0,17,0.2519966400447994,4166.666666666667
Toyota,4Runner TRD Pro,2016,98000,Gasoline,270.0HP 4.0L V6 Cylinder Engine Gasoline Fuel,A/T,Black,Black,At least 1 accident or damage reported,Yes,36000.0,10,0.3673431903756084,8909.09090909091
Mazda,MX-5 Miata Grand Touring,2012,33576,Gasoline,167.0HP 2.0L 4 Cylinder Engine Gasoline Fuel,6-Speed M/T,Red,Beige,None reported,Yes,18900.0,14,0.562885308395628,2238.4
Volkswagen,Touareg VR6 Lux,2012,123200,Gasoline,280.0HP 3.6L V6 Cylinder Engine Gasoline Fuel,A/T,Gray,Beige,At least 1 accident or damage reported,Yes,12449.0,14,0.10104625774141443,8213.333333333334
Jaguar,XJ Base,2013,112000,Gasoline,340.0HP 3.0L V6 Cylinder Engine Gasoline Fuel,A/T,Blue,White,None reported,Yes,8800.0,13,0.07857072704707993,8000.0
Chevrolet,Camaro 2SS,2010,68000,Gasoline,426.0HP 6.2L 8 Cylinder Engine Gasoline Fuel,6-Speed A/T,Gray,Gray,At least 1 accident or damage reported,Yes,19500.0,16,0.2867604888163409,4000.0
INFINITI,G37 x,2012,120000,Gasoline,328.0HP 3.7L V6 Cylinder Engine Gasoline Fuel,Transmission w/Dual Shift Mode,Red,Black,At least 1 accident or damage reported,Yes,14500.0,14,0.12083232639728002,8000.0
BMW,X6 xDrive50i,2019,45000,Gasoline,445.0HP 4.4L 8 Cylinder Engine Gasoline Fuel,8-Speed A/T,Silver,Black,At least 1 accident or damage reported,Yes,46999.0,7,1.0443990133552588,5625.0
Chevrolet,Camaro LT1,2022,6700,Gasoline,455.0HP 6.2L 8 Cylinder Engine Gasoline Fuel,10-Speed A/T,Gray,Black,None reported,Yes,39500.0,4,5.894642590658111,1340.0
Porsche,Taycan Base,2021,6785,Gasoline,Electric,2-Speed Automatic,Gentian Blue Metallic,Black,None reported,Yes,108900.0,5,16.047745358090186,1130.8333333333333
Mercedes-Benz,S-Class S 63 AMG,2015,40900,Gasoline,577.0HP 5.5L 8 Cylinder Engine Gasoline Fuel,7-Speed A/T,White,–,None reported,Yes,59750.0,11,1.460844478130119,3408.3333333333335
Cadillac,Escalade ESV Premium Luxury,2018,74150,Gasoline,420.0HP 6.2L 8 Cylinder Engine Gasoline Fuel,10-Speed A/T,Gold,Brown,None reported,Yes,45000.0,8,0.6068697657482705,8238.888888888889
Toyota,Camry Hybrid XLE,2014,94448,Hybrid,200.0HP 2.5L 4 Cylinder Engine Gas/Electric Hybrid,A/T,Silver,Gray,None reported,Yes,15999.0,12,0.16939300574913446,7265.2307692307695
Audi,A6 3.0T Prestige,2015,108000,Gasoline,310.0HP 3.0L V6 Cylinder Engine Gasoline Fuel,Transmission w/Dual Shift Mode,Black,Brown,None reported,Yes,19998.0,11,0.18516495217636875,9000.0
BMW,X5 M Base,2012,118000,Gasoline,555.0HP 4.4L 8 Cylinder Engine Gasoline Fuel,Transmission w/Dual Shift Mode,White,Orange,At least 1 accident or damage reported,Yes,17000.0,14,0.14406657570698553,7866.666666666667
Jaguar,F-PACE SVR,2020,38800,Gasoline,550.0HP 5.0L 8 Cylinder Engine Gasoline Fuel,Transmission w/Dual Shift Mode,Black,Black,None reported,Yes,57500.0,6,1.4819205690574986,5542.857142857143
BMW,740 i,2017,55000,Gasoline,320.0HP 3.0L Straight 6 Cylinder Engine Gasoline Fuel,Transmission w/Dual Shift Mode,White,Black,None reported,Yes,40000.0,9,0.7272595043726477,5500.0
BMW,M340 i xDrive,2021,34967,Hybrid,382.0HP 3.0L Straight 6 Cylinder Engine Gasoline/Mild Electric Hybrid,8-Speed A/T,Blue,Beige,At least 1 accident or damage reported,Yes,49999.0,5,1.4298501487073896,5827.833333333333
Jeep,Wrangler Unlimited Sport,2016,85325,Gasoline,285.0HP 3.6L V6 Cylinder Engine Gasoline Fuel,5-Speed A/T,Black,Black,None reported,Yes,30000.0,10,0.35159271499894523,7756.818181818182
RAM,2500 Tradesman,2018,63750,Gasoline,410.0HP 6.4L 8 Cylinder Engine Gasoline Fuel,6-Speed A/T,Gray,Gray,None reported,Yes,36000.0,8,0.5646970243604021,7083.333333333333
Ford,Mustang V6,2016,87248,Gasoline,300.0HP 3.7L V6 Cylinder Engine Gasoline Fuel,6-Speed A/T,Black,Black,None reported,Yes,19999.0,10,0.22921752684844526,7931.636363636364
Mercedes-Benz,GL-Class GL 450,2011,112854,Gasoline,335.0HP 4.7L 8 Cylinder Engine Gasoline Fuel,7-Speed A/T,White,Black,None reported,Yes,11999.0,15,0.10632227194187231,7053.375
Rivian,R1S Adventure Package,2023,1150,Gasoline,835.0HP Electric Motor Electric Fuel System,A/T,Green,Black,None reported,Yes,96850.0,3,84.14422241529105,287.5
Tesla,Model Y Long Range,2023,10000,Gasoline,425.0HP Electric Motor Electric Fuel System,A/T,Blue,Black,None reported,Yes,48000.0,3,4.7995200479952,2500.0
Mercedes-Benz,E-Class E 350,2022,14100,Gasoline,255.0HP 2.0L 4 Cylinder Engine Gasoline Fuel,9-Speed A/T,Gray,Black,None reported,Yes,53000.0,4,3.7585986809446137,2820.0
BMW,X7 xDrive40i,2023,14360,Hybrid,375.0HP 3.0L Straight 6 Cylinder Engine Gasoline/Mild Electric Hybrid,8-Speed A/T,Black,Black,None reported,Yes,85495.0,3,5.953276234245526,3590.0
Chevrolet,Trailblazer RS,2023,10000,Gasoline,155.0HP 1.3L 3 Cylinder Engine Gasoline Fuel,9-Speed A/T,Blue,Black,None reported,Yes,32000.0,3,3.1996800319968,2500.0
Chevrolet,Suburban 1500 LTZ,2015,217500,Gasoline,355.0HP 5.3L 8 Cylinder Engine Gasoline Fuel,A/T,Black,Black,None reported,Yes,20000.0,11,0.09195360021333235,18125.0
Chevrolet,Suburban Premier,2021,73846,Gasoline,5.3L V8 16V GDI OHV,10-Speed Automatic,Midnight Blue Metallic,Jet Black,None reported,Yes,60995.0,5,0.8259644941568378,12307.666666666666
Jeep,Gladiator Overland,2020,40000,Gasoline,285.0HP 3.6L V6 Cylinder Engine Gasoline Fuel,Transmission w/Dual Shift Mode,Gray,Black,None reported,Yes,45000.0,6,1.1249718757031075,5714.285714285715
GMC,Yukon XL AT4,2023,9980,Gasoline,355.0HP 5.3L 8 Cylinder Engine Gasoline Fuel,10-Speed A/T,Black,Black,None reported,Yes,82000.0,3,8.215609658350866,2495.0
Mazda,Mazda6 Grand Touring Reserve,2019,41997,Gasoline,227.0HP 2.5L 4 Cylinder Engine Gasoline Fuel,6-Speed A/T,Black,Black,None reported,Yes,24995.0,7,0.5951473879708558,5249.625
Alfa,Romeo Giulia Ti,2021,2000,Gasoline,280.0HP 2.0L 4 Cylinder Engine Gasoline Fuel,8-Speed A/T,Blue,Brown,None reported,Yes,39000.0,5,19.490254872563717,333.3333333333333
Mercedes-Benz,CLA-Class CLA 250,2016,42750,Gasoline,208.0HP 2.0L 4 Cylinder Engine Gasoline Fuel,Transmission w/Dual Shift Mode,Black,Black,At least 1 accident or damage reported,Yes,22999.0,10,0.537975719866202,3886.3636363636365
BMW,330 330i xDrive,2019,19473,Gasoline,Intercooled Turbo Premium Unleaded I-4 2.0 L/122,Automatic,Alpine White,Canberra Beige,None reported,Yes,31698.0,7,1.6277087398582726,2434.125
Volkswagen,Beetle 2.0T S,2019,35340,Gasoline,174.0HP 2.0L 4 Cylinder Engine Gasoline Fuel,A/T,Black,Gray,None reported,Yes,23000.0,7,0.6508021844316799,4417.5
Mercedes-Benz,CLK-Class CLK 350,2008,93000,Gasoline,268.0HP 3.5L V6 Cylinder Engine Gasoline Fuel,7-Speed A/T,White,Beige,At least 1 accident or damage reported,Yes,12000.0,18,0.12903087063579963,4894.736842105263
Audi,RS 7 4.0T Prestige,2014,66150,Gasoline,560.0HP 4.0L 8 Cylinder Engine Gasoline Fuel,8-Speed A/T,White,Black,At least 1 accident or damage reported,Yes,47995.0,12,0.725537028918686,5088.461538461538
Volvo,XC60 Recharge Plug-In Hybrid T8 Inscription,2022,19352,Plug-In Hybrid,455.0HP 2.0L 4 Cylinder Engine Plug-In Electric/Gas,8-Speed A/T,Blue,Beige,None reported,Yes,54599.0,4,2.8212163488864777,3870.4
Land,Rover Range Rover Supercharged LWB,2020,81000,Gasoline,518.0HP 5.0L 8 Cylinder Engine Gasoline Fuel,A/T,Black,Black,None reported,Yes,64800.0,6,0.7999901235787212,11571.42857142857
Toyota,Sequoia Limited,2011,183000,Gasoline,381.0HP 5.7L 8 Cylinder Engine Gasoline Fuel,6-Speed A/T,Gold,Beige,None reported,Yes,16000.0,15,0.08743121622286217,11437.5
Jeep,Wrangler X,2004,44000,Gasoline,190.0HP 4.0L Straight 6 Cylinder Engine Gasoline Fuel,M/T,Green,Green,At least 1 accident or damage reported,Yes,24999.0,22,0.5681461784959433,1913.0434782608695
Audi,S5 3.0T Premium,2021,18100,Gasoline,349.0HP 3.0L V6 Cylinder Engine Gasoline Fuel,8-Speed A/T,Gray,Gray,None reported,Yes,51800.0,5,2.8617203469421577,3016.6666666666665
Land,Rover Range Rover Sport Supercharged,2011,40000,Gasoline,510.0HP 5.0L 8 Cylinder Engine Gasoline Fuel,Transmission w/Dual Shift Mode,Blue,Brown,At least 1 accident or damage reported,Yes,20000.0,15,0.4999875003124922,2500.0
Mercedes-Benz,Sprinter 2500,2011,120000,Diesel,188.0HP 3.0L V6 Cylinder Engine Diesel Fuel,5-Speed A/T,Black,Gray,None reported,Yes,31999.0,15,0.26665611119907334,7500.0
Toyota,Sequoia Platinum,2023,325,Hybrid,437.0HP 3.4L V6 Cylinder Engine Gas/Electric Hybrid,10-Speed A/T,Blue,Gray,None reported,Yes,84997.0,3,260.7269938650307,81.25
Maserati,Quattroporte S GranLusso,2017,55000,Gasoline,405.0HP 3.0L V6 Cylinder Engine Gasoline Fuel,A/T,Blue,Black,None reported,Yes,39100.0,9,0.7108961655242632,5500.0
Lamborghini,Aventador SVJ Base,2021,6987,Gasoline,6.5L V12 48V MPFI DOHC,7-Speed,–,Nero Ade,None reported,Yes,749950.0,5,107.31969089868346,1164.5
Ford,Mustang Bullitt,2019,48500,Gasoline,480.0HP 5.0L 8 Cylinder Engine Gasoline Fuel,6-Speed M/T,Black,Black,At least 1 accident or damage reported,Yes,44999.0,7,0.927795303189625,6062.5
RAM,2500 Tradesman,2018,52000,Diesel,350.0HP 6.7L Straight 6 Cylinder Engine Diesel Fuel,6-Speed A/T,Gray,Black,None reported,Yes,50000.0,8,0.9615199707697929,5777.777777777777
Toyota,FJ Cruiser Base,2007,179000,Gasoline,239.0HP 4.0L V6 Cylinder Engine Gasoline Fuel,A/T,Silver,Black,At least 1 accident or damage reported,Yes,17900.0,19,0.09999944134390311,8950.0
Dodge,Charger Scat Pack,2019,42626,Gasoline,485.0HP 6.4L 8 Cylinder Engine Gasoline Fuel,8-Speed A/T,Silver,Red,None reported,Yes,42000.0,7,0.9852910127384052,5328.25
Lexus,GX 460 Base,2018,65900,Gasoline,301.0HP 4.6L 8 Cylinder Engine Gasoline Fuel,Transmission w/Dual Shift Mode,Gray,Black,At least 1 accident or damage reported,Yes,34700.0,8,0.526547396852855,7322.222222222223
Genesis,GV80 2.5T,2022,7523,Gasoline,2.5L I4 16V PDI DOHC Turbo,8-Speed Automatic,Black,Black,None reported,Yes,54543.0,4,7.249202551834131,1504.6
Jaguar,F-PACE 30t R-Sport,2019,34365,Gasoline,2.0 Liter,Automatic,Yulong,Ebony,None reported,Yes,59598.0,7,1.7342140487691322,4295.625
Kia,Sportage S,2021,16949,Gasoline,2.4L I4 16V GDI DOHC,6-Speed Automatic,Hyper Red,Black,None reported,Yes,24995.0,5,1.474631268436578,2824.8333333333335
Mercedes-Benz,S-Class S 580 4MATIC,2022,7968,Hybrid,496.0HP 4.0L 8 Cylinder Engine Gasoline/Mild Electric Hybrid,9-Speed A/T,White,White,None reported,Yes,104999.0,4,13.175931735474965,1593.6
Porsche,Panamera Base,2018,61000,Gasoline,330.0HP 3.0L V6 Cylinder Engine Gasoline Fuel,Transmission w/Dual Shift Mode,Gray,Gray,None reported,Yes,57500.0,8,0.9426074982377338,6777.777777777777
INFINITI,QX80 Base,2018,100564,Gasoline,5.6L V8 32V GDI DOHC,7-Speed Automatic,Black,Graphite,None reported,Yes,23105.0,8,0.22975190175508378,11173.777777777777
Ford,Maverick Lariat,2022,13700,Hybrid,191.0HP 2.5L 4 Cylinder Engine Gas/Electric Hybrid,CVT Transmission,Blue,Brown,None reported,Yes,39500.0,4,2.8830012407853443,2740.0
Kia,Telluride SX,2021,38612,Gasoline,3.8L V6 24V GDI DOHC,8-Speed Automatic,Ebony Black,Black,None reported,Yes,42242.0,5,1.0939838914355269,6435.333333333333
Chevrolet,Colorado Z85,2005,155000,Gasoline,220.0HP 3.5L 5 Cylinder Engine Gasoline Fuel,A/T,Blue,Gray,At least 1 accident or damage reported,Yes,7995.0,21,0.05158031238508139,7045.454545454545
Mercedes-Benz,E-Class E 550,2017,56000,Gasoline,402.0HP 4.7L 8 Cylinder Engine Gasoline Fuel,Transmission w/Dual Shift Mode,Gray,White,None reported,Yes,35750.0,9,0.6383814574739737,5600.0
Land,Rover Range Rover Sport SVR,2022,15107,Gasoline,5.0L V8 32V GDI DOHC Supercharged,8-Speed Automatic,Santorini Black Metallic,Ebony,None reported,Yes,114900.0,4,7.605242255758538,3021.4
Toyota,Corolla Hybrid LE,2022,44459,Hybrid,121.0HP 1.8L 4 Cylinder Engine Gas/Electric Hybrid,A/T,Silver,Gray,None reported,Yes,22945.0,4,0.5160818713450293,8891.8
Mercedes-Benz,E-Class E 300 4MATIC,2017,31000,Gasoline,241.0HP 2.0L 4 Cylinder Engine Gasoline Fuel,A/T,Blue,White,At least 1 accident or damage reported,Yes,38000.0,9,1.2257669107448146,3100.0
Mercedes-Benz,SLK-Class SLK 350,2012,44000,Gasoline,302.0HP 3.5L V6 Cylinder Engine Gasoline Fuel,Transmission w/Dual Shift Mode,Gray,White,At least 1 accident or damage reported,Yes,22222.0,14,0.505033976500534,2933.3333333333335
Mercedes-Benz,E-Class E 400 4MATIC,2018,22558,Gasoline,3.0L V6 24V GDI DOHC Twin Turbo,9-Speed Automatic,Black,Black,None reported,Yes,47645.0,8,2.112017376656767,2506.4444444444443
Jeep,Wrangler X,2003,116157,Gasoline,210.0HP 4.0L Straight 6 Cylinder Engine Gasoline Fuel,4-Speed A/T,Beige,Beige,None reported,Yes,14250.0,23,0.12267773205461527,4839.875
Lincoln,Navigator Premiere,2018,23500,Gasoline,450.0HP 3.5L V6 Cylinder Engine Gasoline Fuel,10-Speed A/T,Black,Black,At least 1 accident or damage reported,Yes,50000.0,8,2.1275690396153357,2611.1111111111113
Chevrolet,Corvette Base,2008,28150,Gasoline,430.0HP 6.2L 8 Cylinder Engine Gasoline Fuel,Transmission w/Dual Shift Mode,Red,Beige,None reported,Yes,31000.0,18,1.101204220098753,1481.578947368421
GMC,Yukon XL Denali,2016,137500,Gasoline,420.0HP 6.2L 8 Cylinder Engine Gasoline Fuel,A/T,Black,Black,At least 1 accident or damage reported,Yes,29500.0,10,0.2145438942262238,12500.0
Mercedes-Benz,Metris Base,2021,2284,Gasoline,2.0L I4 16V GDI DOHC Turbo,9-Speed Automatic,Black,Tan,None reported,Yes,157500.0,5,68.92778993435448,380.6666666666667
Land,Rover Range Rover P530 SE LWB 7 Seat,2023,350,Gasoline,523.0HP 4.4L 8 Cylinder Engine Gasoline Fuel,Transmission w/Dual Shift Mode,Black,Beige,None reported,Yes,195000.0,3,555.5555555555555,87.5
Ford,Explorer XLT,2017,169000,E85 Flex Fuel,290.0HP 3.5L V6 Cylinder Engine Flex Fuel Capability,A/T,White,Beige,None reported,Yes,13000.0,9,0.07692262175963456,16900.0
Ferrari,488 GTB Base,2018,17761,Gasoline,3.9L V8 32V GDI DOHC Twin Turbo,7-Speed Automatic with Auto-Shift,Rosso Corsa,Nero,None reported,Yes,243900.0,8,13.731561761062943,1973.4444444444443
Chevrolet,Camaro 2SS,2010,8949,Gasoline,426.0HP 6.2L 8 Cylinder Engine Gasoline Fuel,M/T,Yellow,Black,None reported,Yes,30000.0,16,3.35195530726257,526.4117647058823
BMW,750 i xDrive,2020,25108,Gasoline,523.0HP 4.4L 8 Cylinder Engine Gasoline Fuel,8-Speed A/T,Black,Black,None reported,Yes,66000.0,6,2.628539567485762,3586.8571428571427
Land,Rover Range Rover 3.0L Supercharged HSE,2016,103000,Gasoline,380.0HP 3.0L V6 Cylinder Engine Gasoline Fuel,Transmission w/Dual Shift Mode,Black,Black,None reported,Yes,33999.0,10,0.33008417394005884,9363.636363636364
Porsche,911 Carrera 4 Cabriolet,2003,87600,Gasoline,315.0HP 3.6L Flat 6 Cylinder Engine Gasoline Fuel,Transmission w/Dual Shift Mode,Black,Black,At least 1 accident or damage reported,Yes,32000.0,23,0.3652926336457346,3650.0
Maserati,MC20 Base,2022,1087,Gasoline,3.0L V6 24V PDI DOHC Twin Turbo,8-Speed Automatic with Auto-Shift,Matte White,Black,None reported,Yes,279000.0,4,256.43382352941177,217.4
Mercedes-Benz,CLA-Class CLA 250,2015,76753,Gasoline,208.0HP 2.0L 4 Cylinder Engine Gasoline Fuel,A/T,Red,Black,At least 1 accident or damage reported,Yes,15999.0,11,0.20844516246710268,6396.083333333333
Mercedes-Benz,Metris Base,2019,10500,Gasoline,208.0HP 2.0L 4 Cylinder Engine Gasoline Fuel,A/T,Black,Brown,None reported,Yes,79500.0,7,7.570707551661746,1312.5
Mercedes-Benz,E-Class E 350 4MATIC,2011,199000,Gasoline,268.0HP 3.5L V6 Cylinder Engine Gasoline Fuel,7-Speed A/T,Silver,Black,None reported,Yes,9250.0,15,0.04648217848151517,12437.5
Lexus,LS 460 L,2007,127980,Gasoline,380.0HP 4.6L 8 Cylinder Engine Gasoline Fuel,8-Speed A/T,Blue,Beige,None reported,Yes,9999.0,19,0.07812878474148506,6399.0
BMW,X6 xDrive40i,2023,16307,Hybrid,335.0HP 3.0L Straight 6 Cylinder Engine Gasoline/Mild Electric Hybrid,A/T,Red,White,None reported,Yes,71400.0,3,4.378219278881531,4076.75
Audi,S5 3.0T Prestige,2021,13566,Gasoline,3.0L,1-Speed Automatic,Daytona Gray Pearl Effect,Magma Red,None reported,Yes,57900.0,5,4.267708410112774,2261.0
Audi,Q7 Premium Plus,2022,22588,Hybrid,3.0 Liter TFSI,Automatic,Navarra Blue,Saiga Beige,None reported,Yes,52598.0,4,2.3284784629687016,4517.6
Jaguar,XE 25t,2019,41452,Gasoline,247.0HP 2.0L 4 Cylinder Engine Gasoline Fuel,Transmission w/Dual Shift Mode,White,Black,At least 1 accident or damage reported,Yes,22500.0,7,0.5427833932405375,5181.5
Genesis,G80 3.3T Sport,2019,57500,Gasoline,365.0HP 3.3L V6 Cylinder Engine Gasoline Fuel,A/T,Red,Black,None reported,Yes,32990.0,7,0.5737291525364776,7187.5
BMW,M2 Competition,2020,500,Gasoline,405.0HP 3.0L Straight 6 Cylinder Engine Gasoline Fuel,7-Speed A/T,Black,Black,None reported,Yes,70000.0,6,139.72055888223554,71.42857142857143
Subaru,Impreza WRX Premium,2014,55000,Gasoline,265.0HP 2.5L 4 Cylinder Engine Gasoline Fuel,5-Speed M/T,White,Black,None reported,Yes,30000.0,12,0.5454446282794858,4230.7692307692305
GMC,Sierra 2500 Base,2021,8210,Gasoline,401.0HP 6.6L 8 Cylinder Engine Gasoline Fuel,A/T,White,Black,None reported,Yes,55000.0,5,6.6983315065156495,1368.3333333333333
Lincoln,Nautilus Reserve,2021,18160,Gasoline,2.7L V6 24V GDI DOHC Twin Turbo,8-Speed Automatic,Silver Radiance,Slate,None reported,Yes,46850.0,5,2.579703760806123,3026.6666666666665
Jaguar,XF XFR-S,2013,4279,Gasoline,550.0HP 5.0L 8 Cylinder Engine Gasoline Fuel,8-Speed A/T,White,Black,None reported,Yes,70000.0,13,16.35514018691589,305.64285714285717
Mercedes-Benz,Sprinter Normal Roof,2013,39748,Diesel,188.0HP 3.0L V6 Cylinder Engine Diesel Fuel,A/T,Silver,Black,At least 1 accident or damage reported,Yes,54995.0,13,1.3835568190394727,2839.1428571428573
Toyota,Tacoma PreRunner,2013,65000,Gasoline,159.0HP 2.7L 4 Cylinder Engine Gasoline Fuel,A/T,Silver,Gray,None reported,Yes,20500.0,13,0.3153797633882556,4642.857142857143
BMW,Z4 sDrive28i,2016,59000,Gasoline,240.0HP 2.0L 4 Cylinder Engine Gasoline Fuel,8-Speed A/T,Black,Beige,None reported,Yes,25000.0,10,0.42372163183674855,5363.636363636364
BMW,530e Base,2022,22700,Plug-In Hybrid,288.0HP 2.0L 4 Cylinder Engine Plug-In Electric/Gas,A/T,White,Black,None reported,Yes,47000.0,4,2.070393374741201,4540.0
Mercedes-Benz,GLA 250 Base 4MATIC,2018,56578,E85 Flex Fuel,208.0HP 2.0L 4 Cylinder Engine Flex Fuel Capability,7-Speed A/T,White,Black,None reported,Yes,20900.0,8,0.36939500521394864,6286.444444444444
Hyundai,Genesis 4.6,2010,153332,Gasoline,378.0HP 4.6L 8 Cylinder Engine Gasoline Fuel,Transmission w/Dual Shift Mode,Silver,Black,At least 1 accident or damage reported,Yes,10000.0,16,0.06521753308159366,9019.529411764706
Cadillac,ATS 3.6L Luxury,2013,89700,Gasoline,321.0HP 3.6L V6 Cylinder Engine Gasoline Fuel,6-Speed A/T,Black,Red,None reported,Yes,17999.0,13,0.2006555110868329,6407.142857142857
GMC,Sierra 1500 SLT,2021,23400,Gasoline,420.0HP 6.2L 8 Cylinder Engine Gasoline Fuel,A/T,Black,Black,None reported,Yes,52000.0,5,2.222127259518824,3900.0
Mercedes-Benz,Sprinter High Roof,2015,110000,Diesel,188.0HP 3.0L V6 Cylinder Engine Diesel Fuel,A/T,White,Gray,None reported,Yes,29000.0,11,0.2636339669639367,9166.666666666666
Jaguar,XJ Vanden Plas,2008,87888,Gasoline,300.0HP 4.2L 8 Cylinder Engine Gasoline Fuel,6-Speed A/T,Black,Black,None reported,Yes,11990.0,18,0.13642207784819488,4625.684210526316
Lexus,RC 350 Base,2015,73800,Gasoline,3.5L V6 24V PDI DOHC,6-Speed Automatic,Black,Black,None reported,Yes,26999.0,11,0.36583515128521293,6150.0
Audi,S3 2.0T Premium Plus,2015,78124,Gasoline,292.0HP 2.0L 4 Cylinder Engine Gasoline Fuel,6-Speed A/T,Blue,Black,None reported,Yes,21500.0,11,0.2752,6510.333333333333
Subaru,WRX Limited,2015,91000,Gasoline,268.0HP 2.0L 4 Cylinder Engine Gasoline Fuel,6-Speed M/T,Red,Black,At least 1 accident or damage reported,Yes,19000.0,11,0.20878891440753397,7583.333333333333
Dodge,Ram 2500 SLT Quad Cab,2003,114000,Gasoline,345.0HP 5.7L 8 Cylinder Engine Gasoline Fuel,5-Speed A/T,White,Beige,At least 1 accident or damage reported,Yes,10700.0,23,0.09385882579977368,4750.0
Subaru,WRX Limited,2015,76000,Gasoline,268.0HP 2.0L 4 Cylinder Engine Gasoline Fuel,6-Speed M/T,Blue,Black,None reported,Yes,21000.0,11,0.27631215378745017,6333.333333333333
Audi,RS 4 4.2 quattro L,2008,146500,Gasoline,420.0HP 4.2L 8 Cylinder Engine Gasoline Fuel,6-Speed M/T,Red,Black,At least 1 accident or damage reported,Yes,30000.0,18,0.20477675920300886,7710.526315789473
Porsche,911 Carrera,2007,26021,Gasoline,325.0HP 3.6L Flat 6 Cylinder Engine Gasoline Fuel,6-Speed M/T,Silver,Gray,None reported,Yes,53999.0,19,2.07512873722235,1301.05
Audi,A4 2.0T Premium Plus,2015,73000,E85 Flex Fuel,220.0HP 2.0L 4 Cylinder Engine Flex Fuel Capability,A/T,Black,Black,At least 1 accident or damage reported,Yes,17200.0,11,0.23561321077793454,6083.333333333333
Audi,A4 3.2 Premium Plus quattro,2009,153000,Gasoline,265.0HP 3.2L V6 Cylinder Engine Gasoline Fuel,6-Speed A/T,Gray,Beige,None reported,Yes,8700.0,17,0.056862373448539553,8500.0
Ford,Excursion Limited,2003,67550,Diesel,325.0HP 6.0L 8 Cylinder Engine Diesel Fuel,5-Speed A/T,Gold,Beige,None reported,Yes,30000.0,23,0.4441088955011769,2814.5833333333335
Ford,Excursion Limited,2004,170000,Gasoline,310.0HP 6.8L 10 Cylinder Engine Gasoline Fuel,A/T,Gold,Gold,None reported,Yes,8500.0,22,0.049999705884083034,7391.304347826087
Land,Rover Range Rover Sport 5.0L Supercharged Dynamic,2017,53000,Gasoline,510.0HP 5.0L 8 Cylinder Engine Gasoline Fuel,Transmission w/Dual Shift Mode,Black,Beige,None reported,Yes,47500.0,9,0.8962095054810286,5300.0
Audi,Q8 3.0T Prestige,2019,54900,Hybrid,335.0HP 3.0L V6 Cylinder Engine Gasoline/Mild Electric Hybrid,A/T,Gold,Black,At least 1 accident or damage reported,Yes,48500.0,7,0.8834083167884009,6862.5
BMW,X5 xDrive35i,2016,89000,Gasoline,300.0HP 3.0L Straight 6 Cylinder Engine Gasoline Fuel,8-Speed A/T,Black,Black,None reported,Yes,24000.0,10,0.2696598914618937,8090.909090909091
Ford,Bronco Base,2022,6200,Gasoline,275.0HP 2.3L 4 Cylinder Engine Gasoline Fuel,7-Speed M/T,Black,Black,None reported,Yes,49000.0,4,7.901951298177713,1240.0
Ford,F-150 XLT,2021,51808,Gasoline,5.0L V8 32V PDI DOHC,10-Speed Automatic,Silver,Black,None reported,Yes,42388.0,5,0.8181590071223147,8634.666666666666
Hyundai,Genesis Coupe 3.8 Track,2013,89000,Gasoline,344.0HP 3.8L V6 Cylinder Engine Gasoline Fuel,6-Speed M/T,White,Black,At least 1 accident or damage reported,Yes,12500.0,13,0.14044786013640295,6357.142857142857
Mercedes-Benz,E-Class E 400 4MATIC,2018,45203,Gasoline,3.0L V6 24V GDI DOHC Twin Turbo,9-Speed Automatic,White,Saddle Brown,None reported,Yes,39853.0,8,0.8816255198654986,5022.555555555556
Audi,S5 3.0T Prestige,2022,14739,Gasoline,3.0L,1-Speed Automatic,Daytona Gray Pearl Effect,Black,None reported,Yes,61900.0,4,4.199457259158752,2947.8
Buick,Enclave Premium,2017,139105,Gasoline,3.6L V6 24V GDI DOHC,6-Speed Automatic,Iridium Metallic,Light Titanium,At least 1 accident or damage reported,Yes,17550.0,9,0.12616278233864822,13910.5
Lamborghini,Gallardo LP560-4,2010,45014,Gasoline,560.0HP 5.2L 10 Cylinder Engine Gasoline Fuel,6-Speed A/T,Gray,Black,None reported,Yes,109499.0,16,2.432500277685216,2647.8823529411766
Ford,Mustang GT Premium,2011,101000,Gasoline,412.0HP 5.0L 8 Cylinder Engine Gasoline Fuel,6-Speed M/T,Red,Black,None reported,Yes,18500.0,15,0.1831665033019475,6312.5
GMC,Yukon XL SLT,2016,93000,Gasoline,355.0HP 5.3L 8 Cylinder Engine Gasoline Fuel,A/T,Black,Black,At least 1 accident or damage reported,Yes,30000.0,10,0.322577176589499,8454.545454545454
Ford,Mustang V6 Premium,2013,62500,Gasoline,305.0HP 3.7L V6 Cylinder Engine Gasoline Fuel,6-Speed M/T,Black,Black,None reported,Yes,16000.0,13,0.25599590406553496,4464.285714285715
Lexus,IS-F Base,2008,75000,Gasoline,416.0HP 5.0L 8 Cylinder Engine Gasoline Fuel,8-Speed A/T,Blue,Black,At least 1 accident or damage reported,Yes,29000.0,18,0.3866615111798509,3947.3684210526317
BMW,435 i,2015,34455,Gasoline,300.0HP 3.0L Straight 6 Cylinder Engine Gasoline Fuel,8-Speed A/T,Gray,Beige,None reported,Yes,28000.0,11,0.812630601346645,2871.25
Land,Rover Range Rover Supercharged,2010,130000,Gasoline,510.0HP 5.0L 8 Cylinder Engine Gasoline Fuel,A/T,White,Black,None reported,Yes,15500.0,16,0.11922985207806094,7647.058823529412
Mercedes-Benz,CLA-Class CLA 250,2014,76170,Gasoline,208.0HP 2.0L 4 Cylinder Engine Gasoline Fuel,Transmission w/Dual Shift Mode,Gray,Black,At least 1 accident or damage reported,Yes,16500.0,12,0.21661787294377124,5859.2307692307695
GMC,Yukon SLT,2010,194500,E85 Flex Fuel,320.0HP 5.3L 8 Cylinder Engine Flex Fuel Capability,6-Speed A/T,White,Beige,At least 1 accident or damage reported,Yes,9500.0,16,0.04884293654017203,11441.176470588236
BMW,535 i,2008,135000,Gasoline,300.0HP 3.0L Straight 6 Cylinder Engine Gasoline Fuel,A/T,Silver,Black,None reported,Yes,5699.0,18,0.04221450211479915,7105.263157894737
Dodge,Charger GT,2021,33000,Gasoline,300.0HP 3.6L V6 Cylinder Engine Gasoline Fuel,Transmission w/Dual Shift Mode,White,Gray,At least 1 accident or damage reported,Yes,26999.0,5,0.8181267234326233,5500.0
Hyundai,Genesis 3.8,2010,98700,Gasoline,290.0HP 3.8L V6 Cylinder Engine Gasoline Fuel,Transmission w/Dual Shift Mode,Beige,Beige,None reported,Yes,10340.0,16,0.10476084335518383,5805.882352941177
Honda,Civic Type R Touring,2018,72900,Gasoline,306.0HP 2.0L 4 Cylinder Engine Gasoline Fuel,6-Speed M/T,Black,Black,At least 1 accident or damage reported,Yes,35500.0,8,0.48696177007174113,8100.0
Dodge,Durango R/T,2016,135000,Gasoline,360.0HP 5.7L 8 Cylinder Engine Gasoline Fuel,A/T,Black,Black,None reported,Yes,20000.0,10,0.14814705076258694,12272.727272727272
Chevrolet,Silverado 1500 Limited High Country,2022,2550,Gasoline,355.0HP 5.3L 8 Cylinder Engine Gasoline Fuel,10-Speed A/T,Red,Black,None reported,Yes,60000.0,4,23.520188161505292,510.0
Jeep,Grand Cherokee Altitude,2020,35289,Gasoline,3.6L V6 24V MPFI DOHC,8-Speed Automatic,Granite Crystal Clearcoat Metallic,Black,None reported,Yes,35470.0,6,1.0051005950694247,5041.285714285715
RAM,1500 Laramie,2022,14636,Gasoline,5.7L V8 16V MPFI OHV,8-Speed Automatic,Diamond Black,Black,None reported,Yes,46599.0,4,3.1836441893830703,2927.2
Chrysler,Crossfire Limited,2005,24847,Gasoline,3.2L V6 18V MPFI SOHC,5-Speed Automatic,White,Dark Gray,None reported,Yes,13046.0,21,0.525032195750161,1129.409090909091
Nissan,Rogue SL,2019,29558,Gasoline,2.5L I4 16V MPFI DOHC,Automatic CVT,Magnetic Black,Charcoal,None reported,Yes,25884.0,7,0.8756723840454684,3694.75
Audi,A6 55 Premium Plus,2023,6581,Gasoline,"3L V-6 gasoline direct injection, DOHC, variable valve control,","Automatic, 7-Spd S tronic Dual-Clutch",Chronos Gray Metallic,Black,None reported,Yes,59900.0,3,9.100577332117897,1645.25
Mercedes-Benz,AMG GT 53 Base,2020,22000,Hybrid,429.0HP 3.0L Straight 6 Cylinder Engine Gasoline/Mild Electric Hybrid,9-Speed A/T,Gray,Black,None reported,Yes,83999.0,6,3.817962819871824,3142.8571428571427
Acura,ILX Technology Plus Package,2017,68200,Gasoline,201.0HP 2.4L 4 Cylinder Engine Gasoline Fuel,Transmission w/Dual Shift Mode,Black,–,At least 1 accident or damage reported,Yes,15750.0,9,0.2309350302781484,6820.0
Land,Rover Range Rover P530 SE SWB,2023,2800,Gasoline,523.0HP 4.4L 8 Cylinder Engine Gasoline Fuel,8-Speed A/T,White,Red,None reported,Yes,175000.0,3,62.47768654052124,700.0
Ford,Expedition Platinum,2019,51300,Gasoline,3.5L V6 24V GDI DOHC Twin Turbo,10-Speed Automatic,White,Platinum,None reported,Yes,48295.0,7,0.9414046509814623,6412.5
BMW,M3 Base,2008,133500,Gasoline,414.0HP 4.0L 8 Cylinder Engine Gasoline Fuel,6-Speed M/T,Gray,Black,None reported,Yes,18500.0,18,0.13857574100568534,7026.315789473684
INFINITI,M37 x,2012,49000,Gasoline,330.0HP 3.7L V6 Cylinder Engine Gasoline Fuel,7-Speed A/T,Gray,Black,None reported,Yes,19900.0,14,0.40611416093549113,3266.6666666666665
BMW,650 i,2008,125470,Gasoline,360.0HP 4.8L 8 Cylinder Engine Gasoline Fuel,A/T,Black,Beige,None reported,Yes,8000.0,18,0.06375975324975493,6603.684210526316
Mazda,RX-8 Grand Touring,2008,81219,Gasoline,232.0HP 1.3L Rotary engine Gasoline Fuel,6-Speed M/T,Red,Black,None reported,Yes,8500.0,18,0.10465402610194534,4274.684210526316
Acura,ILX Premium & A-SPEC Packages,2019,19500,Gasoline,201.0HP 2.4L 4 Cylinder Engine Gasoline Fuel,8-Speed A/T,Gray,Black,None reported,Yes,25000.0,7,1.2819855392031179,2437.5
Porsche,911 Carrera S,2017,20561,Gasoline,420.0HP 3.0L Flat 6 Cylinder Engine Gasoline Fuel,7-Speed M/T,Red,Black,None reported,Yes,105000.0,9,5.1065071491100085,2056.1
Lexus,LX 570 Base,2016,33655,Gasoline,383.0HP 5.7L 8 Cylinder Engine Gasoline Fuel,8-Speed A/T,White,Brown,None reported,Yes,62900.0,10,1.8689089612550511,3059.5454545454545
Toyota,Highlander Limited Platinum,2015,135140,Gasoline,270.0HP 3.5L V6 Cylinder Engine Gasoline Fuel,A/T,White,Beige,None reported,Yes,23500.0,11,0.17389245306753687,11261.666666666666
Maserati,Ghibli Base,2015,73000,Gasoline,345.0HP 3.0L V6 Cylinder Engine Gasoline Fuel,8-Speed A/T,Black,Brown,None reported,Yes,17999.0,11,0.24655826632511885,6083.333333333333
Land,Rover Range Rover 3.0L Supercharged HSE,2017,55000,Gasoline,380.0HP 3.0L V6 Cylinder Engine Gasoline Fuel,A/T,White,Beige,At least 1 accident or damage reported,Yes,58000.0,9,1.0545262813403393,5500.0
Chevrolet,Cruze LTZ,2013,87000,Gasoline,138.0HP 1.4L 4 Cylinder Engine Gasoline Fuel,A/T,Blue,Black,At least 1 accident or damage reported,Yes,10000.0,13,0.11494120757232676,6214.285714285715
BMW,325 xi,2006,137825,Gasoline,215.0HP 3.0L Straight 6 Cylinder Engine Gasoline Fuel,6-Speed A/T,Silver,Black,None reported,Yes,4000.0,20,0.02902210032940084,6563.0952380952385
Acura,MDX Technology,2008,184421,Gasoline,300.0HP 3.7L V6 Cylinder Engine Gasoline Fuel,A/T,Gray,Black,None reported,Yes,5000.0,18,0.027111732873518344,9706.368421052632
Lincoln,MKC Base,2015,95000,Gasoline,240.0HP 2.0L 4 Cylinder Engine Gasoline Fuel,6-Speed A/T,White,Black,At least 1 accident or damage reported,Yes,14900.0,11,0.15684045431100727,7916.666666666667
Kia,Sportage Nightfall,2022,26468,Gasoline,2.4L I4 16V GDI DOHC,6-Speed Automatic,Pacific Blue,Black,At least 1 accident or damage reported,Yes,27875.0,4,1.0531187426801163,5293.6
Bentley,Arnage R,2003,55050,Gasoline,400.0HP 6.75L 8 Cylinder Engine Gasoline Fuel,4-Speed A/T,Gray,Gray,None reported,Yes,34995.0,23,0.6356832755081652,2293.75
Kia,Sorento LX,2021,54200,Gasoline,191.0HP 2.5L 4 Cylinder Engine Gasoline Fuel,A/T,White,Black,None reported,Yes,23800.0,5,0.43910628955185327,9033.333333333334
Land,Rover Range Rover Evoque Base,2012,92080,Gasoline,240.0HP 2.0L 4 Cylinder Engine Gasoline Fuel,6-Speed A/T,Gray,Black,None reported,Yes,14500.0,14,0.15747005353981822,6138.666666666667
Acura,TLX Type S w/Performance Tire,2023,1798,Gasoline,355.0HP 3.0L V6 Cylinder Engine Gasoline Fuel,10-Speed A/T,Black,Black,None reported,Yes,53000.0,3,29.460811561978876,449.5
GMC,Sierra 1500 SLE Crew Cab,2006,167500,Gasoline,295.0HP 5.3L 8 Cylinder Engine Gasoline Fuel,A/T,Silver,Black,None reported,Yes,14500.0,20,0.08656664736329932,7976.190476190476
GMC,Sierra 1500 Denali Ultimate,2023,2500,Gasoline,420.0HP 6.2L 8 Cylinder Engine Gasoline Fuel,10-Speed A/T,White,Brown,None reported,Yes,84000.0,3,33.58656537385046,625.0
Mercedes-Benz,E-Class E 400,2016,77000,Gasoline,329.0HP 3.0L V6 Cylinder Engine Gasoline Fuel,7-Speed A/T,White,Beige,At least 1 accident or damage reported,Yes,24000.0,10,0.31168426384072934,7000.0
MINI,Hardtop Cooper,2019,19850,Gasoline,134.0HP 1.5L 3 Cylinder Engine Gasoline Fuel,6-Speed A/T,Black,Black,None reported,Yes,24000.0,7,1.2090071029167295,2481.25
Ford,Bronco Outer Banks Advanced,2023,3400,Gasoline,275.0HP 2.3L 4 Cylinder Engine Gasoline Fuel,10-Speed A/T,Gray,Gray,None reported,Yes,57000.0,3,16.75977653631285,850.0
Ford,Bronco,2021,3596,Gasoline,2.7L V6 24V PDI DOHC Twin Turbo,10-Speed Automatic,Blue,Black Onyx,None reported,Yes,56900.0,5,15.818737837086461,599.3333333333334
Ford,F-350 Lariat Super Duty Crew Cab,2009,130200,Diesel,350.0HP 6.4L 8 Cylinder Engine Diesel Fuel,5-Speed A/T,White,Beige,None reported,Yes,28900.0,17,0.22196450104069862,7233.333333333333
Land,Rover Discovery Sport SE,2017,48200,Gasoline,240.0HP 2.0L 4 Cylinder Engine Gasoline Fuel,9-Speed A/T,White,Gray,None reported,Yes,24998.0,9,0.5186199456442813,4820.0
GMC,Yukon XL SLT,2016,183544,Gasoline,355.0HP 5.3L 8 Cylinder Engine Gasoline Fuel,6-Speed A/T,Black,Black,At least 1 accident or damage reported,Yes,22000.0,10,0.11986161431801466,16685.81818181818
Ford,Focus RS Base,2016,14900,Gasoline,350.0HP 2.3L 4 Cylinder Engine Gasoline Fuel,6-Speed M/T,Blue,Black,None reported,Yes,39000.0,10,2.617274008455808,1354.5454545454545
Ford,Bronco Badlands Advanced,2022,4200,Gasoline,315.0HP 2.7L V6 Cylinder Engine Gasoline Fuel,10-Speed A/T,Blue,Black,None reported,Yes,65994.0,4,15.709116876934063,840.0
Hyundai,Genesis 5,2012,15698,Gasoline,429.0HP 5.0L 8 Cylinder Engine Gasoline Fuel,Transmission w/Dual Shift Mode,Black,Black,None reported,Yes,19000.0,14,1.2102681699471305,1046.5333333333333
Jeep,Wrangler Unlimited Rubicon,2022,1750,Gasoline,285.0HP 3.6L V6 Cylinder Engine Gasoline Fuel,8-Speed A/T,Gray,Brown,None reported,Yes,65500.0,4,37.40719588806396,350.0
BMW,X4 xDrive30i,2022,34800,Gasoline,248.0HP 2.0L 4 Cylinder Engine Gasoline Fuel,A/T,Blue,Brown,None reported,Yes,46000.0,4,1.3218010976696073,6960.0
Jaguar,F-PACE S,2020,35580,Gasoline,3.0 Liter,Automatic,Eiger Grey Metallic,Ebony/Light Oyster Stitch,None reported,Yes,46998.0,6,1.320873499901633,5082.857142857143
Acura,RSX Type S,2006,71400,Gasoline,201.0HP 2.0L 4 Cylinder Engine Gasoline Fuel,6-Speed M/T,Black,Gray,None reported,Yes,14990.0,20,0.20994103724037477,3400.0
Mazda,MX-5 Miata Base,2003,9260,Gasoline,142.0HP 1.8L 4 Cylinder Engine Gasoline Fuel,5-Speed M/T,White,Beige,None reported,Yes,22000.0,23,2.375553395961559,385.8333333333333
GMC,Yukon XL SLT,2023,28500,Gasoline,355.0HP 5.3L 8 Cylinder Engine Gasoline Fuel,A/T,Black,Black,None reported,Yes,67800.0,3,2.378863899512298,7125.0
Mercedes-Benz,E-Class E 350 4MATIC,2008,91900,Gasoline,268.0HP 3.5L V6 Cylinder Engine Gasoline Fuel,5-Speed A/T,Black,Black,None reported,Yes,8900.0,18,0.09684334229224927,4836.8421052631575
INFINITI,G35 Base,2004,130000,Gasoline,260.0HP 3.5L V6 Cylinder Engine Gasoline Fuel,5-Speed A/T,Beige,Beige,None reported,Yes,7500.0,22,0.05769186390873916,5652.173913043478
Cadillac,XTS Premium,2013,56860,Gasoline,3.6L V6 24V GDI DOHC,6-Speed Automatic,White Diamond Tri-Coat,Shale,At least 1 accident or damage reported,Yes,21995.0,13,0.3868204920771706,4061.4285714285716
MINI,Hardtop Cooper S,2017,44300,Gasoline,189.0HP 2.0L 4 Cylinder Engine Gasoline Fuel,6-Speed M/T,Silver,Black,None reported,Yes,20784.0,9,0.4691541951648947,4430.0
BMW,X5 xDrive35i,2014,120000,Gasoline,300.0HP 3.0L Straight 6 Cylinder Engine Gasoline Fuel,Transmission w/Dual Shift Mode,Black,Black,None reported,Yes,20000.0,12,0.16666527778935175,9230.76923076923
Mercedes-Benz,SL-Class SL 550,2013,72500,Gasoline,429.0HP 4.6L 8 Cylinder Engine Gasoline Fuel,7-Speed A/T,Black,Beige,None reported,Yes,31450.0,13,0.4337871201776527,5178.571428571428
RAM,1500 Tradesman/Express,2017,72000,Gasoline,395.0HP 5.7L 8 Cylinder Engine Gasoline Fuel,8-Speed A/T,Blue,Beige,At least 1 accident or damage reported,Yes,24200.0,9,0.3361064429660699,7200.0
BMW,135 i,2011,132000,Gasoline,300.0HP 3.0L Straight 6 Cylinder Engine Gasoline Fuel,7-Speed A/T,Black,Beige,None reported,Yes,11000.0,15,0.08333270202498466,8250.0
Rolls-Royce,Phantom,2018,7585,Gasoline,6.8L V12 48V GDI DOHC Twin Turbo,8-Speed Automatic,–,–,None reported,Yes,599000.0,8,78.96124439757448,842.7777777777778
Hyundai,IONIQ 5 SE,2022,18500,Gasoline,320.0HP Electric Motor Electric Fuel System,A/T,White,Black,None reported,Yes,42000.0,4,2.2701475595913734,3700.0
Jaguar,F-PACE S,2023,4624,Gasoline,2.0 Liter,Automatic,Santorin Black,Black,None reported,Yes,56998.0,3,12.323891891891892,1156.0
BMW,M5 Base,2006,106000,Gasoline,500.0HP 5.0L 10 Cylinder Engine Gasoline Fuel,Transmission w/Dual Shift Mode,Black,Black,None reported,Yes,19500.0,20,0.1839605286742578,5047.619047619048
Hyundai,Santa Fe SE,2022,13610,Gasoline,2.5L I4 16V PDI DOHC,8-Speed Automatic,Stormy Sea,Black,None reported,Yes,27450.0,4,2.0167511571523034,2722.0
Lamborghini,Urus Base,2019,16876,Gasoline,4.0L V8 32V GDI DOHC Twin Turbo,8-Speed Automatic,Gray,Brown,None reported,Yes,209900.0,7,12.437044498429815,2109.5
Ford,Expedition Timberline,2023,8911,Gasoline,3.5L V6 24V PDI DOHC Twin Turbo,10-Speed Automatic,Dark Matter Metallic,Black Onyx,At least 1 accident or damage reported,Yes,77430.0,3,8.688285457809695,2227.75
Chevrolet,Silverado 1500 LT Trail Boss,2021,48641,Gasoline,5.3L V8 16V GDI OHV,10-Speed Automatic,Silver Ice Metallic,Jet Black,None reported,Yes,43666.0,5,0.8977015747707743,8106.833333333333
GMC,Sierra 1500 SLT,2021,11250,Gasoline,420.0HP 6.2L 8 Cylinder Engine Gasoline Fuel,A/T,White,Black,None reported,Yes,70250.0,5,6.2438894320504845,1875.0
Ford,Mustang Premium,2007,126000,Gasoline,210.0HP 4.0L V6 Cylinder Engine Gasoline Fuel,A/T,Red,Black,None reported,Yes,9000.0,19,0.07142800453964651,6300.0
BMW,M5 Base,2008,77750,Gasoline,500.0HP 5.0L 10 Cylinder Engine Gasoline Fuel,7-Speed A/T,Silver,Silver,None reported,Yes,21000.0,18,0.2700929891576957,4092.1052631578946
Toyota,Tacoma SR,2020,27363,Gasoline,278.0HP 3.5L V6 Cylinder Engine Gasoline Fuel,6-Speed A/T,Gray,Gray,None reported,Yes,35000.0,6,1.2790527700628562,3909.0
Porsche,Cayenne Base,2019,30951,Gasoline,3.0L V6 24V GDI DOHC Turbo,8-Speed Automatic,White,Black,None reported,Yes,80140.0,7,2.589170328250194,3868.875
Ford,F-150 Lightning XLT,2023,208,Gasoline,563.0HP Electric Motor Electric Fuel System,A/T,Gray,Gold,None reported,Yes,89000.0,3,425.8373205741627,52.0
Dodge,Durango GT,2021,20386,Gasoline,3.6L V6 24V MPFI DOHC,8-Speed Automatic,Billet Clearcoat Metallic,Black,None reported,Yes,32999.0,5,1.618629518811007,3397.6666666666665
BMW,330e iPerformance,2018,45253,Plug-In Hybrid,247.0HP 2.0L 4 Cylinder Engine Plug-In Electric/Gas,Transmission w/Dual Shift Mode,Black,Black,None reported,Yes,24995.0,8,0.5523268661333804,5028.111111111111
GMC,Terrain Denali,2016,144000,Gasoline,301.0HP 3.6L V6 Cylinder Engine Gasoline Fuel,6-Speed A/T,White,Black,None reported,Yes,18400.0,10,0.12777689043826085,13090.90909090909
Ford,Excursion Limited,2004,76163,Diesel,325.0HP 6.0L 8 Cylinder Engine Diesel Fuel,5-Speed A/T,Gold,Gold,None reported,Yes,20500.0,22,0.26915603172102304,3311.4347826086955
Hyundai,Genesis 3.8,2015,61300,Gasoline,311.0HP 3.8L V6 Cylinder Engine Gasoline Fuel,8-Speed A/T,Silver,Gray,None reported,Yes,20150.0,11,0.328705893867963,5108.333333333333
Mitsubishi,Mirage ES,2017,35698,Gasoline,78.0HP 1.2L 3 Cylinder Engine Gasoline Fuel,A/T,Blue,Black,None reported,Yes,8750.0,9,0.2451049048992969,3569.8
Mercedes-Benz,E-Class E 350 4MATIC,2010,27000,Gasoline,268.0HP 3.5L V6 Cylinder Engine Gasoline Fuel,7-Speed A/T,Black,Black,None reported,Yes,22500.0,16,0.8333024702788786,1588.235294117647
Mazda,Mazda3 i Sport,2015,162000,Gasoline,155.0HP 2.0L 4 Cylinder Engine Gasoline Fuel,Transmission w/Dual Shift Mode,Red,Black,None reported,Yes,11500.0,11,0.0709872161282955,13500.0
BMW,M3 Base,2008,77800,Gasoline,414.0HP 4.0L 8 Cylinder Engine Gasoline Fuel,M/T,Red,Black,None reported,Yes,28500.0,18,0.3663191989820182,4094.7368421052633
Mercedes-Benz,E-Class E 350,2014,55000,Gasoline,302.0HP 3.5L V6 Cylinder Engine Gasoline Fuel,A/T,Black,Black,None reported,Yes,19250.0,12,0.34999363647933673,4230.7692307692305
Ford,Bronco Outer Banks Advanced,2022,12000,Gasoline,315.0HP 2.7L V6 Cylinder Engine Gasoline Fuel,10-Speed A/T,Gray,Brown,At least 1 accident or damage reported,Yes,65999.0,4,5.499458378468461,2400.0
Tesla,Model X 75D,2017,70579,Gasoline,518.0HP Electric Motor Electric Fuel System,A/T,Black,White,None reported,Yes,42250.0,9,0.5986115046755455,7057.9
Jeep,Wrangler Unlimited Sport,2010,107000,Gasoline,205.0HP 3.8L V6 Cylinder Engine Gasoline Fuel,A/T,White,Gray,At least 1 accident or damage reported,Yes,17500.0,16,0.16354987336566948,6294.117647058823
Honda,Pilot Elite,2021,42653,Gasoline,3.5L V6 24V GDI SOHC,9-Speed Automatic,Gray,Black,None reported,Yes,38998.0,5,0.9142870539691471,7108.833333333333
Acura,TL 3.2,2008,193783,Gasoline,258.0HP 3.2L V6 Cylinder Engine Gasoline Fuel,A/T,Black,Black,At least 1 accident or damage reported,Yes,10000.0,18,0.05160384758287578,10199.105263157895
Lexus,IS 350 Base,2014,123000,Gasoline,306.0HP 3.5L V6 Cylinder Engine Gasoline Fuel,6-Speed A/T,Red,Black,At least 1 accident or damage reported,Yes,18000.0,12,0.14634027365631175,9461.538461538461
Chevrolet,Equinox LT,2011,130000,Gasoline,264.0HP 3.0L V6 Cylinder Engine Gasoline Fuel,6-Speed A/T,Brown,Black,At least 1 accident or damage reported,Yes,7000.0,15,0.05384573964815655,8125.0
Mitsubishi,Lancer DE,2009,143346,Gasoline,152.0HP 2.0L 4 Cylinder Engine Gasoline Fuel,5-Speed M/T,Black,Black,At least 1 accident or damage reported,Yes,3000.0,17,0.020928237075069585,7963.666666666667
Land,Rover LR2 Base,2015,112465,Gasoline,240.0HP 2.0L 4 Cylinder Engine Gasoline Fuel,6-Speed A/T,White,Beige,None reported,Yes,11995.0,11,0.10665445556879412,9372.083333333334
Nissan,Leaf SV PLUS,2023,5121,Gasoline,Electric,1-Speed Automatic,Brilliant Silver Metallic,Black,None reported,Yes,28196.0,3,5.504880905896134,1280.25
Audi,A5 2.0T Premium,2012,137273,Gasoline,211.0HP 2.0L 4 Cylinder Engine Gasoline Fuel,A/T,White,Beige,None reported,Yes,11000.0,14,0.08013170738814342,9151.533333333333
Rivian,R1S Launch Edition,2023,299,Gasoline,835.0HP Electric Motor Electric Fuel System,1-Speed A/T,Blue,Gray,None reported,Yes,92500.0,3,308.3333333333333,74.75
Lexus,RX 450h Base,2018,70780,Hybrid,308.0HP 3.5L V6 Cylinder Engine Gas/Electric Hybrid,CVT Transmission,Silver,Gray,None reported,Yes,35700.0,8,0.5043726423757788,7864.444444444444
Chevrolet,Tahoe LT,2018,55000,Gasoline,355.0HP 5.3L 8 Cylinder Engine Gasoline Fuel,6-Speed A/T,Black,Black,None reported,Yes,37900.0,8,0.6890783803930838,6111.111111111111
Mercedes-Benz,G-Class G 550 4MATIC,2017,23151,Gasoline,416.0HP 4.0L 8 Cylinder Engine Gasoline Fuel,7-Speed A/T,Gray,Black,None reported,Yes,84500.0,9,3.6497926744989635,2315.1
Cadillac,XTS Luxury,2013,152000,Gasoline,304.0HP 3.6L V6 Cylinder Engine Gasoline Fuel,A/T,Black,Gray,At least 1 accident or damage reported,Yes,8500.0,13,0.055920684732337286,10857.142857142857
INFINITI,Q50 3.0t Red Sport 400,2020,23344,Gasoline,3.0L V6 24V GDI DOHC Twin Turbo,7-Speed Automatic,Liquid Platinum,White,None reported,Yes,36999.0,6,1.5848789890768902,3334.8571428571427
Subaru,Outback 3.6R Limited,2016,87092,Gasoline,256.0HP 3.6L Flat 6 Cylinder Engine Gasoline Fuel,A/T,Blue,Black,At least 1 accident or damage reported,Yes,19500.0,10,0.22389859116117253,7917.454545454545
Toyota,Avalon XLS,2004,90625,Gasoline,210.0HP 3.0L V6 Cylinder Engine Gasoline Fuel,A/T,Gray,Gray,None reported,Yes,5500.0,22,0.06068898550084965,3940.217391304348
Chevrolet,Traverse RS,2021,44373,Gasoline,310.0HP 3.6L V6 Cylinder Engine Gasoline Fuel,9-Speed A/T,Silver,Black,None reported,Yes,36000.0,5,0.8112858881326903,7395.5
BMW,330 i,2021,26000,Gasoline,255.0HP 2.0L 4 Cylinder Engine Gasoline Fuel,Transmission w/Dual Shift Mode,Black,Black,None reported,Yes,37000.0,5,1.4230221914541747,4333.333333333333
Karma,Revero Base,2018,20760,Gasoline,403.0HP 2.0L Electric Motor Electric Fuel System,A/T,White,Black,None reported,Yes,55500.0,8,2.673281633832667,2306.6666666666665
Lexus,GX 460 Base,2021,39102,Gasoline,4.6 Liter,Automatic,Silver,Rioja Red,None reported,Yes,51798.0,5,1.3246553972840958,6517.0
Alfa,Romeo Stelvio Ti Sport,2019,39615,Gasoline,"2L I-4 gasoline direct injection, MultiAir2 variable valve contr","Automatic, 8-Spd",Vulcano Black Metallic,Red/Black,None reported,Yes,28900.0,7,0.7295032310177706,4951.875
GMC,Sierra 2500 Base,2019,58000,E85 Flex Fuel,360.0HP 6.0L 8 Cylinder Engine Flex Fuel Capability,A/T,Silver,Beige,None reported,Yes,36500.0,7,0.6292994948362959,7250.0
Lexus,IS 250 Base,2013,148000,Gasoline,204.0HP 2.5L V6 Cylinder Engine Gasoline Fuel,6-Speed A/T,Gray,Black,At least 1 accident or damage reported,Yes,10000.0,13,0.06756711103303356,10571.42857142857
Porsche,Panamera 2,2011,104000,Gasoline,300.0HP 3.6L V6 Cylinder Engine Gasoline Fuel,7-Speed A/T,White,Black,None reported,Yes,20900.0,15,0.20095960615763309,6500.0
BMW,535 i xDrive,2013,46150,Gasoline,306.0HP 3.0L Straight 6 Cylinder Engine Gasoline Fuel,Transmission w/Dual Shift Mode,Silver,Black,At least 1 accident or damage reported,Yes,17000.0,13,0.3683560486229984,3296.4285714285716
Chevrolet,Silverado 2500 High Country,2022,18860,Diesel,445.0HP 6.6L 8 Cylinder Engine Diesel Fuel,10-Speed A/T,Blue,Gray,None reported,Yes,74500.0,4,3.949949631514766,3772.0
Mercedes-Benz,AMG C 63 Base,2017,28399,Gasoline,469.0HP 4.0L 8 Cylinder Engine Gasoline Fuel,7-Speed A/T,Gray,Black,None reported,Yes,55600.0,9,1.9577464788732395,2839.9
Porsche,Boxster S,2005,95170,Gasoline,280.0HP 3.2L Flat 6 Cylinder Engine Gasoline Fuel,6-Speed M/T,Blue,Gray,None reported,Yes,24900.0,21,0.2616343213794118,4325.909090909091
BMW,M3 Base,2006,95450,Gasoline,333.0HP 3.2L Straight 6 Cylinder Engine Gasoline Fuel,6-Speed M/T,Gray,Gray,At least 1 accident or damage reported,Yes,42000.0,20,0.44001634346418583,4545.238095238095
Chevrolet,Camaro LT1,2022,7652,Gasoline,6.2 Liter,Automatic,Blue,Jet Black,None reported,Yes,39998.0,4,5.226447144910493,1530.4
BMW,535 i xDrive,2011,169000,Gasoline,300.0HP 3.0L Straight 6 Cylinder Engine Gasoline Fuel,Transmission w/Dual Shift Mode,Black,White,At least 1 accident or damage reported,Yes,10999.0,15,0.06508245513340158,10562.5
RAM,1500 Laramie,2022,16744,Gasoline,5.7L V8 16V MPFI OHV,8-Speed Automatic,Delmonico Red Pearlcoat,Black,None reported,Yes,46999.0,4,2.806748283069573,3348.8
Mercedes-Benz,Metris Base,2020,1025,Gasoline,2.0L I4 16V GDI DOHC Turbo,7-Speed Automatic,Black,Beige,None reported,Yes,299000.0,6,291.4230019493177,146.42857142857142
Chevrolet,Express 1500 Cargo,2004,152000,Gasoline,195.0HP 4.3L V6 Cylinder Engine Gasoline Fuel,A/T,White,Gray,At least 1 accident or damage reported,Yes,7999.0,22,0.05262465378517247,6608.695652173913
BMW,X7 xDrive40i,2020,46000,Gasoline,335.0HP 3.0L Straight 6 Cylinder Engine Gasoline Fuel,Transmission w/Dual Shift Mode,Black,Black,None reported,Yes,54999.0,6,1.1956044433816657,6571.428571428572
BMW,X7 xDrive40i,2022,8000,Hybrid,335.0HP 3.0L Straight 6 Cylinder Engine Gasoline/Mild Electric Hybrid,A/T,Blue,Brown,None reported,Yes,85000.0,4,10.623672040994876,1600.0
Ferrari,F12berlinetta Base,2016,14770,Gasoline,6.3L V12 48V GDI DOHC,7-Speed Automatic with Auto-Shift,Gray,–,None reported,Yes,254900.0,10,17.256786947396925,1342.7272727272727
Chevrolet,Silverado 2500 LT,2016,84421,E85 Flex Fuel,360.0HP 6.0L 8 Cylinder Engine Flex Fuel Capability,6-Speed A/T,White,Black,None reported,Yes,36800.0,10,0.43590533273317383,7674.636363636364
Mercedes-Benz,Maybach S 580 4MATIC,2022,4760,Gasoline,4.0L V8 32V GDI DOHC Twin Turbo,9-Speed Automatic,Diamond White,Black,None reported,Yes,229000.0,4,48.09913883637891,952.0
GMC,Sierra 1500 Denali,2021,44691,Gasoline,6.2L V8 16V GDI OHV,10-Speed Automatic,White Frost Tri-Coat,Walnut,At least 1 accident or damage reported,Yes,56900.0,5,1.2731585071153675,7448.5
Mitsubishi,Outlander SEL,2022,11700,Gasoline,181.0HP 2.5L 4 Cylinder Engine Gasoline Fuel,A/T,White,Black,None reported,Yes,33000.0,4,2.820271771643449,2340.0
Ford,Shelby GT350 Base,2019,2800,Gasoline,526.0HP 5.2L 8 Cylinder Engine Gasoline Fuel,6-Speed M/T,Black,Black,None reported,Yes,91000.0,7,32.48839700107104,350.0
MINI,Cooper Base,2010,58000,Gasoline,118.0HP 1.6L 4 Cylinder Engine Gasoline Fuel,6-Speed A/T,Gold,Black,None reported,Yes,8000.0,16,0.1379286564024758,3411.764705882353
Toyota,Prius Touring,2009,142500,Hybrid,76.0HP 1.5L 4 Cylinder Engine Gas/Electric Hybrid,A/T,Blue,Beige,None reported,Yes,6999.0,17,0.04911544480389611,7916.666666666667
Cadillac,Escalade ESV Base,2007,191900,Gasoline,403.0HP 6.2L 8 Cylinder Engine Gasoline Fuel,A/T,Black,Black,At least 1 accident or damage reported,Yes,9750.0,19,0.05080744759016368,9595.0
Audi,A6 2.0T Premium Plus,2016,63398,Gasoline,252.0HP 2.0L 4 Cylinder Engine Gasoline Fuel,A/T,White,Gray,At least 1 accident or damage reported,Yes,19500.0,10,0.3075758292717551,5763.454545454545
Chevrolet,Suburban 1500 LT,2008,162750,Gasoline,320.0HP 5.3L 8 Cylinder Engine Gasoline Fuel,Transmission Overdrive Switch,White,Black,At least 1 accident or damage reported,Yes,7200.0,18,0.04423935951238395,8565.78947368421
Jaguar,XK R,2012,38383,Gasoline,510.0HP 5.0L 8 Cylinder Engine Gasoline Fuel,6-Speed A/T,White,Black,None reported,Yes,36949.0,14,0.9626146310962901,2558.866666666667
Porsche,911 Carrera GTS,2022,1837,Gasoline,3.0L H6 24V GDI DOHC Twin Turbo,8-Speed Automatic with Auto-Shift,Aventurine Green Metallic,Agave Green,None reported,Yes,179900.0,4,97.87812840043526,367.4
Ford,F-250 XLT,2022,36294,Diesel,6.7L V8 32V DDI OHV Turbo Diesel,Automatic,Oxford White,Medium Earth Gray,None reported,Yes,77535.0,4,2.1362446617991457,7258.8
Audi,A4 2.0T Premium,2011,90818,Gasoline,211.0HP 2.0L 4 Cylinder Engine Gasoline Fuel,A/T,White,Black,At least 1 accident or damage reported,Yes,8300.0,15,0.09139056805294046,5676.125
Cadillac,ATS 2.0L Turbo,2018,32000,Gasoline,272.0HP 2.0L 4 Cylinder Engine Gasoline Fuel,A/T,Gray,Black,None reported,Yes,22999.0,8,0.7186962907409143,3555.5555555555557
Ford,Transit-350 Base,2019,94650,Gasoline,275.0HP 3.7L V6 Cylinder Engine Gasoline Fuel,6-Speed A/T,White,–,None reported,Yes,37000.0,7,0.390909763235465,11831.25
Mercedes-Benz,G-Class G 63 AMG,2014,49899,Gasoline,536.0HP 5.5L 8 Cylinder Engine Gasoline Fuel,A/T,White,Black,None reported,Yes,72999.0,12,1.4629058116232465,3838.3846153846152
Jeep,Wrangler Sahara,2011,55000,Gasoline,202.0HP 3.8L V6 Cylinder Engine Gasoline Fuel,4-Speed A/T,Red,Black,At least 1 accident or damage reported,Yes,35000.0,15,0.6363520663260668,3437.5
BMW,M4 Base,2015,23700,Gasoline,425.0HP 3.0L Straight 6 Cylinder Engine Gasoline Fuel,Transmission w/Dual Shift Mode,Black,Black,None reported,Yes,42800.0,11,1.805830977595882,1975.0
Tesla,Model S P100D,2018,46000,Gasoline,518.0HP Electric Motor Electric Fuel System,A/T,White,Black,None reported,Yes,59500.0,8,1.293450142388209,5111.111111111111
Maserati,Ghibli S GranLusso,2020,12118,Gasoline,424.0HP 3.0L V6 Cylinder Engine Gasoline Fuel,8-Speed A/T,Blue,Brown,None reported,Yes,52900.0,6,4.365046621008334,1731.142857142857
Ford,Expedition XLT,2022,22169,Gasoline,3.5L V6 24V PDI DOHC Twin Turbo,10-Speed Automatic,Black,Sandstone,None reported,Yes,57352.0,4,2.586919260261615,4433.8
Ferrari,812 Superfast Base,2020,1575,Gasoline,788.0HP 6.5L 12 Cylinder Engine Gasoline Fuel,Transmission w/Dual Shift Mode,Red,Black,None reported,Yes,469900.0,6,298.15989847715736,225.0
Tesla,Model X Long Range Plus,2021,46897,Gasoline,557.0HP Electric Motor Electric Fuel System,A/T,Blue,Black,None reported,Yes,69000.0,5,1.4712780928824256,7816.166666666667
Land,Rover Range Rover P400 SE SWB,2022,3369,Hybrid,395.0HP 3.0L Straight 6 Cylinder Engine Gasoline/Mild Electric Hybrid,A/T,White,Black,None reported,Yes,139500.0,4,41.3946587537092,673.8
BMW,535 i xDrive,2011,135000,Gasoline,300.0HP 3.0L Straight 6 Cylinder Engine Gasoline Fuel,8-Speed A/T,Blue,Beige,None reported,Yes,9999.0,15,0.07406611802875535,8437.5
BMW,428 i xDrive,2015,125000,Gasoline,240.0HP 2.0L 4 Cylinder Engine Gasoline Fuel,A/T,White,Black,None reported,Yes,15000.0,11,0.11999904000767994,10416.666666666666
Cadillac,Escalade ESV Platinum,2017,134000,Gasoline,420.0HP 6.2L 8 Cylinder Engine Gasoline Fuel,8-Speed A/T,Gold,Brown,None reported,Yes,32999.0,9,0.24625935627346066,13400.0
BMW,X5 xDrive35i,2014,143250,Gasoline,300.0HP 3.0L Straight 6 Cylinder Engine Gasoline Fuel,8-Speed A/T,Black,White,None reported,Yes,12999.0,12,0.09074282203963673,11019.23076923077
Lexus,GX 460 Premium,2017,82975,Gasoline,301.0HP 4.6L 8 Cylinder Engine Gasoline Fuel,A/T,White,Beige,None reported,Yes,31000.0,9,0.37360200539915156,8297.5
MINI,Countryman Cooper S ALL4,2016,91700,Gasoline,181.0HP 1.6L 4 Cylinder Engine Gasoline Fuel,6-Speed M/T,White,Black,None reported,Yes,13999.0,10,0.15265918583221558,8336.363636363636
Ford,F-150 XLT,2018,72393,Gasoline,325.0HP 2.7L V6 Cylinder Engine Gasoline Fuel,10-Speed A/T,Black,Black,None reported,Yes,35000.0,8,0.4834654805646877,8043.666666666667
INFINITI,QX60 Base,2016,71000,Gasoline,265.0HP 3.5L V6 Cylinder Engine Gasoline Fuel,A/T,Black,Black,None reported,Yes,21500.0,10,0.3028126364417403,6454.545454545455
Lexus,RX 350 Base,2012,160900,Gasoline,270.0HP 3.5L V6 Cylinder Engine Gasoline Fuel,6-Speed A/T,Silver,Gray,None reported,Yes,15000.0,14,0.09322502656913258,10726.666666666666
Dodge,Charger Scat Pack,2020,40208,Gasoline,485.0HP 6.4L 8 Cylinder Engine Gasoline Fuel,8-Speed A/T,Red,Black,At least 1 accident or damage reported,Yes,38000.0,6,0.9450620507846502,5744.0
Lexus,IS 350 Base,2017,77300,Gasoline,306.0HP 3.5L V6 Cylinder Engine Gasoline Fuel,6-Speed A/T,White,Black,None reported,Yes,30000.0,9,0.38809329762874994,7730.0
Nissan,NV200 SV,2017,16700,Gasoline,131.0HP 2.0L 4 Cylinder Engine Gasoline Fuel,A/T,White,Black,None reported,Yes,26500.0,9,1.5867313334530866,1670.0
Subaru,Impreza 2.0i Premium,2013,112000,Gasoline,148.0HP 2.0L 4 Cylinder Engine Gasoline Fuel,CVT Transmission,Black,Beige,None reported,Yes,9999.0,13,0.08927598860724457,8000.0
BMW,M3 Base,2016,55250,Gasoline,425.0HP 3.0L Straight 6 Cylinder Engine Gasoline Fuel,6-Speed M/T,Blue,White,None reported,Yes,49999.0,10,0.9049428969611409,5022.727272727273
INFINITI,QX80 Luxe,2020,69000,Gasoline,400.0HP 5.6L 8 Cylinder Engine Gasoline Fuel,A/T,Gray,Black,None reported,Yes,31450.0,6,0.4557904957899161,9857.142857142857
Rolls-Royce,Phantom,2023,1560,–,–,–,Tempest,Cobalt Blue,None reported,Yes,599995.0,3,384.36579115951315,390.0
Ford,Mustang GT Premium,2016,40570,Gasoline,435.0HP 5.0L 8 Cylinder Engine Gasoline Fuel,6-Speed M/T,Gray,Black,At least 1 accident or damage reported,Yes,30490.0,10,0.7515220231199625,3688.181818181818
Toyota,RAV4 TRD Off Road,2020,46500,Gasoline,203.0HP 2.5L 4 Cylinder Engine Gasoline Fuel,8-Speed A/T,White,Black,None reported,Yes,35200.0,6,0.7569729683232619,6642.857142857143
Jeep,Gladiator Sport,2021,5779,Gasoline,3.6L V6 24V MPFI DOHC,8-Speed Automatic,Firecracker Red Clearcoat,Black,None reported,Yes,41329.0,5,7.150346020761246,963.1666666666666
Ford,Bronco Big Bend Advanced,2023,12000,Gasoline,275.0HP 2.3L 4 Cylinder Engine Gasoline Fuel,10-Speed A/T,Black,–,None reported,Yes,54000.0,3,4.499625031247396,3000.0
Ford,Expedition Timberline,2022,30301,Gasoline,3.5L V6 24V PDI DOHC Twin Turbo,10-Speed Automatic,Dark Matter Metallic,Deep Cypress,None reported,Yes,68420.0,4,2.257936769850175,6060.2
Toyota,Sequoia TRD Pro,2023,600,Hybrid,437.0HP 3.4L V6 Cylinder Engine Gas/Electric Hybrid,10-Speed A/T,Orange,Black,None reported,Yes,91995.0,3,153.06988352745424,150.0
Alfa,Romeo Giulia Ti,2023,9275,Gasoline,2.0L I4 16V GDI SOHC Turbo,8-Speed Automatic,Alfa White,Black,None reported,Yes,43900.0,3,4.7326433807675725,2318.75
Chevrolet,Suburban 1500 LS,2004,171750,E85 Flex Fuel,295.0HP 5.3L 8 Cylinder Engine Flex Fuel Capability,4-Speed A/T,White,Beige,At least 1 accident or damage reported,Yes,12998.0,22,0.07567932646680368,7467.391304347826
Mitsubishi,Lancer Evolution GSR,2013,76500,Gasoline,291.0HP 2.0L 4 Cylinder Engine Gasoline Fuel,5-Speed M/T,Black,Black,None reported,Yes,28000.0,13,0.36600828747336633,5464.285714285715
Mercedes-Benz,AMG GLE 43 Coupe 4MATIC,2018,49000,Gasoline,385.0HP 3.0L V6 Cylinder Engine Gasoline Fuel,9-Speed A/T,Blue,Brown,At least 1 accident or damage reported,Yes,42995.0,8,0.8774310728352482,5444.444444444444
Audi,R8 5.2 quattro Spyder,2011,75000,Gasoline,525.0HP 5.2L 10 Cylinder Engine Gasoline Fuel,Transmission w/Dual Shift Mode,White,Brown,At least 1 accident or damage reported,Yes,74000.0,15,0.9866535112865161,4687.5
Ford,Escape XLT,2007,133300,Gasoline,153.0HP 2.3L 4 Cylinder Engine Gasoline Fuel,4-Speed A/T,Silver,Silver,None reported,Yes,3000.0,19,0.022505457573461566,6665.0
BMW,X5 3.0si,2007,99700,Gasoline,260.0HP 3.0L Straight 6 Cylinder Engine Gasoline Fuel,6-Speed A/T,Black,Black,None reported,Yes,8500.0,19,0.08525491218744044,4985.0
Chevrolet,Camaro 2LT,2011,126700,Gasoline,312.0HP 3.6L V6 Cylinder Engine Gasoline Fuel,Transmission w/Dual Shift Mode,White,Beige,At least 1 accident or damage reported,Yes,14000.0,15,0.11049636545883616,7918.75
BMW,340 i,2016,28000,Gasoline,320.0HP 3.0L Straight 6 Cylinder Engine Gasoline Fuel,6-Speed M/T,Black,Red,None reported,Yes,36995.0,10,1.3212028141852077,2545.4545454545455
Mercedes-Benz,SL-Class SL 550,2012,21300,Gasoline,382.0HP 5.5L 8 Cylinder Engine Gasoline Fuel,7-Speed A/T,Silver,Red,At least 1 accident or damage reported,Yes,38500.0,14,1.807426881367072,1420.0
Cadillac,Escalade Platinum,2019,92000,Gasoline,420.0HP 6.2L 8 Cylinder Engine Gasoline Fuel,A/T,Black,Black,None reported,Yes,51900.0,7,0.5641243029967066,11500.0
Chevrolet,Silverado 3500 LTZ,2018,92149,Diesel,6.6L V8 32V DDI OHV Turbo Diesel,6-Speed Automatic,Black,Jet Black,None reported,Yes,52889.0,8,0.5739446554530656,10238.777777777777
Lexus,RC F Base,2015,25756,Gasoline,467.0HP 5.0L 8 Cylinder Engine Gasoline Fuel,8-Speed A/T,Black,Black,None reported,Yes,49995.0,11,1.9410257405753775,2146.3333333333335
Kia,Forte GT-Line,2021,24534,Gasoline,147.0HP 2.0L 4 Cylinder Engine Gasoline Fuel,CVT Transmission,White,Black,None reported,Yes,21900.0,5,0.8926024047279397,4089.0
Land,Rover Range Rover Sport Supercharged Dynamic,2018,58100,Gasoline,518.0HP 5.0L 8 Cylinder Engine Gasoline Fuel,8-Speed A/T,Red,Black,None reported,Yes,53499.0,8,0.9207931016677854,6455.555555555556
Nissan,Titan S,2017,20220,Gasoline,390.0HP 5.6L 8 Cylinder Engine Gasoline Fuel,7-Speed A/T,White,Gray,None reported,Yes,32324.0,9,1.59853617526334,2022.0
Honda,Accord EX-L 2.0T,2019,40069,Gasoline,252.0HP 2.0L 4 Cylinder Engine Gasoline Fuel,A/T,White,Black,At least 1 accident or damage reported,Yes,27500.0,7,0.6862989767906165,5008.625
Subaru,WRX Base,2017,60930,Gasoline,268.0HP 2.0L 4 Cylinder Engine Gasoline Fuel,6-Speed M/T,Blue,Black,None reported,Yes,23750.0,9,0.3897851668280514,6093.0
Audi,A4 2.0T Titanium Premium,2019,7300,Gasoline,188.0HP 2.0L 4 Cylinder Engine Gasoline Fuel,7-Speed A/T,White,Gray,None reported,Yes,27900.0,7,3.821394329543898,912.5
Ford,Mustang EcoBoost Premium,2018,34000,–,–,A/T,Blue,Gray,At least 1 accident or damage reported,Yes,25000.0,8,0.7352724919855298,3777.777777777778
Chevrolet,Avalanche 1500 LS,2012,56000,E85 Flex Fuel,320.0HP 5.3L 8 Cylinder Engine Flex Fuel Capability,A/T,Red,Black,At least 1 accident or damage reported,Yes,18000.0,14,0.3214228317351476,3733.3333333333335
Mercedes-Benz,CLA-Class CLA 250,2014,136000,Gasoline,208.0HP 2.0L 4 Cylinder Engine Gasoline Fuel,Transmission w/Dual Shift Mode,Gray,Black,At least 1 accident or damage reported,Yes,12000.0,12,0.0882346453334902,10461.538461538461
BMW,228 Gran Coupe i xDrive,2020,31100,Gasoline,228.0HP 2.0L 4 Cylinder Engine Gasoline Fuel,8-Speed A/T,Blue,White,None reported,Yes,26999.0,6,0.8681071348188161,4442.857142857143
Maserati,GranTurismo Base,2012,12100,Gasoline,440.0HP 4.7L 8 Cylinder Engine Gasoline Fuel,Transmission w/Dual Shift Mode,Blue,Beige,None reported,Yes,37900.0,14,3.1319725642508884,806.6666666666666
Ford,Expedition Platinum,2021,51902,Gasoline,3.5L V6 24V PDI DOHC Twin Turbo,10-Speed Automatic,Red,Ceramic,None reported,Yes,57480.0,5,1.10745043639096,8650.333333333334
Audi,S4 Base,2007,93000,Gasoline,340.0HP 4.2L 8 Cylinder Engine Gasoline Fuel,6-Speed M/T,Black,Black,At least 1 accident or damage reported,Yes,10995.0,19,0.1182245352200514,4650.0
Land,Rover Range Rover Sport Supercharged HSE,2016,99915,Gasoline,340.0HP 3.0L V6 Cylinder Engine Gasoline Fuel,A/T,Blue,White,At least 1 accident or damage reported,Yes,26500.0,10,0.2652227871411986,9083.181818181818
Ford,Mustang Mach-E GT,2022,7661,Gasoline,Electric,1-Speed Automatic,Star White,Black Onyx,None reported,Yes,49599.0,4,6.473375097885669,1532.2
Chevrolet,Tahoe LTZ,2007,177000,E85 Flex Fuel,320.0HP 5.3L 8 Cylinder Engine Flex Fuel Capability,4-Speed A/T,Gold,Beige,At least 1 accident or damage reported,Yes,10750.0,19,0.06073412014621386,8850.0
Nissan,Xterra S,2008,100900,Gasoline,261.0HP 4.0L V6 Cylinder Engine Gasoline Fuel,A/T,Black,Gray,None reported,Yes,6999.0,18,0.06936502115935422,5310.526315789473
INFINITI,Q60 3.0T Premium,2017,107380,Gasoline,300.0HP 3.0L V6 Cylinder Engine Gasoline Fuel,7-Speed A/T,Black,Gray,At least 1 accident or damage reported,Yes,17500.0,9,0.16297110289529806,10738.0
Ford,F-150 Raptor,2021,32957,Gasoline,3.5L V6 24V PDI DOHC Twin Turbo,10-Speed Automatic,Oxford White,Black,None reported,Yes,77900.0,5,2.36361429698404,5492.833333333333
Acura,TLX Base,2016,45000,Gasoline,206.0HP 2.4L 4 Cylinder Engine Gasoline Fuel,A/T,Gray,Blue,None reported,Yes,16500.0,10,0.36665851869958443,4090.909090909091
Nissan,Frontier SV,2013,67000,Gasoline,261.0HP 4.0L V6 Cylinder Engine Gasoline Fuel,5-Speed A/T,Blue,Gray,None reported,Yes,15500.0,13,0.2313398307487948,4785.714285714285
Chevrolet,Camaro 1SS,2021,12600,Gasoline,455.0HP 6.2L 8 Cylinder Engine Gasoline Fuel,6-Speed M/T,Gray,Black,None reported,Yes,47000.0,5,3.729862709308785,2100.0
Porsche,Panamera 4,2018,24882,Gasoline,330.0HP 3.0L V6 Cylinder Engine Gasoline Fuel,Transmission w/Dual Shift Mode,White,Black,None reported,Yes,59800.0,8,2.403247196881405,2764.6666666666665
Acura,TLX PMC Edition,2020,6900,Gasoline,290.0HP 3.5L V6 Cylinder Engine Gasoline Fuel,9-Speed A/T,Red,Black,None reported,Yes,43500.0,6,6.303434284886248,985.7142857142857
Kia,Sorento EX V6,2019,66075,Gasoline,3.3L V6 24V GDI DOHC,8-Speed Automatic,Titanium Silver,Satin Black,None reported,Yes,23754.0,7,0.3594951268236576,8259.375
Hyundai,Palisade SEL,2021,68050,Gasoline,291.0HP 3.8L V6 Cylinder Engine Gasoline Fuel,8-Speed A/T,Black,Black,None reported,Yes,29600.0,5,0.4349678917282626,11341.666666666666
Ford,F-250 Lariat,2017,128000,Diesel,440.0HP 6.7L 8 Cylinder Engine Diesel Fuel,6-Speed A/T,Gray,Black,None reported,Yes,50000.0,9,0.3906219482660292,12800.0
BMW,430 i,2021,9472,Gasoline,255.0HP 2.0L 4 Cylinder Engine Gasoline Fuel,A/T,White,Blue,None reported,Yes,51000.0,5,5.38372215771139,1578.6666666666667
Mitsubishi,Lancer GTS,2009,185963,Gasoline,168.0HP 2.4L 4 Cylinder Engine Gasoline Fuel,CVT Transmission,Orange,Gray,At least 1 accident or damage reported,Yes,5100.0,17,0.027424662837968638,10331.277777777777
Nissan,NV200 S,2019,52000,Gasoline,131.0HP 2.0L 4 Cylinder Engine Gasoline Fuel,CVT Transmission,Black,Gray,At least 1 accident or damage reported,Yes,19500.0,7,0.37499278860021923,6500.0
Buick,Enclave Leather,2015,68653,Gasoline,288.0HP 3.6L V6 Cylinder Engine Gasoline Fuel,6-Speed A/T,Blue,Black,At least 1 accident or damage reported,Yes,18950.0,11,0.2760217904273604,5721.083333333333
Lexus,RX 330 Base,2004,151896,Gasoline,230.0HP 3.3L V6 Cylinder Engine Gasoline Fuel,A/T,Silver,Gray,None reported,Yes,7900.0,22,0.05200892710191775,6604.173913043478
Lexus,RX 450h F Sport,2019,43671,Hybrid,3.5L V6 24V PDI DOHC Hybrid,Automatic CVT,Caviar,Rioja Red,None reported,Yes,44950.0,7,1.0292636013921963,5458.875
Ford,F-250 Lariat,2017,72128,E85 Flex Fuel,6.2L V8 16V MPFI SOHC Flexible Fuel,6-Speed Automatic,White,Camel,None reported,Yes,45985.0,9,0.6375382994357331,7212.8
Kia,Forte Koup EX,2013,134207,Gasoline,156.0HP 2.0L 4 Cylinder Engine Gasoline Fuel,A/T,Black,–,At least 1 accident or damage reported,Yes,5500.0,13,0.040981163567000475,9586.214285714286
GMC,Terrain SLE,2020,26470,Gasoline,1.5L I4 16V GDI DOHC Turbo,9-Speed Automatic,Summit White,Jet Black,None reported,Yes,29900.0,6,1.1295379849646783,3781.4285714285716
Porsche,Macan Base,2018,82300,Gasoline,252.0HP 2.0L 4 Cylinder Engine Gasoline Fuel,7-Speed A/T,Black,Black,None reported,Yes,35000.0,8,0.4252682227433445,9144.444444444445
Lexus,RC 350 Base,2015,124000,Gasoline,306.0HP 3.5L V6 Cylinder Engine Gasoline Fuel,Transmission w/Dual Shift Mode,Blue,Blue,None reported,Yes,24000.0,11,0.1935468262352723,10333.333333333334
Audi,S4 3.0T Premium Plus,2020,23823,Gasoline,3.0L V6 24V GDI DOHC Turbo,8-Speed Automatic,Tango Red Metallic,Black,None reported,Yes,49995.0,6,2.0985141034251176,3403.285714285714
Lamborghini,Urus Base,2021,9500,Gasoline,641.0HP 4.0L 8 Cylinder Engine Gasoline Fuel,A/T,White,Black,None reported,Yes,279900.0,5,29.460056836122515,1583.3333333333333
INFINITI,QX60 Base,2014,154247,Gasoline,265.0HP 3.5L V6 Cylinder Engine Gasoline Fuel,A/T,Black,Black,At least 1 accident or damage reported,Yes,12500.0,12,0.0810383278875577,11865.153846153846
Chevrolet,Silverado 2500 LTZ H/D Extended Cab,2008,128000,Gasoline,353.0HP 6.0L 8 Cylinder Engine Gasoline Fuel,6-Speed A/T,Beige,Black,None reported,Yes,23500.0,18,0.1835923156850337,6736.8421052631575
Maserati,GranTurismo Base,2008,70000,Gasoline,405.0HP 4.2L 8 Cylinder Engine Gasoline Fuel,A/T,Blue,Brown,At least 1 accident or damage reported,Yes,13000.0,18,0.18571163269096155,3684.2105263157896
BMW,X6 M Base,2016,52375,Gasoline,567.0HP 4.4L 8 Cylinder Engine Gasoline Fuel,8-Speed A/T,White,Brown,At least 1 accident or damage reported,Yes,48600.0,10,0.9279059111043226,4761.363636363636
Chrysler,300 S,2016,100574,Gasoline,300.0HP 3.6L V6 Cylinder Engine Gasoline Fuel,8-Speed A/T,Black,Black,At least 1 accident or damage reported,Yes,17500.0,10,0.17399950285856325,9143.09090909091
Chrysler,300 Base,2014,85000,Gasoline,292.0HP 3.6L V6 Cylinder Engine Gasoline Fuel,8-Speed A/T,White,–,At least 1 accident or damage reported,Yes,11250.0,12,0.13235138410136352,6538.461538461538
Acura,RDX w/A-Spec Package,2023,3959,Gasoline,2.0 Liter DOHC Turbo,Automatic,White,Black,None reported,Yes,48998.0,3,12.373232323232322,989.75
Chevrolet,Corvette Stingray w/1LT,2021,10400,Gasoline,490.0HP 6.2L 8 Cylinder Engine Gasoline Fuel,8-Speed A/T,Silver,Black,None reported,Yes,72900.0,5,7.008941447937699,1733.3333333333333
Chevrolet,Camaro 1SS,2019,19200,Gasoline,455.0HP 6.2L 8 Cylinder Engine Gasoline Fuel,6-Speed M/T,Orange,Black,None reported,Yes,41500.0,7,2.161345763241498,2400.0
Mercedes-Benz,E-Class E 350 4MATIC,2013,81000,Gasoline,302.0HP 3.5L V6 Cylinder Engine Gasoline Fuel,A/T,Gray,Beige,At least 1 accident or damage reported,Yes,13000.0,13,0.16049184577968173,5785.714285714285
Ford,F-150 Raptor,2022,17451,Gasoline,3.5L V6 24V PDI DOHC Twin Turbo,10-Speed Automatic,Oxford White,Rhapsody Blue,None reported,Yes,77900.0,4,4.463671785468714,3490.2
Nissan,Versa 1.8 S,2011,165000,Gasoline,122.0HP 1.8L 4 Cylinder Engine Gasoline Fuel,A/T,Black,–,None reported,Yes,4000.0,15,0.024242277319531397,10312.5
BMW,M3 CS,2024,124,Gasoline,543.0HP 3.0L Straight 6 Cylinder Engine Gasoline Fuel,Transmission w/Dual Shift Mode,Green,Black,None reported,Yes,145000.0,2,1160.0,41.333333333333336
Hyundai,Accent GLS,2013,117500,Gasoline,138.0HP 1.6L 4 Cylinder Engine Gasoline Fuel,6-Speed A/T,Silver,Gray,At least 1 accident or damage reported,Yes,6500.0,13,0.055318678138909456,8392.857142857143
Mercedes-Benz,S-Class S 450 4MATIC,2018,72500,Gasoline,362.0HP 3.0L V6 Cylinder Engine Gasoline Fuel,A/T,Black,Black,None reported,Yes,60000.0,8,0.8275747920718335,8055.555555555556
Porsche,911 GT3,2023,265,Gasoline,4.0L H6 24V GDI DOHC,6-Speed Manual,Black,Gray,None reported,Yes,279950.0,3,1052.4436090225563,66.25
Mercedes-Benz,AMG GT 63 S 4-Door,2020,21214,Gasoline,4.0L V8 32V GDI DOHC Twin Turbo,9-Speed Automatic,Obsidian Black Metallic,Black,None reported,Yes,117900.0,6,5.557388640113127,3030.5714285714284
Audi,Q5 3.0 TDI Premium Plus,2014,55564,Diesel,240.0HP 3.0L V6 Cylinder Engine Diesel Fuel,8-Speed A/T,Black,Black,At least 1 accident or damage reported,Yes,22500.0,12,0.4049311617025106,4274.153846153846
Cadillac,LYRIQ Luxury,2023,1090,Gasoline,500.0HP Electric Motor Electric Fuel System,A/T,Gray,Silver,None reported,Yes,68750.0,3,63.01558203483043,272.5
Volvo,XC60 T5 R-Design,2019,43500,Gasoline,250.0HP 2.0L 4 Cylinder Engine Gasoline Fuel,Transmission w/Dual Shift Mode,Gray,Black,None reported,Yes,30000.0,7,0.6896393186363532,5437.5
Mercedes-Benz,AMG GT 53 Base,2019,35000,Hybrid,429.0HP 3.0L Straight 6 Cylinder Engine Gasoline/Mild Electric Hybrid,Transmission w/Dual Shift Mode,Black,Black,None reported,Yes,83000.0,7,2.3713608182623354,4375.0
GMC,Yukon SLT,2017,92031,Gasoline,355.0HP 5.3L 8 Cylinder Engine Gasoline Fuel,A/T,White,Beige,At least 1 accident or damage reported,Yes,30000.0,9,0.32597357440890123,9203.1
Lexus,GS 350 Base,2016,128032,Gasoline,311.0HP 3.5L V6 Cylinder Engine Gasoline Fuel,Transmission w/Dual Shift Mode,Silver,Black,None reported,Yes,18000.0,10,0.14058875446174032,11639.272727272728
Jaguar,XF 25t Premium,2018,18800,Gasoline,247.0HP 2.0L 4 Cylinder Engine Gasoline Fuel,8-Speed A/T,White,White,None reported,Yes,26000.0,8,1.3829051646189032,2088.8888888888887
BMW,M8 Gran Coupe Competition,2023,2900,Gasoline,617.0HP 4.4L 8 Cylinder Engine Gasoline Fuel,8-Speed A/T,Green,Gray,None reported,Yes,117500.0,3,40.50327473285074,725.0
Honda,Ridgeline Black Edition,2017,91600,Gasoline,280.0HP 3.5L V6 Cylinder Engine Gasoline Fuel,6-Speed A/T,Black,Black,None reported,Yes,26000.0,9,0.283839696073187,9160.0
Toyota,4Runner SR5,2019,91843,Gasoline,270.0HP 4.0L V6 Cylinder Engine Gasoline Fuel,5-Speed A/T,Blue,Black,At least 1 accident or damage reported,Yes,30500.0,7,0.3320848395104743,11480.375
Ford,Bronco Sport Outer Banks,2021,28105,Gasoline,1.5L I3 12V PDI DOHC Turbo,8-Speed Automatic,Kodiak Brown Metallic,Ebony,None reported,Yes,32455.0,5,1.154735643634811,4684.166666666667
Dodge,Charger R/T 392,2017,73350,Gasoline,485.0HP 6.4L 8 Cylinder Engine Gasoline Fuel,8-Speed A/T,Gray,Red,None reported,Yes,37000.0,9,0.5044239342340254,7335.0
Mercedes-Benz,GLC 300 GLC 300,2022,11875,Gasoline,2.0 Liter Turbo,Automatic,Black,Black,None reported,Yes,41598.0,4,3.5026945099360054,2375.0
Tesla,Model S P100D,2018,47000,Gasoline,518.0HP Electric Motor Electric Fuel System,A/T,Black,Black,None reported,Yes,49900.0,8,1.0616795387332185,5222.222222222223
INFINITI,Q50 3.0t Signature Edition,2017,67000,Gasoline,300.0HP 3.0L V6 Cylinder Engine Gasoline Fuel,Transmission w/Dual Shift Mode,Black,Black,None reported,Yes,23000.0,9,0.3432784585304697,6700.0
BMW,340 i,2016,117660,Gasoline,320.0HP 3.0L Straight 6 Cylinder Engine Gasoline Fuel,8-Speed A/T,White,Black,At least 1 accident or damage reported,Yes,19500.0,10,0.16573036095222715,10696.363636363636
Nissan,NV Passenger NV3500 HD SV V8,2015,86000,Gasoline,317.0HP 5.6L 8 Cylinder Engine Gasoline Fuel,A/T,Silver,Gray,None reported,Yes,29500.0,11,0.34301926721782305,7166.666666666667
Lexus,ES 350 Base,2020,15324,Gasoline,3.5L V6 24V PDI DOHC,8-Speed Automatic,Black,Black,At least 1 accident or damage reported,Yes,33364.0,6,2.1770962479608484,2189.1428571428573
BMW,135 is,2013,29400,Gasoline,320.0HP 3.0L Straight 6 Cylinder Engine Gasoline Fuel,6-Speed M/T,White,Beige,None reported,Yes,29000.0,13,0.9863610081289752,2100.0
Lexus,IS 300 Base,2017,68871,Gasoline,255.0HP 3.5L V6 Cylinder Engine Gasoline Fuel,6-Speed A/T,Silver,Red,None reported,Yes,28450.0,9,0.41308514345452435,6887.1
Porsche,Cayenne S,2012,126000,Gasoline,400.0HP 4.8L 8 Cylinder Engine Gasoline Fuel,Transmission w/Dual Shift Mode,Silver,Gray,None reported,Yes,17999.0,14,0.14284807263434418,8400.0
Pontiac,Solstice GXP,2007,25718,Gasoline,260.0HP 2.0L 4 Cylinder Engine Gasoline Fuel,M/T,Yellow,Black,None reported,Yes,17900.0,19,0.69598351413352,1285.9
Porsche,Panamera Turbo,2015,67210,Gasoline,520.0HP 4.8L 8 Cylinder Engine Gasoline Fuel,Transmission w/Dual Shift Mode,Blue,Beige,At least 1 accident or damage reported,Yes,51950.0,11,0.7729389534451205,5600.833333333333
BMW,X6 xDrive35i,2018,27214,Gasoline,300.0HP 3.0L Straight 6 Cylinder Engine Gasoline Fuel,Transmission w/Dual Shift Mode,Black,Black,At least 1 accident or damage reported,Yes,40950.0,8,1.5046849164063936,3023.777777777778
Ford,F-150 Limited,2019,42728,Gasoline,450.0HP 3.5L V6 Cylinder Engine Gasoline Fuel,Transmission w/Dual Shift Mode,Black,Brown,None reported,Yes,45950.0,7,1.0753820590231458,5341.0
MINI,Cooper S Base,2010,97395,Gasoline,172.0HP 1.6L 4 Cylinder Engine Gasoline Fuel,6-Speed M/T,Yellow,Black,None reported,Yes,6699.0,16,0.06878105877038071,5729.117647058823
Mazda,Mazda3 i SV,2015,91700,Gasoline,155.0HP 2.0L 4 Cylinder Engine Gasoline Fuel,A/T,Red,Black,None reported,Yes,12000.0,11,0.13086007786174633,7641.666666666667
Mitsubishi,Lancer Evolution MR,2011,94500,Gasoline,291.0HP 2.0L 4 Cylinder Engine Gasoline Fuel,Transmission w/Dual Shift Mode,White,Black,None reported,Yes,27000.0,15,0.2857112623146845,5906.25
Chevrolet,Tahoe LTZ,2014,196300,E85 Flex Fuel,320.0HP 5.3L 8 Cylinder Engine Flex Fuel Capability,6-Speed A/T,Black,Black,None reported,Yes,10995.0,12,0.056010922002435036,15100.0
Cadillac,CTS 3.6L Luxury,2015,54259,Gasoline,3.6L V6 24V GDI DOHC,8-Speed Automatic,Majestic Plum Metallic,Light Platinum / Jet Black,None reported,Yes,19425.0,11,0.3579985256173977,4521.583333333333
Acura,RDX w/Advance Package,2021,36267,Gasoline,2.0 Liter Turbo,Automatic,White,Parchment,None reported,Yes,39798.0,5,1.0973309804786588,6044.5
Land,Rover Range Rover Sport Supercharged HSE,2015,175000,Gasoline,340.0HP 3.0L V6 Cylinder Engine Gasoline Fuel,A/T,Black,Black,None reported,Yes,19500.0,11,0.11142793469751601,14583.333333333334
Chevrolet,Suburban 1500 LTZ,2015,159000,Gasoline,355.0HP 5.3L 8 Cylinder Engine Gasoline Fuel,6-Speed A/T,White,Beige,At least 1 accident or damage reported,Yes,26900.0,11,0.16918132590361068,13250.0
Chevrolet,Camaro 2SS,2016,74000,Gasoline,455.0HP 6.2L 8 Cylinder Engine Gasoline Fuel,8-Speed A/T,Black,Black,None reported,Yes,32000.0,10,0.43242658882988066,6727.272727272727
Chevrolet,Silverado 1500 Hybrid 1HY,2011,82963,Hybrid,332.0HP 6.0L 8 Cylinder Engine Gas/Electric Hybrid,4-Speed A/T,White,Black,None reported,Yes,20995.0,15,0.2530615688732462,5185.1875
Cadillac,XT5 Luxury,2019,54323,Gasoline,3.6 Liter DOHC,Automatic,Red,Beige,None reported,Yes,27998.0,7,0.5153891466018703,6790.375
Nissan,Armada SL,2019,59980,Gasoline,390.0HP 5.6L 8 Cylinder Engine Gasoline Fuel,7-Speed A/T,Silver,Black,None reported,Yes,29000.0,7,0.4834864373718344,7497.5
Audi,Q5 S line Premium,2022,10120,Hybrid,2.0 Liter TFSI,Automatic,Navarre Blue,Gray,None reported,Yes,39998.0,4,3.9519810295425355,2024.0
BMW,X6 M Base,2017,25000,Gasoline,567.0HP 4.4L 8 Cylinder Engine Gasoline Fuel,Transmission w/Dual Shift Mode,White,Red,At least 1 accident or damage reported,Yes,65000.0,9,2.5998960041598336,2500.0
BMW,740 i,2012,126000,Gasoline,326.0HP 3.0L Straight 6 Cylinder Engine Gasoline Fuel,A/T,Black,Black,At least 1 accident or damage reported,Yes,12700.0,14,0.10079285085039008,8400.0
Toyota,Sequoia TRD Pro,2020,37428,Gasoline,381.0HP 5.7L 8 Cylinder Engine Gasoline Fuel,6-Speed A/T,White,Black,None reported,Yes,61599.0,6,1.6457559646263593,5346.857142857143
Volkswagen,Jetta GLI,2014,99499,Gasoline,210.0HP 2.0L 4 Cylinder Engine Gasoline Fuel,Transmission w/Dual Shift Mode,Black,Black,At least 1 accident or damage reported,Yes,15000.0,12,0.1507537688442211,7653.7692307692305
Honda,Crosstour EX-L,2012,90742,Gasoline,192.0HP 2.4L 4 Cylinder Engine Gasoline Fuel,A/T,Gray,Gray,None reported,Yes,12980.0,14,0.14304133652182538,6049.466666666666
Land,Rover Range Rover Sport Supercharged,2014,125000,E85 Flex Fuel,510.0HP 5.0L 8 Cylinder Engine Flex Fuel Capability,8-Speed A/T,White,Brown,At least 1 accident or damage reported,Yes,22500.0,12,0.1799985600115199,9615.384615384615
Hyundai,Santa Fe Sport 2.0L Turbo Ultimate,2018,71669,Gasoline,240.0HP 2.0L 4 Cylinder Engine Gasoline Fuel,A/T,Blue,Black,None reported,Yes,20000.0,8,0.27905678805636946,7963.222222222223
Cadillac,XT5 Luxury,2019,44692,Gasoline,3.6L V6 24V GDI DOHC,8-Speed Automatic,Bronze Dune Metallic,Shara Beige,None reported,Yes,32368.0,7,0.7242297451502473,5586.5
Jaguar,F-TYPE R,2018,16002,Gasoline,550.0HP 5.0L 8 Cylinder Engine Gasoline Fuel,8-Speed A/T,Black,Red,None reported,Yes,74900.0,8,4.680372430169343,1778.0
Toyota,FJ Cruiser Base,2014,86000,Gasoline,260.0HP 4.0L V6 Cylinder Engine Gasoline Fuel,5-Speed A/T,Blue,Black,None reported,Yes,41500.0,12,0.4825525284589714,6615.384615384615
Toyota,Tundra SR5,2019,56000,Gasoline,381.0HP 5.7L 8 Cylinder Engine Gasoline Fuel,6-Speed A/T,Blue,Black,None reported,Yes,42000.0,7,0.7499866073820111,7000.0
RAM,1500 Sport,2017,41789,Gasoline,395.0HP 5.7L 8 Cylinder Engine Gasoline Fuel,A/T,Green,Black,At least 1 accident or damage reported,Yes,42500.0,9,1.0169897104570471,4178.9
Ford,Focus SE,2014,60109,E85 Flex Fuel,160.0HP 2.0L 4 Cylinder Engine Flex Fuel Capability,6-Speed A/T,Gray,Black,None reported,Yes,9499.0,12,0.15802695059058394,4623.7692307692305
Mercedes-Benz,GLE 350 Base 4MATIC,2020,48000,Gasoline,255.0HP 2.0L 4 Cylinder Engine Gasoline Fuel,A/T,Black,Black,None reported,Yes,49995.0,6,1.0415408012333076,6857.142857142857
Acura,TL Type S,2008,122000,Gasoline,286.0HP 3.5L V6 Cylinder Engine Gasoline Fuel,Transmission w/Dual Shift Mode,Gray,Beige,None reported,Yes,11500.0,18,0.09426152244653732,6421.0526315789475
Land,Rover Range Rover HSE,2012,102800,Gasoline,385.0HP 5.0L 8 Cylinder Engine Gasoline Fuel,A/T,Gold,Brown,None reported,Yes,16000.0,14,0.1556405093335668,6853.333333333333
MINI,Convertible Cooper,2022,15544,Gasoline,134.0HP 1.5L 3 Cylinder Engine Gasoline Fuel,A/T,Blue,Brown,None reported,Yes,28000.0,4,1.801222257960759,3108.8
Mazda,CX-9 Signature,2019,69771,Gasoline,227.0HP 2.5L 4 Cylinder Engine Gasoline Fuel,A/T,Black,Red,None reported,Yes,27500.0,7,0.39414091612681307,8721.375
Acura,TLX Tech,2023,2118,Gasoline,2.0 Liter DOHC Turbo,Automatic,Red,Black,None reported,Yes,41998.0,3,19.819726285983954,529.5
Ford,F-150 Raptor,2021,28260,Gasoline,450.0HP 3.5L V6 Cylinder Engine Gasoline Fuel,10-Speed A/T,Blue,Blue,None reported,Yes,72950.0,5,2.581295778634868,4710.0
Honda,Civic Si Base,2020,6025,Gasoline,205.0HP 1.5L 4 Cylinder Engine Gasoline Fuel,6-Speed M/T,Gray,Gray,None reported,Yes,27500.0,6,4.563557915698639,860.7142857142857
Hyundai,Elantra SE,2018,32697,Gasoline,147.0HP 2.0L 4 Cylinder Engine Gasoline Fuel,6-Speed A/T,Gray,Gray,At least 1 accident or damage reported,Yes,15900.0,8,0.48626827328888617,3633.0
Jaguar,F-TYPE S British Design Edition,2017,34150,Gasoline,380.0HP 3.0L V6 Cylinder Engine Gasoline Fuel,8-Speed A/T,Black,Black,None reported,Yes,45999.0,9,1.3469298117185442,3415.0
Honda,Ridgeline RTL-E,2022,9642,Gasoline,3.5L V6 24V GDI SOHC,9-Speed Automatic,Radiant Red Metallic II,Black,None reported,Yes,38999.0,4,4.044280825469253,1928.4
Pontiac,G6 GTP,2006,100545,Gasoline,201.0HP 3.5L V6 Cylinder Engine Gasoline Fuel,4-Speed A/T,Gray,Black,None reported,Yes,5995.0,20,0.05962445050026853,4787.857142857143
Mercedes-Benz,C-Class C300 4MATIC,2021,11111,Gasoline,2.0 Liter Turbo,Automatic,Gray,Black,None reported,Yes,38998.0,5,3.509539236861051,1851.8333333333333
Toyota,FJ Cruiser Base,2007,162000,Gasoline,239.0HP 4.0L V6 Cylinder Engine Gasoline Fuel,5-Speed A/T,Black,Black,None reported,Yes,23977.0,19,0.1480052592267949,8100.0
Buick,Enclave Premium,2020,87555,Gasoline,3.6L V6 24V GDI DOHC,9-Speed Automatic,Dark Moon Blue Metallic,Dark Galvanized,At least 1 accident or damage reported,Yes,31650.0,6,0.36148293663483944,12507.857142857143
Chevrolet,Tahoe LTZ,2015,102200,Gasoline,355.0HP 5.3L 8 Cylinder Engine Gasoline Fuel,A/T,Silver,Black,None reported,Yes,25000.0,11,0.24461600180037377,8516.666666666666
Bentley,Continental GTC V8,2013,18950,Gasoline,500.0HP 4.0L 8 Cylinder Engine Gasoline Fuel,Transmission w/Dual Shift Mode,White,Black,None reported,Yes,77999.0,13,4.115825022426257,1353.5714285714287
Mercedes-Benz,SLK-Class SLK 350,2015,16000,Gasoline,302.0HP 3.5L V6 Cylinder Engine Gasoline Fuel,7-Speed A/T,White,Red,At least 1 accident or damage reported,Yes,30500.0,11,1.9061308668208237,1333.3333333333333
Cadillac,Escalade Premium Luxury,2022,19250,Gasoline,420.0HP 6.2L 8 Cylinder Engine Gasoline Fuel,10-Speed A/T,Black,Black,None reported,Yes,86999.0,4,4.519193808113864,3850.0
BMW,535 i xDrive,2015,65000,Gasoline,300.0HP 3.0L Straight 6 Cylinder Engine Gasoline Fuel,Transmission w/Dual Shift Mode,Silver,Black,None reported,Yes,24995.0,11,0.3845325456531438,5416.666666666667
MINI,Cooper S Base,2007,110022,Gasoline,172.0HP 1.6L 4 Cylinder Engine Gasoline Fuel,6-Speed M/T,Silver,Black,None reported,Yes,6250.0,19,0.056806304136407845,5501.1
Bentley,Continental GT Base,2012,79089,E85 Flex Fuel,567.0HP 6.0L 12 Cylinder Engine Flex Fuel Capability,A/T,White,Beige,None reported,Yes,46999.0,14,0.594247060311038,5272.6
Lexus,GX 460 Premium,2023,2533,Gasoline,301.0HP 4.6L 8 Cylinder Engine Gasoline Fuel,A/T,Black,Black,None reported,Yes,64900.0,3,25.611681136543016,633.25
Audi,Q7 3.0T Premium Plus,2014,96273,Gasoline,280.0HP 3.0L V6 Cylinder Engine Gasoline Fuel,8-Speed A/T,Silver,Black,At least 1 accident or damage reported,Yes,15495.0,12,0.16094688077778008,7405.615384615385
Cadillac,CT6 Luxury,2020,22187,Gasoline,3.6L V6 24V GDI DOHC,10-Speed Automatic,Manhattan Noir Metallic,Shara Beige,At least 1 accident or damage reported,Yes,45480.0,6,2.0497566252028125,3169.5714285714284
GMC,Sierra 1500 SL Crew Cab,2009,137000,Gasoline,295.0HP 4.8L 8 Cylinder Engine Gasoline Fuel,A/T,Red,–,None reported,Yes,20000.0,17,0.14598433588075999,7611.111111111111
Nissan,GT-R Premium,2009,60747,Gasoline,480.0HP 3.8L V6 Cylinder Engine Gasoline Fuel,6-Speed A/T,White,–,At least 1 accident or damage reported,Yes,71999.0,17,1.1852077434648054,3374.8333333333335
Dodge,Ram 1500 ST,2007,36500,Gasoline,210.0HP 3.7L V6 Cylinder Engine Gasoline Fuel,A/T,Blue,Gray,None reported,Yes,16000.0,19,0.4383441549546588,1825.0
Ford,Bronco Outer Banks,2021,19590,Gasoline,315.0HP 2.7L V6 Cylinder Engine Gasoline Fuel,10-Speed A/T,Blue,Gray,None reported,Yes,54999.0,5,2.80736052268899,3265.0
Nissan,GT-R Black Edition,2015,16850,Gasoline,545.0HP 3.8L V6 Cylinder Engine Gasoline Fuel,Transmission w/Dual Shift Mode,White,Black,None reported,Yes,95000.0,11,5.637647617352086,1404.1666666666667
Cadillac,Escalade ESV Sport,2021,4500,Gasoline,420.0HP 6.2L 8 Cylinder Engine Gasoline Fuel,10-Speed A/T,White,Beige,None reported,Yes,105000.0,5,23.32814930015552,750.0
Chevrolet,Cruze LT,2012,194000,Gasoline,138.0HP 1.4L 4 Cylinder Engine Gasoline Fuel,6-Speed A/T,Gray,White,At least 1 accident or damage reported,Yes,4900.0,14,0.025257601764939356,12933.333333333334
Lexus,GX 460 Base,2020,48210,Gasoline,4.6L V8 32V MPFI DOHC,6-Speed Automatic,Nebula Gray Pearl,Rioja Red,At least 1 accident or damage reported,Yes,47449.0,6,0.9841944784385306,6887.142857142857
BMW,750 i,2018,81500,Gasoline,445.0HP 4.4L 8 Cylinder Engine Gasoline Fuel,8-Speed A/T,White,White,None reported,Yes,41250.0,8,0.5061287591563294,9055.555555555555
Ford,F-150 XLT,2021,77107,Gasoline,3.5L V6 24V PDI DOHC Twin Turbo,10-Speed Automatic,Agate Black Metallic,Black,None reported,Yes,39995.0,5,0.5186880738704155,12851.166666666666
BMW,535 i xDrive,2015,58664,Gasoline,300.0HP 3.0L Straight 6 Cylinder Engine Gasoline Fuel,8-Speed A/T,Blue,Gray,At least 1 accident or damage reported,Yes,20950.0,11,0.3571124179664195,4888.666666666667
Mitsubishi,Montero Limited,2004,145000,Gasoline,215.0HP 3.8L V6 Cylinder Engine Gasoline Fuel,A/T,Silver,Black,None reported,Yes,8950.0,22,0.06172371225026034,6304.347826086957
Lexus,LS 500 F Sport,2018,15055,Gasoline,416.0HP 3.5L V6 Cylinder Engine Gasoline Fuel,A/T,White,Black,None reported,Yes,59000.0,8,3.918703506907545,1672.7777777777778
Tesla,Model S 85D,2015,67647,Gasoline,422.0HP Electric Motor Electric Fuel System,1-Speed A/T,Blue,Beige,None reported,Yes,28000.0,11,0.4139072847682119,5637.25
Lexus,LC 500 Base,2021,915,Gasoline,471.0HP 5.0L 8 Cylinder Engine Gasoline Fuel,10-Speed A/T,Blue,White,None reported,Yes,159000.0,5,173.58078602620088,152.5
Mazda,MX-5 Miata Shinsen,2003,46873,Gasoline,142.0HP 1.8L 4 Cylinder Engine Gasoline Fuel,5-Speed M/T,Gray,Blue,None reported,Yes,11500.0,23,0.24533856722276742,1953.0416666666667
Cadillac,Escalade ESV Premium Luxury,2021,53169,Gasoline,420.0HP 6.2L 8 Cylinder Engine Gasoline Fuel,A/T,Black,Black,None reported,Yes,81500.0,5,1.5328192589806282,8861.5
Lexus,GX 460 Premium,2022,35700,Gasoline,301.0HP 4.6L 8 Cylinder Engine Gasoline Fuel,A/T,Silver,Gray,At least 1 accident or damage reported,Yes,51900.0,4,1.4537407915744658,7140.0
Nissan,Pathfinder Platinum,2014,112600,Gasoline,260.0HP 3.5L V6 Cylinder Engine Gasoline Fuel,CVT Transmission,Black,Black,At least 1 accident or damage reported,Yes,13000.0,12,0.1154519054004849,8661.538461538461
GMC,Yukon SLE,2015,112552,Gasoline,5.3L V8 16V GDI OHV,6-Speed Automatic,Onyx Black,Jet Black,At least 1 accident or damage reported,Yes,24440.0,11,0.21714214636660062,9379.333333333334
BMW,M3 Base,2003,127273,Gasoline,333.0HP 3.2L Straight 6 Cylinder Engine Gasoline Fuel,6-Speed M/T,Silver,Black,None reported,Yes,15000.0,23,0.11785596429749988,5303.041666666667
Lexus,IS 250 Base,2007,189887,Gasoline,204.0HP 2.5L V6 Cylinder Engine Gasoline Fuel,A/T,White,–,At least 1 accident or damage reported,Yes,3995.0,19,0.021038717559824737,9494.35
BMW,640 i,2012,76465,Gasoline,315.0HP 3.0L Straight 6 Cylinder Engine Gasoline Fuel,8-Speed A/T,White,Beige,At least 1 accident or damage reported,Yes,22500.0,14,0.2942484241362174,5097.666666666667
Mitsubishi,Eclipse Spyder GT,2007,136400,Gasoline,260.0HP 3.8L V6 Cylinder Engine Gasoline Fuel,5-Speed A/T,Red,Gray,At least 1 accident or damage reported,Yes,6750.0,19,0.04948644071524402,6820.0
Ford,Thunderbird Deluxe,2004,79635,Gasoline,280.0HP 3.9L 8 Cylinder Engine Gasoline Fuel,A/T,Gray,Black,None reported,Yes,13500.0,22,0.169521322015169,3462.391304347826
Tesla,Model Y Long Range,2022,4665,Gasoline,Dual Motor - Standard,Automatic,Silver,Black,None reported,Yes,46598.0,4,9.986712387483927,933.0
Buick,Enclave 1XL,2011,170000,Gasoline,288.0HP 3.6L V6 Cylinder Engine Gasoline Fuel,6-Speed A/T,Gold,Beige,At least 1 accident or damage reported,Yes,4000.0,15,0.023529273357215545,10625.0
Ford,F-150 XLT,2018,67650,Gasoline,375.0HP 3.5L V6 Cylinder Engine Gasoline Fuel,A/T,Blue,Gray,None reported,Yes,30000.0,8,0.4434524249456771,7516.666666666667
Lexus,ES 350 Base,2016,119850,Gasoline,268.0HP 3.5L V6 Cylinder Engine Gasoline Fuel,A/T,White,Beige,None reported,Yes,19000.0,10,0.158530174967251,10895.454545454546
Acura,TL Type S,2008,116500,Gasoline,286.0HP 3.5L V6 Cylinder Engine Gasoline Fuel,6-Speed M/T,Red,Black,None reported,Yes,15999.0,18,0.13732929331078703,6131.578947368421
Ford,Transit Connect XLT,2010,169802,Gasoline,2.0L I4 16V MPFI DOHC,4-Speed Automatic,Frozen White,Dark Gray,None reported,Yes,9985.0,16,0.05880343692396483,9988.35294117647
BMW,X3 M40i,2021,36905,Gasoline,382.0HP 3.0L Straight 6 Cylinder Engine Gasoline Fuel,Transmission w/Dual Shift Mode,Blue,Beige,None reported,Yes,50000.0,5,1.3547932585487454,6150.833333333333
Jeep,Gladiator Willys,2022,8400,Gasoline,285.0HP 3.6L V6 Cylinder Engine Gasoline Fuel,8-Speed A/T,Black,Black,At least 1 accident or damage reported,Yes,47000.0,4,5.594572074753006,1680.0
Hummer,H2 Base,2003,149961,Gasoline,316.0HP 6.0L 8 Cylinder Engine Gasoline Fuel,A/T,Beige,Beige,At least 1 accident or damage reported,Yes,12500.0,23,0.0833544497939478,6248.375
Mercedes-Benz,C-Class C 63 AMG,2014,84500,Gasoline,451.0HP 6.2L 8 Cylinder Engine Gasoline Fuel,7-Speed A/T,White,Black,None reported,Yes,41500.0,12,0.49111844830238693,6500.0
Lamborghini,Aventador LP700-4,2016,3254,Gasoline,6.5L V12 48V MPFI DOHC,7-Speed Automatic with Auto-Shift,Bianco Isis,Giallo Taurus / Nero Ade,None reported,Yes,399900.0,10,122.85714285714286,295.8181818181818
Mercedes-Benz,G-Class G 550 4MATIC,2016,96000,Gasoline,416.0HP 4.0L 8 Cylinder Engine Gasoline Fuel,A/T,Blue,Brown,None reported,Yes,65000.0,10,0.6770762804554119,8727.272727272728
Nissan,GT-R Premium,2009,88000,Gasoline,480.0HP 3.8L V6 Cylinder Engine Gasoline Fuel,Transmission w/Dual Shift Mode,White,White,At least 1 accident or damage reported,Yes,57000.0,17,0.6477199122737242,4888.888888888889
Audi,R8 4.2 quattro Spyder,2011,35322,Gasoline,4.2L V8 32V GDI DOHC,6-Speed Manual,Phantom Black Pearl Effect / Black Roof,Red,None reported,Yes,94900.0,15,2.686634770546103,2207.625
Acura,TLX A-Spec,2020,32500,Gasoline,206.0HP 2.4L 4 Cylinder Engine Gasoline Fuel,A/T,White,Red,None reported,Yes,32000.0,6,0.984585089689548,4642.857142857143
Audi,A6 3.0T Premium Plus,2016,71280,Gasoline,333.0HP 3.0L V6 Cylinder Engine Gasoline Fuel,A/T,Silver,Black,None reported,Yes,22000.0,10,0.30863764537534544,6480.0
Porsche,Panamera 2,2011,37200,Gasoline,300.0HP 3.6L V6 Cylinder Engine Gasoline Fuel,7-Speed A/T,Black,Beige,None reported,Yes,27500.0,15,0.7392274401225774,2325.0
Saturn,Sky Red Line,2008,94291,Gasoline,260.0HP 2.0L 4 Cylinder Engine Gasoline Fuel,A/T,White,–,None reported,Yes,14500.0,18,0.15377762694608238,4962.684210526316
Maserati,Coupe Cambiocorsa,2006,54082,Gasoline,390.0HP 4.2L 8 Cylinder Engine Gasoline Fuel,Transmission w/Dual Shift Mode,Blue,Beige,None reported,Yes,17000.0,20,0.3143316753878298,2575.3333333333335
Volvo,XC90 Recharge Plug-In Hybrid T8 Inscription 7 Passenger,2022,7800,Plug-In Hybrid,455.0HP 2.0L 4 Cylinder Engine Plug-In Electric/Gas,8-Speed A/T,Black,Beige,None reported,Yes,66000.0,4,8.4604537879759,1560.0
Jeep,Wrangler Sport,2016,86250,Gasoline,285.0HP 3.6L V6 Cylinder Engine Gasoline Fuel,5-Speed A/T,White,Black,None reported,Yes,22000.0,10,0.255069506440505,7840.909090909091
BMW,X5 xDrive50i,2016,75479,Gasoline,445.0HP 4.4L 8 Cylinder Engine Gasoline Fuel,Transmission w/Dual Shift Mode,Silver,Black,None reported,Yes,27899.0,10,0.3696210916799152,6861.727272727273
BMW,750 i,2017,24650,Gasoline,445.0HP 4.4L 8 Cylinder Engine Gasoline Fuel,A/T,Silver,Black,None reported,Yes,50000.0,9,2.0283152813273295,2465.0
Volkswagen,Golf R 4-Door,2013,102750,Gasoline,256.0HP 2.0L 4 Cylinder Engine Gasoline Fuel,6-Speed M/T,Black,Black,None reported,Yes,20000.0,13,0.19464530758824733,7339.285714285715
Alfa,Romeo Stelvio Base,2018,50000,Gasoline,280.0HP 2.0L 4 Cylinder Engine Gasoline Fuel,A/T,Brown,Brown,None reported,Yes,27500.0,8,0.5499890002199956,5555.555555555556
BMW,X5 xDrive35i,2017,72700,Gasoline,300.0HP 3.0L Straight 6 Cylinder Engine Gasoline Fuel,A/T,Gray,Black,None reported,Yes,27499.0,9,0.3782478920510034,7270.0
BMW,X6 M Base,2018,54293,Gasoline,567.0HP 4.4L 8 Cylinder Engine Gasoline Fuel,8-Speed A/T,Black,Beige,At least 1 accident or damage reported,Yes,49000.0,8,0.9024938298891222,6032.555555555556
Lexus,IS 300 Base,2018,16000,Gasoline,260.0HP 3.5L V6 Cylinder Engine Gasoline Fuel,6-Speed A/T,Blue,Brown,At least 1 accident or damage reported,Yes,30500.0,8,1.9061308668208237,1777.7777777777778
Lamborghini,Gallardo SE,2006,19500,Gasoline,493.0HP 5.0L 10 Cylinder Engine Gasoline Fuel,6-Speed A/T,Green,Yellow,None reported,Yes,129000.0,20,6.615045382288088,928.5714285714286
BMW,428 i,2014,71000,Gasoline,240.0HP 2.0L 4 Cylinder Engine Gasoline Fuel,Transmission w/Dual Shift Mode,White,Black,At least 1 accident or damage reported,Yes,16700.0,12,0.23520795481753778,5461.538461538462
BMW,X5 xDrive40i,2019,60000,Gasoline,335.0HP 3.0L Straight 6 Cylinder Engine Gasoline Fuel,8-Speed A/T,White,Beige,None reported,Yes,36500.0,7,0.6083231946134231,7500.0
Alfa,Romeo Giulia Base,2017,36000,Gasoline,280.0HP 2.0L 4 Cylinder Engine Gasoline Fuel,8-Speed A/T,White,Red,None reported,Yes,21000.0,9,0.58331713007972,3600.0
Mercedes-Benz,C-Class C 300,2019,76422,Gasoline,2.0 Liter Turbo,Automatic,Black,Black,None reported,Yes,28998.0,7,0.3794407442785549,9552.75
Nissan,370Z NISMO Tech,2016,42600,Gasoline,350.0HP 3.7L V6 Cylinder Engine Gasoline Fuel,7-Speed A/T,Red,Black,At least 1 accident or damage reported,Yes,31950.0,10,0.7499823947794653,3872.7272727272725
Rivian,R1S Adventure Package,2023,211,Gasoline,835.0HP Electric Motor Electric Fuel System,A/T,Blue,Black,None reported,Yes,99000.0,3,466.9811320754717,52.75
Chevrolet,Suburban LT,2017,98888,Gasoline,6.0L 8 Cylinder Engine Gasoline Fuel,A/T,White,Black,At least 1 accident or damage reported,Yes,29000.0,9,0.29325809746281184,9888.8
Ford,Fusion Hybrid SE,2019,64532,Hybrid,188.0HP 2.0L 4 Cylinder Engine Gas/Electric Hybrid,A/T,Silver,Gray,At least 1 accident or damage reported,Yes,19395.0,7,0.3005439077681186,8066.5
BMW,X3 xDrive35i,2011,75500,Gasoline,300.0HP 3.0L Straight 6 Cylinder Engine Gasoline Fuel,A/T,White,Black,None reported,Yes,12975.0,15,0.1718520284499543,4718.75
Buick,Envision Preferred,2019,32000,Gasoline,197.0HP 2.5L 4 Cylinder Engine Gasoline Fuel,A/T,Black,Beige,None reported,Yes,27000.0,7,0.8437236336364489,4000.0
Buick,Envision Essence,2019,47839,Gasoline,2.5L I4 16V GDI DOHC,6-Speed Automatic,Summit White,Ebony,None reported,Yes,24991.0,7,0.5223871237458194,5979.875
Porsche,Cayenne GTS,2013,98413,Gasoline,420.0HP 4.8L 8 Cylinder Engine Gasoline Fuel,Transmission w/Dual Shift Mode,Green,Black,At least 1 accident or damage reported,Yes,34900.0,13,0.3546243420651533,7029.5
Audi,RS 5 2.9T,2022,9628,Gasoline,444.0HP 2.9L V6 Cylinder Engine Gasoline Fuel,8-Speed A/T,White,Black,None reported,Yes,78500.0,4,8.152456122131062,1925.6
Audi,R8 5.2 V10,2021,6397,Gasoline,5.2L V10 40V PDI DOHC,7-Speed Automatic with Auto-Shift,Kemora Gray Metallic,Black / Express Red,None reported,Yes,172900.0,5,27.024070021881837,1066.1666666666667
Honda,Pilot Black Edition,2022,22564,Gasoline,3.5 Liter,Automatic,Platinum White Pearl,Black,None reported,Yes,44998.0,4,1.994150232661201,4512.8
Lexus,RX 350 Crafted Line F Sport,2015,110000,Gasoline,270.0HP 3.5L V6 Cylinder Engine Gasoline Fuel,Transmission w/Dual Shift Mode,White,Black,None reported,Yes,28000.0,11,0.2545431405169044,9166.666666666666
Mercedes-Benz,Sprinter 3500 High Roof,2022,105,Diesel,161.0HP 2.0L 4 Cylinder Engine Diesel Fuel,7-Speed A/T,Black,Orange,None reported,Yes,200000.0,4,1886.7924528301887,21.0
Toyota,4Runner Limited,2004,186117,Gasoline,245.0HP 4.0L V6 Cylinder Engine Gasoline Fuel,A/T,Black,Beige,None reported,Yes,13000.0,22,0.06984816084419562,8092.04347826087
Cadillac,CT6-V 4.2L Blackwing Twin Turbo,2019,8074,Gasoline,4.2L V8 32V GDI DOHC Twin Turbo,10-Speed Automatic,Manhattan Noir Metallic,Jet Black,None reported,Yes,76700.0,7,9.4984520123839,1009.25
BMW,M3 Base,2011,43000,Gasoline,414.0HP 4.0L 8 Cylinder Engine Gasoline Fuel,6-Speed M/T,Black,Black,None reported,Yes,50900.0,15,1.1836934024790122,2687.5
BMW,750 i,2015,70700,Gasoline,445.0HP 4.4L 8 Cylinder Engine Gasoline Fuel,8-Speed A/T,Blue,Black,At least 1 accident or damage reported,Yes,23000.0,11,0.32531364478578806,5891.666666666667
Chevrolet,Trailblazer RS,2022,42479,Gasoline,1.3L I3 12V GDI DOHC Turbo,9-Speed Automatic,Mosaic Black Metallic,Jet Black,None reported,Yes,28495.0,4,0.670786252354049,8495.8
Audi,SQ5 3.0T Premium Plus,2019,22300,Gasoline,349.0HP 3.0L V6 Cylinder Engine Gasoline Fuel,8-Speed A/T,Blue,Gray,None reported,Yes,38999.0,7,1.748755661181113,2787.5
Ford,Expedition EL Limited,2017,104000,Gasoline,365.0HP 3.5L V6 Cylinder Engine Gasoline Fuel,A/T,Black,Black,At least 1 accident or damage reported,Yes,19995.0,9,0.19225776675224276,10400.0
Ford,Bronco Sport Base,2022,13865,Gasoline,1.5L I3 12V PDI DOHC Turbo,8-Speed Automatic,Shadow Black,Ebony,None reported,Yes,29182.0,4,2.1045723352084234,2773.0
BMW,M4 Competition xDrive,2022,15882,Gasoline,503.0HP 3.0L Straight 6 Cylinder Engine Gasoline Fuel,8-Speed A/T,Red,Silver,None reported,Yes,84995.0,4,5.351319020336208,3176.4
Land,Rover Defender,2022,12209,Gasoline,5.0L V8 32V GDI DOHC Supercharged,8-Speed Automatic,Black,Black,None reported,Yes,104900.0,4,8.591318591318592,2441.8
Mercedes-Benz,AMG GLC 43 AMG GLC 43,2021,10483,Gasoline,3.0 Liter Twin Turbo,Automatic,Graphite Grey Metallic,Black w/Red Stitching,None reported,Yes,60998.0,5,5.818199160625715,1747.1666666666667
Nissan,GT-R Premium,2017,31150,Gasoline,565.0HP 3.8L V6 Cylinder Engine Gasoline Fuel,Transmission w/Dual Shift Mode,Orange,Black,None reported,Yes,113000.0,9,3.6274918943212096,3115.0
Chrysler,200 C,2015,44000,E85 Flex Fuel,295.0HP 3.6L V6 Cylinder Engine Flex Fuel Capability,A/T,White,Black,At least 1 accident or damage reported,Yes,12700.0,11,0.2886298038680939,3666.6666666666665
Hummer,H2 Base,2003,109000,Gasoline,316.0HP 6.0L 8 Cylinder Engine Gasoline Fuel,A/T,Beige,Beige,None reported,Yes,17500.0,23,0.1605489857891212,4541.666666666667
BMW,M4 Base,2020,31350,Gasoline,425.0HP 3.0L Straight 6 Cylinder Engine Gasoline Fuel,Transmission w/Dual Shift Mode,Gray,Orange,None reported,Yes,62450.0,6,1.9919619788842462,4478.571428571428
Audi,Q8 55 Premium Plus,2021,30000,Hybrid,335.0HP 3.0L V6 Cylinder Engine Gasoline/Mild Electric Hybrid,8-Speed A/T,Black,Black,None reported,Yes,62000.0,5,2.0665977800739976,5000.0
Land,Rover Range Rover HSE,2012,66500,Gasoline,385.0HP 5.0L 8 Cylinder Engine Gasoline Fuel,A/T,Silver,Black,None reported,Yes,19950.0,14,0.2999954887896423,4433.333333333333
Nissan,Frontier SV,2012,96600,Gasoline,261.0HP 4.0L V6 Cylinder Engine Gasoline Fuel,A/T,Beige,Black,At least 1 accident or damage reported,Yes,17000.0,14,0.1759816150971522,6440.0
Toyota,Highlander LE Plus,2015,198000,Gasoline,270.0HP 3.5L V6 Cylinder Engine Gasoline Fuel,A/T,White,Gray,None reported,Yes,14000.0,11,0.07070671360245655,16500.0
Audi,S4 3.0T Premium Plus,2013,91877,Gasoline,333.0HP 3.0L V6 Cylinder Engine Gasoline Fuel,A/T,Black,Red,At least 1 accident or damage reported,Yes,24000.0,13,0.261215960295174,6562.642857142857
Ford,Expedition Max Limited,2018,45578,Gasoline,375.0HP 3.5L V6 Cylinder Engine Gasoline Fuel,10-Speed A/T,White,–,None reported,Yes,45023.0,8,0.9878013997674367,5064.222222222223
BMW,228 i,2015,54000,Gasoline,240.0HP 2.0L 4 Cylinder Engine Gasoline Fuel,6-Speed M/T,Black,Red,At least 1 accident or damage reported,Yes,19996.0,11,0.3702894390844614,4500.0
Land,Rover Range Rover Sport HST MHEV,2020,52000,Hybrid,395.0HP 3.0L Straight 6 Cylinder Engine Gasoline/Mild Electric Hybrid,8-Speed A/T,Gray,Black,None reported,Yes,55000.0,6,1.057671967846772,7428.571428571428
Mercedes-Benz,E-Class AMG E 53,2020,23044,Hybrid,3.0 Liter Turbo,Automatic,Emerald Green Metallic,Black/Saddle Brown,None reported,Yes,72598.0,6,3.1502712085050986,3292.0
Porsche,911 Carrera,2008,132500,Gasoline,325.0HP 3.6L Flat 6 Cylinder Engine Gasoline Fuel,6-Speed M/T,Black,Black,None reported,Yes,35000.0,18,0.26414894981924664,6973.684210526316
Dodge,Dakota SLT Quad Cab,2006,256000,Gasoline,4.7L 8 Cylinder Engine Gasoline Fuel,A/T,Black,Gray,None reported,Yes,4000.0,20,0.015624938965082168,12190.47619047619
Mercedes-Benz,SL-Class SL63 AMG Roadster,2009,31370,Gasoline,518.0HP 6.3L 8 Cylinder Engine Gasoline Fuel,Transmission w/Dual Shift Mode,White,Brown,None reported,Yes,65700.0,17,2.0942909056134646,1742.7777777777778
Chrysler,Sebring LX,2008,67303,Gasoline,173.0HP 2.4L 4 Cylinder Engine Gasoline Fuel,A/T,Blue,Blue,None reported,Yes,4900.0,18,0.0728039938190895,3542.2631578947367
Chevrolet,Corvette Stingray w/3LT,2021,12000,Gasoline,490.0HP 6.2L 8 Cylinder Engine Gasoline Fuel,A/T,Blue,Black,At least 1 accident or damage reported,Yes,99900.0,5,8.324306307807683,2000.0
Ford,Bronco Outer Banks,2023,16500,Gasoline,275.0HP 2.3L 4 Cylinder Engine Gasoline Fuel,A/T,Blue,Gray,None reported,Yes,54000.0,3,3.272528937640143,4125.0
Toyota,Tacoma TRD Pro,2018,28800,Gasoline,"3.5L V-6 port/direct injection, DOHC, VVT-iE variable valve cont","Manual, 6-Spd",–,Black,None reported,Yes,42900.0,8,1.489531613485643,3200.0
RAM,ProMaster 2500 High Roof,2019,88000,Gasoline,280.0HP 3.6L V6 Cylinder Engine Gasoline Fuel,6-Speed A/T,White,Black,At least 1 accident or damage reported,Yes,39900.0,7,0.45340393859160694,11000.0
Ford,Shelby GT350 Base,2018,18515,Gasoline,526.0HP 5.2L 8 Cylinder Engine Gasoline Fuel,6-Speed M/T,White,Black,At least 1 accident or damage reported,Yes,60867.0,8,3.287265068049255,2057.222222222222
Tesla,Model 3 Performance,2018,92813,Gasoline,271.0HP Electric Motor Electric Fuel System,1-Speed A/T,Red,Black,None reported,Yes,30499.0,8,0.3286034434460319,10312.555555555555
Land,Rover Range Rover P530 SE LWB 7 Seat,2023,2100,Gasoline,523.0HP 4.4L 8 Cylinder Engine Gasoline Fuel,8-Speed A/T,Gray,Beige,None reported,Yes,172000.0,3,81.86577820085674,525.0
Volvo,XC60 T6 Inscription,2019,58600,Gasoline,330.0HP 2.0L 4 Cylinder Engine Gasoline Fuel,A/T,White,White,At least 1 accident or damage reported,Yes,29000.0,7,0.4948721011586833,7325.0
Lexus,LS 460 Crafted Line,2015,74500,Gasoline,386.0HP 4.6L 8 Cylinder Engine Gasoline Fuel,Transmission w/Dual Shift Mode,White,Red,None reported,Yes,33900.0,11,0.4550274492959826,6208.333333333333
Tesla,Model S 100D,2018,33500,Gasoline,518.0HP Electric Motor Electric Fuel System,A/T,Gray,Black,None reported,Yes,51900.0,8,1.5492074863436913,3722.222222222222
Cadillac,XT6 Premium Luxury AWD,2023,222,Gasoline,310.0HP 3.6L V6 Cylinder Engine Gasoline Fuel,A/T,White,Black,None reported,Yes,69000.0,3,309.4170403587444,55.5
Chevrolet,Avalanche 1500 LTZ,2007,75124,E85 Flex Fuel,310.0HP 5.3L 8 Cylinder Engine Flex Fuel Capability,A/T,Red,Gray,None reported,Yes,16499.0,19,0.2196206322795341,3756.2
Chevrolet,Corvette Grand Sport,2013,15500,Gasoline,430.0HP 6.2L 8 Cylinder Engine Gasoline Fuel,Transmission w/Dual Shift Mode,White,Blue,None reported,Yes,45000.0,13,2.903038513644281,1107.142857142857
Audi,Q8 55 Premium,2020,34300,Hybrid,335.0HP 3.0L V6 Cylinder Engine Gasoline/Mild Electric Hybrid,8-Speed A/T,Gray,Brown,None reported,Yes,52500.0,6,1.5305676219352204,4900.0
Honda,Odyssey Elite,2019,82000,Gasoline,280.0HP 3.5L V6 Cylinder Engine Gasoline Fuel,10-Speed A/T,Silver,Black,None reported,Yes,32471.0,7,0.3959829758173681,10250.0
Acura,TLX,2023,3389,Gasoline,2.0 Liter DOHC Turbo,Automatic,Platinum White Pearl,Black,None reported,Yes,38598.0,3,11.385840707964602,847.25
Porsche,Cayenne GTS Coupe AWD,2023,10000,Gasoline,453.0HP 4.0L 8 Cylinder Engine Gasoline Fuel,8-Speed A/T,Gray,Black,None reported,Yes,145000.0,3,14.4985501449855,2500.0
Cadillac,STS V6,2005,96000,Gasoline,260.0HP 3.6L V6 Cylinder Engine Gasoline Fuel,A/T,Beige,Brown,At least 1 accident or damage reported,Yes,4999.0,21,0.0520723742461016,4363.636363636364
Dodge,Charger R/T,2021,7751,Gasoline,370.0HP 5.7L 8 Cylinder Engine Gasoline Fuel,8-Speed A/T,Black,Black,None reported,Yes,41950.0,5,5.411506707946336,1291.8333333333333
Audi,RS 7 4.0T Performance Prestige,2017,66250,Gasoline,605.0HP 4.0L 8 Cylinder Engine Gasoline Fuel,8-Speed A/T,Gray,Gray,At least 1 accident or damage reported,Yes,59200.0,9,0.8935714177899201,6625.0
Lexus,CT 200h Premium,2012,109000,Hybrid,134.0HP 1.8L 4 Cylinder Engine Gas/Electric Hybrid,A/T,White,Black,At least 1 accident or damage reported,Yes,14945.0,14,0.1371088338639095,7266.666666666667
Hyundai,Genesis Coupe 3.8 Base,2015,60000,Gasoline,348.0HP 3.8L V6 Cylinder Engine Gasoline Fuel,Transmission w/Dual Shift Mode,Black,Black,None reported,Yes,17000.0,11,0.2833286111898135,5000.0
Tesla,Model S Performance,2020,14700,Gasoline,778.0HP Electric Motor Electric Fuel System,1-Speed A/T,Gray,Black,None reported,Yes,63000.0,6,4.285422760356439,2100.0
Mercedes-Benz,E-Class E 350 4MATIC,2022,9006,Gasoline,255.0HP 2.0L 4 Cylinder Engine Gasoline Fuel,9-Speed A/T,Black,Black,None reported,Yes,56999.0,4,6.328300210947041,1801.2
Toyota,GR86 Base,2022,13400,Gasoline,228.0HP 2.4L 4 Cylinder Engine Gasoline Fuel,6-Speed A/T,Silver,Black,None reported,Yes,33499.0,4,2.4997388254607866,2680.0
Porsche,Macan S,2020,28570,Gasoline,3.0 Liter Turbo,Automatic,White,Black,None reported,Yes,55998.0,6,1.959959399390991,4081.4285714285716
Dodge,Durango SRT,2018,78000,Gasoline,475.0HP 6.4L 8 Cylinder Engine Gasoline Fuel,Transmission w/Dual Shift Mode,White,Black,At least 1 accident or damage reported,Yes,44700.0,8,0.5730695760310766,8666.666666666666
Lexus,LX 570 Base,2013,134000,Gasoline,383.0HP 5.7L 8 Cylinder Engine Gasoline Fuel,A/T,Gray,Black,At least 1 accident or damage reported,Yes,29995.0,13,0.22384161312229015,9571.42857142857
Kia,Optima Hybrid EX,2013,104994,Hybrid,199.0HP 2.4L 4 Cylinder Engine Gas/Electric Hybrid,6-Speed A/T,Black,Beige,None reported,Yes,9000.0,13,0.08571836754131149,7499.571428571428
Bentley,Continental GT V8 S,2016,31500,Gasoline,521.0HP 4.0L 8 Cylinder Engine Gasoline Fuel,8-Speed A/T,Black,Beige,None reported,Yes,103900.0,10,3.2983079902225327,2863.6363636363635
Alfa,Romeo Giulia Base,2020,30000,Gasoline,280.0HP 2.0L 4 Cylinder Engine Gasoline Fuel,8-Speed A/T,Black,–,None reported,Yes,28900.0,6,0.963301223292557,4285.714285714285
Lexus,LX 600 F SPORT,2023,490,Gasoline,409.0HP 3.4L V6 Cylinder Engine Gasoline Fuel,A/T,Black,Black,None reported,Yes,124999.0,3,254.58044806517313,122.5
Porsche,Taycan Turbo,2020,18000,Gasoline,616.0HP Electric Motor Electric Fuel System,A/T,Silver,Black,None reported,Yes,105000.0,6,5.8330092772623745,2571.4285714285716
Toyota,Sequoia Limited,2017,67000,E85 Flex Fuel,381.0HP 5.7L 8 Cylinder Engine Flex Fuel Capability,6-Speed A/T,Silver,Gray,None reported,Yes,37999.0,9,0.5671407889434487,6700.0
Kia,K5 EX,2021,8263,Gasoline,180.0HP 1.6L 4 Cylinder Engine Gasoline Fuel,A/T,Gray,White,None reported,Yes,29000.0,5,3.5091965150048403,1377.1666666666667
RAM,1500 Big Horn,2021,35003,Gasoline,5.7L V8 16V MPFI OHV,8-Speed Automatic,Bright White Clearcoat,Diesel Gray / Black,None reported,Yes,40999.0,5,1.1712661410124556,5833.833333333333
Chevrolet,Corvette Base,2008,80000,Gasoline,430.0HP 6.2L 8 Cylinder Engine Gasoline Fuel,6-Speed A/T,Red,Beige,None reported,Yes,31000.0,18,0.3874951563105461,4210.526315789473
Chevrolet,Corvette Stingray w/1LT,2022,6200,Gasoline,490.0HP 6.2L 8 Cylinder Engine Gasoline Fuel,Transmission w/Dual Shift Mode,Brown,Black,None reported,Yes,99999.0,4,16.126269956458636,1240.0
Jaguar,F-TYPE S,2014,74595,Gasoline,495.0HP 5.0L 8 Cylinder Engine Gasoline Fuel,8-Speed A/T,Green,Black,At least 1 accident or damage reported,Yes,32450.0,12,0.4350099201029546,5738.076923076923
Audi,A7 3.0T Prestige,2013,87066,Gasoline,310.0HP 3.0L V6 Cylinder Engine Gasoline Fuel,8-Speed A/T,Silver,Black,None reported,Yes,20999.0,13,0.24118207816968543,6219.0
Audi,Q8 3.0T Prestige,2019,38360,Gasoline,3.0L V6 24V GDI DOHC Turbo,8-Speed Automatic,Orca Black Metallic,Black,None reported,Yes,49936.0,7,1.3017387450796383,4795.0
Kia,Telluride SX,2020,38000,Gasoline,291.0HP 3.8L V6 Cylinder Engine Gasoline Fuel,8-Speed A/T,Green,Beige,None reported,Yes,41999.0,6,1.105207757690587,5428.571428571428
Toyota,Camry Hybrid XLE,2018,69641,Hybrid,208.0HP 2.5L 4 Cylinder Engine Gas/Electric Hybrid,CVT Transmission,White,Black,At least 1 accident or damage reported,Yes,23995.0,8,0.34454783033227077,7737.888888888889
Toyota,GR86 Premium,2022,1275,Gasoline,228.0HP 2.4L 4 Cylinder Engine Gasoline Fuel,6-Speed A/T,Blue,Black,None reported,Yes,47999.0,4,37.61677115987461,255.0
Jeep,Wrangler Rubicon,2014,99450,Gasoline,285.0HP 3.6L V6 Cylinder Engine Gasoline Fuel,6-Speed M/T,Gray,Black,None reported,Yes,21000.0,12,0.21115926436134377,7650.0
Toyota,Tundra Hybrid Capstone,2023,200,Hybrid,437.0HP 3.4L V6 Cylinder Engine Gas/Electric Hybrid,10-Speed A/T,Blue,White,None reported,Yes,82500.0,3,410.44776119402985,50.0
Porsche,Panamera 4 Edition,2016,68000,Gasoline,310.0HP 3.6L V6 Cylinder Engine Gasoline Fuel,Transmission w/Dual Shift Mode,Gray,Black,At least 1 accident or damage reported,Yes,32950.0,10,0.48455169776915047,6181.818181818182
Lexus,GS 350 Base,2010,212000,Gasoline,303.0HP 3.5L V6 Cylinder Engine Gasoline Fuel,A/T,Gray,Black,At least 1 accident or damage reported,Yes,9450.0,16,0.04457526143744605,12470.588235294117
GMC,Sierra 3500 Denali,2019,73091,Diesel,445.0HP 6.6L 8 Cylinder Engine Diesel Fuel,A/T,White,Black,At least 1 accident or damage reported,Yes,58500.0,7,0.8003611886389755,9136.375
Kia,Niro Plug-In Hybrid EX,2023,9400,Plug-In Hybrid,180.0HP 1.6L 4 Cylinder Engine Plug-In Electric/Gas,A/T,Black,Black,None reported,Yes,31500.0,3,3.3507073715562172,2350.0
Porsche,Cayenne Base,2014,117697,Gasoline,300.0HP 3.6L V6 Cylinder Engine Gasoline Fuel,8-Speed A/T,Black,Black,At least 1 accident or damage reported,Yes,16975.0,12,0.1442250505531105,9053.615384615385
Mercedes-Benz,S-Class S 65 AMG,2015,95428,Gasoline,621.0HP 6.0L 12 Cylinder Engine Gasoline Fuel,A/T,Silver,Silver,None reported,Yes,55000.0,11,0.576344717014744,7952.333333333333
Lexus,GX 460 Premium,2017,116300,Gasoline,301.0HP 4.6L 8 Cylinder Engine Gasoline Fuel,6-Speed A/T,Gray,Beige,None reported,Yes,31950.0,9,0.27471818814971494,11630.0
Acura,MDX Sport Hybrid 3.0L w/Technology Package,2019,56778,Hybrid,321.0HP 3.0L V6 Cylinder Engine Gas/Electric Hybrid,7-Speed A/T,Black,Black,None reported,Yes,41899.0,7,0.7379312774089012,7097.25
Audi,Q5 S line Premium Plus,2023,5682,Hybrid,2.0 Liter TFSI,Automatic,Chronos Gray,Gray,None reported,Yes,48698.0,3,8.569065634348055,1420.5
BMW,530 i,2017,37000,Gasoline,248.0HP 2.0L 4 Cylinder Engine Gasoline Fuel,A/T,Gray,Black,None reported,Yes,31000.0,9,0.837815194183941,3700.0
Kia,Forte Koup EX,2015,103748,Gasoline,173.0HP 2.0L 4 Cylinder Engine Gasoline Fuel,A/T,Gray,Gray,None reported,Yes,8500.0,11,0.08192850051566762,8645.666666666666
Toyota,Sequoia Limited,2005,86000,Gasoline,282.0HP 4.7L 8 Cylinder Engine Gasoline Fuel,A/T,Silver,–,None reported,Yes,22500.0,21,0.2616248648271532,3909.090909090909
Land,Rover LR4 HSE,2013,125900,Gasoline,375.0HP 5.0L 8 Cylinder Engine Gasoline Fuel,A/T,Black,Beige,None reported,Yes,21000.0,13,0.16679772201968213,8992.857142857143
Nissan,Titan SV,2023,6200,Gasoline,400.0HP 5.6L 8 Cylinder Engine Gasoline Fuel,9-Speed A/T,Black,Gray,None reported,Yes,48000.0,3,7.7406869859700045,1550.0
Ford,F-250 Lariat,2019,85000,Diesel,450.0HP 6.7L 8 Cylinder Engine Diesel Fuel,6-Speed A/T,Black,Black,At least 1 accident or damage reported,Yes,52500.0,7,0.6176397924730297,10625.0
Mercedes-Benz,AMG GT AMG GT,2017,19324,Gasoline,456.0HP 4.0L 8 Cylinder Engine Gasoline Fuel,Transmission w/Dual Shift Mode,Gray,Beige,None reported,Yes,75000.0,9,3.8809831824062098,1932.4
Cadillac,Escalade Platinum,2018,49273,Gasoline,420.0HP 6.2L 8 Cylinder Engine Gasoline Fuel,A/T,Red,Black,None reported,Yes,54000.0,8,1.0959126517027236,5474.777777777777
Tesla,Model 3 Standard Range Plus,2019,42094,Gasoline,Electric Motor Electric Fuel System,A/T,White,White,None reported,Yes,32000.0,7,0.7601852951656967,5261.75
BMW,M3 Base,2017,44000,Gasoline,425.0HP 3.0L Straight 6 Cylinder Engine Gasoline Fuel,7-Speed A/T,Blue,Black,None reported,Yes,55000.0,9,1.2499715915547374,4400.0
Chevrolet,Cruze LT,2012,148377,Gasoline,138.0HP 1.4L 4 Cylinder Engine Gasoline Fuel,6-Speed A/T,Blue,Black,None reported,Yes,5500.0,14,0.03706748978959145,9891.8
Dodge,Challenger SRT8,2010,70000,Gasoline,425.0HP 6.1L 8 Cylinder Engine Gasoline Fuel,6-Speed M/T,Orange,Black,None reported,Yes,22000.0,16,0.3142812245539349,4117.64705882353
Mercedes-Benz,Sprinter 2500,2016,143290,Diesel,161.0HP 2.1L 4 Cylinder Engine Diesel Fuel,A/T,White,Black,None reported,Yes,33490.0,10,0.23372019177757153,13026.363636363636
Ford,F-350 Platinum,2019,69205,Diesel,450.0HP 6.7L 8 Cylinder Engine Diesel Fuel,Transmission w/Dual Shift Mode,White,Black,None reported,Yes,73500.0,7,1.0620466433546225,8650.625
Chevrolet,Tahoe LTZ,2015,123500,Gasoline,355.0HP 5.3L 8 Cylinder Engine Gasoline Fuel,6-Speed A/T,White,Brown,None reported,Yes,25650.0,11,0.2076906259868341,10291.666666666666
Audi,Q7 3.0T Prestige,2018,70773,Gasoline,333.0HP 3.0L V6 Cylinder Engine Gasoline Fuel,A/T,White,Black,None reported,Yes,30950.0,8,0.43730748579987,7863.666666666667
Jeep,Patriot Latitude,2015,109000,Gasoline,158.0HP 2.0L 4 Cylinder Engine Gasoline Fuel,A/T,Gray,Gray,At least 1 accident or damage reported,Yes,7599.0,11,0.06971495674351612,9083.333333333334
INFINITI,QX70 Base,2014,71097,Gasoline,325.0HP 3.7L V6 Cylinder Engine Gasoline Fuel,7-Speed A/T,Black,Black,None reported,Yes,18995.0,12,0.2671664463135391,5469.0
BMW,X5 xDrive35i,2013,76309,Gasoline,300.0HP 3.0L Straight 6 Cylinder Engine Gasoline Fuel,A/T,Silver,Black,None reported,Yes,12000.0,13,0.15725330887170752,5450.642857142857
Tesla,Model 3,2018,26609,Gasoline,Electric,Automatic,Gray,–,None reported,Yes,36998.0,8,1.390379556557685,2956.5555555555557
Land,Rover Range Rover P400 SE LWB 7 Seat,2023,4126,Hybrid,395.0HP 3.0L Straight 6 Cylinder Engine Gasoline/Mild Electric Hybrid,A/T,Black,Beige,None reported,Yes,155000.0,3,37.55754785558517,1031.5
Cadillac,ATS 2.5L,2014,80400,Gasoline,202.0HP 2.5L 4 Cylinder Engine Gasoline Fuel,A/T,Silver,Black,At least 1 accident or damage reported,Yes,15000.0,12,0.18656484372084925,6184.615384615385
Toyota,RAV4 Base,2010,123620,Gasoline,179.0HP 2.5L 4 Cylinder Engine Gasoline Fuel,4-Speed A/T,Black,Black,At least 1 accident or damage reported,Yes,9900.0,16,0.08008348096197249,7271.764705882353
Acura,TSX Technology,2011,187883,Gasoline,201.0HP 2.4L 4 Cylinder Engine Gasoline Fuel,A/T,Red,Beige,None reported,Yes,5500.0,15,0.029273381448127567,11742.6875
Mercedes-Benz,G-Class G 550 4MATIC,2020,45000,Gasoline,416.0HP 4.0L 8 Cylinder Engine Gasoline Fuel,A/T,Black,Black,None reported,Yes,133000.0,6,2.955489878002711,6428.571428571428
Honda,Civic Sport,2022,25420,Gasoline,158.0HP 2.0L 4 Cylinder Engine Gasoline Fuel,CVT Transmission,Red,Gray,None reported,Yes,24500.0,4,0.9637701113252822,5084.0
BMW,M3 Base,2011,129999,Gasoline,414.0HP 4.0L 8 Cylinder Engine Gasoline Fuel,6-Speed M/T,White,Black,None reported,Yes,29999.0,15,0.23076153846153846,8124.9375
BMW,M3 Base,2008,41048,Gasoline,414.0HP 4.0L 8 Cylinder Engine Gasoline Fuel,Transmission w/Dual Shift Mode,Gray,Beige,None reported,Yes,38490.0,18,0.9376598699115691,2160.4210526315787
Nissan,Cube 1.8 S,2010,72500,Gasoline,122.0HP 1.8L 4 Cylinder Engine Gasoline Fuel,6-Speed M/T,Brown,Black,None reported,Yes,6750.0,16,0.09310216410808127,4264.705882352941
RAM,ProMaster 3500 Tradesman,2014,143390,Gasoline,280.0HP 3.6L V6 Cylinder Engine Gasoline Fuel,6-Speed A/T,White,–,None reported,Yes,13000.0,12,0.09066119909896717,11030.0
Acura,RDX Base,2018,68425,Gasoline,279.0HP 3.5L V6 Cylinder Engine Gasoline Fuel,6-Speed A/T,Gray,–,At least 1 accident or damage reported,Yes,23500.0,8,0.34343670534592113,7602.777777777777
Toyota,4Runner Limited,2018,95000,Gasoline,270.0HP 4.0L V6 Cylinder Engine Gasoline Fuel,A/T,Silver,Brown,None reported,Yes,33000.0,8,0.34736476458142546,10555.555555555555
RAM,1500 Limited,2019,29000,Gasoline,395.0HP 5.7L 8 Cylinder Engine Gasoline Fuel,8-Speed A/T,Gray,Black,At least 1 accident or damage reported,Yes,49500.0,7,1.7068376952518878,3625.0
Chevrolet,Corvette Base,2003,145000,Gasoline,350.0HP 5.7L 8 Cylinder Engine Gasoline Fuel,A/T,Blue,Black,None reported,Yes,22000.0,23,0.15172309156488575,6041.666666666667
Land,Rover Defender 110 SE,2020,29700,Hybrid,395.0HP 3.0L Straight 6 Cylinder Engine Gasoline/Mild Electric Hybrid,8-Speed A/T,Green,Black,None reported,Yes,68000.0,6,2.2894852025184336,4242.857142857143
Jeep,Grand Cherokee Laredo,2011,98658,Gasoline,360.0HP 5.7L 8 Cylinder Engine Gasoline Fuel,5-Speed A/T,White,Gray,None reported,Yes,14995.0,15,0.1519881612422587,6166.125
Volvo,S80 T6,2009,97615,Gasoline,281.0HP 3.0L Straight 6 Cylinder Engine Gasoline Fuel,6-Speed A/T,Black,Gray,None reported,Yes,10500.0,17,0.10756433371578429,5423.055555555556
Porsche,Cayenne S,2014,36000,Gasoline,400.0HP 4.8L 8 Cylinder Engine Gasoline Fuel,8-Speed A/T,Black,Beige,None reported,Yes,37000.0,12,1.027749229188078,2769.230769230769
Mazda,CX-30 Select,2021,61874,Gasoline,2.5L I4 16V GDI DOHC,6-Speed Automatic,Jet Black Mica,Black,None reported,Yes,22389.0,5,0.36184242424242424,10312.333333333334
Chrysler,Town & Country Touring,2012,74582,E85 Flex Fuel,283.0HP 3.6L V6 Cylinder Engine Flex Fuel Capability,6-Speed A/T,Black,–,None reported,Yes,8500.0,14,0.11396698979660244,4972.133333333333
INFINITI,FX37 Base,2013,51500,Gasoline,325.0HP 3.7L V6 Cylinder Engine Gasoline Fuel,A/T,Gray,Black,None reported,Yes,23900.0,13,0.46406865886099297,3678.5714285714284
Toyota,FJ Cruiser Base,2007,193827,Gasoline,239.0HP 4.0L V6 Cylinder Engine Gasoline Fuel,A/T,Silver,Black,None reported,Yes,14950.0,19,0.07713023918112966,9691.35
Chevrolet,Silverado 1500 LT,2019,53433,Gasoline,355.0HP 5.3L 8 Cylinder Engine Gasoline Fuel,A/T,Blue,Gray,None reported,Yes,36950.0,7,0.6915072800089831,6679.125
Mercedes-Benz,C-Class C 63 AMG,2012,103000,Gasoline,451.0HP 6.3L 8 Cylinder Engine Gasoline Fuel,7-Speed A/T,Silver,Black,At least 1 accident or damage reported,Yes,40000.0,14,0.3883457442160756,6866.666666666667
BMW,428 Gran Coupe i xDrive,2016,59000,Gasoline,240.0HP 2.0L 4 Cylinder Engine Gasoline Fuel,Transmission w/Dual Shift Mode,Black,Brown,At least 1 accident or damage reported,Yes,20999.0,10,0.35590922187759527,5363.636363636364
Lexus,GX 460 Premium,2017,82000,Gasoline,301.0HP 4.6L 8 Cylinder Engine Gasoline Fuel,A/T,Gray,Brown,None reported,Yes,32900.0,9,0.40121461933391056,8200.0
Porsche,Panamera Edition,2016,60000,Gasoline,310.0HP 3.6L V6 Cylinder Engine Gasoline Fuel,A/T,Gray,Black,None reported,Yes,45000.0,10,0.7499875002083298,5454.545454545455
Cadillac,Escalade ESV Platinum,2017,93971,Gasoline,420.0HP 6.2L 8 Cylinder Engine Gasoline Fuel,A/T,White,Beige,None reported,Yes,47000.0,9,0.5001489805473971,9397.1
Lexus,IS 350 Base,2015,62600,Gasoline,306.0HP 3.5L V6 Cylinder Engine Gasoline Fuel,Transmission w/Dual Shift Mode,Gray,Red,None reported,Yes,27500.0,11,0.4392901071867861,5216.666666666667
Mercedes-Benz,E-Class E 350 4MATIC,2014,84450,Gasoline,302.0HP 3.5L V6 Cylinder Engine Gasoline Fuel,7-Speed A/T,Gray,Beige,None reported,Yes,19000.0,12,0.22498253425063056,6496.153846153846
Audi,Q5 S line Premium,2022,18099,Hybrid,2.0 Liter TFSI,Automatic,Daytona Gray,Gray,None reported,Yes,40798.0,4,2.2540331491712706,3619.8
Mercedes-Benz,E-Class E 350 4MATIC,2014,76500,Gasoline,302.0HP 3.5L V6 Cylinder Engine Gasoline Fuel,7-Speed A/T,Silver,Black,None reported,Yes,17999.0,12,0.23527797022261146,5884.615384615385
Chevrolet,Camaro 1LT,2017,74000,Gasoline,275.0HP 2.0L 4 Cylinder Engine Gasoline Fuel,A/T,Yellow,Black,None reported,Yes,19800.0,9,0.2675639518384887,7400.0
RAM,1500 Laramie,2022,15607,Gasoline,5.7L V8 16V MPFI OHV,8-Speed Automatic,Billet Silver Metallic Clearcoat,Black,None reported,Yes,45999.0,4,2.947142491030241,3121.4
Chevrolet,Silverado 1500 1LZ,2014,111095,E85 Flex Fuel,355.0HP 5.3L 8 Cylinder Engine Flex Fuel Capability,6-Speed A/T,White,Black,At least 1 accident or damage reported,Yes,26000.0,12,0.23403182832865269,8545.76923076923
Toyota,Camry Solara SLE,2007,37216,Gasoline,210.0HP 3.3L V6 Cylinder Engine Gasoline Fuel,A/T,Red,Beige,At least 1 accident or damage reported,Yes,14995.0,19,0.4029072735577827,1860.8
Jaguar,F-TYPE S,2015,25786,Gasoline,380.0HP 3.0L V6 Cylinder Engine Gasoline Fuel,8-Speed A/T,Blue,Gray,None reported,Yes,38500.0,11,1.4930003490130686,2148.8333333333335
Jeep,Gladiator Sport,2021,15520,Gasoline,3.6L V6 24V MPFI DOHC,8-Speed Automatic,Sting Gray Clearcoat,Black,None reported,Yes,40459.0,5,2.606726370723536,2586.6666666666665
RAM,1500 Big Horn,2021,49583,Gasoline,5.7L V8 16V MPFI OHV,8-Speed Automatic,Billet Silver Metallic Clearcoat,Black,None reported,Yes,42816.0,5,0.8635043562439496,8263.833333333334
Porsche,Cayenne Diesel,2015,97300,Diesel,240.0HP 3.0L V6 Cylinder Engine Diesel Fuel,8-Speed A/T,Black,Black,None reported,Yes,29995.0,11,0.30827021305022556,8108.333333333333
Porsche,Cayenne S,2015,52111,Gasoline,420.0HP 3.6L V6 Cylinder Engine Gasoline Fuel,8-Speed A/T,Black,Black,At least 1 accident or damage reported,Yes,37500.0,11,0.7196039299969297,4342.583333333333
Dodge,Challenger R/T Scat Pack,2019,75800,Gasoline,6.4 Liter,Automatic,Gray,Black,None reported,Yes,35998.0,7,0.4749013865252437,9475.0
Lexus,ES 350 Base,2010,113500,Gasoline,272.0HP 3.5L V6 Cylinder Engine Gasoline Fuel,A/T,Red,Beige,At least 1 accident or damage reported,Yes,11000.0,16,0.0969154456788927,6676.470588235294
Audi,Q3 2.0T Premium Plus,2015,155382,Gasoline,200.0HP 2.0L 4 Cylinder Engine Gasoline Fuel,A/T,Brown,Gray,At least 1 accident or damage reported,Yes,13500.0,11,0.08688209134847441,12948.5
Mercedes-Benz,E-Class E 550,2016,49643,Gasoline,402.0HP 4.7L 8 Cylinder Engine Gasoline Fuel,7-Speed A/T,White,Black,At least 1 accident or damage reported,Yes,33995.0,10,0.6847756022882926,4513.0
BMW,650 i xDrive,2015,76474,Gasoline,445.0HP 4.4L 8 Cylinder Engine Gasoline Fuel,Transmission w/Dual Shift Mode,White,Black,None reported,Yes,32000.0,11,0.41843739784243217,6372.833333333333
Porsche,Cayman Base,2016,10431,Gasoline,275.0HP 2.7L Flat 6 Cylinder Engine Gasoline Fuel,7-Speed A/T,Red,Black,None reported,Yes,50999.0,10,4.888707822085889,948.2727272727273
INFINITI,FX50 Base,2009,190120,Gasoline,390.0HP 5.0L 8 Cylinder Engine Gasoline Fuel,7-Speed A/T,Gray,Black,At least 1 accident or damage reported,Yes,12500.0,17,0.06574760284240036,10562.222222222223
Ford,F-150 XLT,2020,92000,Gasoline,375.0HP 3.5L V6 Cylinder Engine Gasoline Fuel,10-Speed A/T,Gray,Black,None reported,Yes,29999.0,6,0.3260725426897534,13142.857142857143
Chevrolet,Camaro 2LT,2017,24000,Gasoline,335.0HP 3.6L V6 Cylinder Engine Gasoline Fuel,6-Speed M/T,Yellow,Black,None reported,Yes,32000.0,9,1.3332777800924962,2400.0
RAM,1500 Big Horn,2020,25396,Gasoline,5.7L V8 16V MPFI OHV,8-Speed Automatic,Maximum Steel Metallic,Black,None reported,Yes,43250.0,6,1.702957042170335,3628.0
RAM,1500 Laramie,2022,18645,Gasoline,5.7L V8 16V MPFI OHV,Automatic,Diamond Black,Black,None reported,Yes,49700.0,4,2.665451035074547,3729.0
Porsche,911 Turbo,2018,28470,Gasoline,540.0HP 3.8L Flat 6 Cylinder Engine Gasoline Fuel,Transmission w/Dual Shift Mode,White,Black,At least 1 accident or damage reported,Yes,147500.0,8,5.180710196340136,3163.3333333333335
Ford,Mustang V6,2016,54000,Gasoline,300.0HP 3.7L V6 Cylinder Engine Gasoline Fuel,6-Speed A/T,White,Black,None reported,Yes,23999.0,10,0.44441769596859315,4909.090909090909
Hyundai,Accent GL,2003,83000,Gasoline,104.0HP 1.6L 4 Cylinder Engine Gasoline Fuel,M/T,Blue,Gray,None reported,Yes,2900.0,23,0.034939338080264094,3458.3333333333335
Audi,Q5 S line Premium Plus,2022,10071,Hybrid,2.0 Liter TFSI,Automatic,Mythos Black Metallic,Black,None reported,Yes,40598.0,4,4.0307783955520256,2014.2
Ford,F-150 XLT,2021,43329,Gasoline,3.5L V6 24V PDI DOHC Twin Turbo,10-Speed Automatic,Carbonized Gray Metallic,Black,None reported,Yes,43642.0,5,1.0072005538887607,7221.5
Lexus,RC F Base,2015,51400,Gasoline,467.0HP 5.0L 8 Cylinder Engine Gasoline Fuel,8-Speed A/T,Silver,Gray,None reported,Yes,43000.0,11,0.836559600007782,4283.333333333333
Chevrolet,Suburban 1500 LT,2015,153800,E85 Flex Fuel,355.0HP 5.3L 8 Cylinder Engine Flex Fuel Capability,6-Speed A/T,Silver,Black,At least 1 accident or damage reported,Yes,23000.0,11,0.14954389113204725,12816.666666666666
Land,Rover Range Rover Sport SVR Carbon Edition,2022,9000,Gasoline,575.0HP 5.0L 8 Cylinder Engine Gasoline Fuel,A/T,Green,Gray,None reported,Yes,115000.0,4,12.776358182424175,1800.0
Dodge,Viper SRT-10,2003,10800,Gasoline,500.0HP 8.3L 10 Cylinder Engine Gasoline Fuel,6-Speed M/T,Silver,Black,None reported,Yes,65499.0,23,6.0641607258587165,450.0
RAM,1500 Laramie,2020,10458,Gasoline,5.7L V8 16V MPFI OHV,8-Speed Automatic,Delmonico Red Pearlcoat,Black,None reported,Yes,48815.0,6,4.6672722057558085,1494.0
BMW,328 i,2014,84709,Gasoline,240.0HP 2.0L 4 Cylinder Engine Gasoline Fuel,8-Speed A/T,Silver,Gray,None reported,Yes,13800.0,12,0.16290874749144138,6516.076923076923
Mercedes-Benz,AMG C 43 AMG C 43 4MATIC,2019,33500,Gasoline,385.0HP 3.0L V6 Cylinder Engine Gasoline Fuel,9-Speed A/T,Red,Black,None reported,Yes,45770.0,7,1.3662278737948121,4187.5
BMW,M4 Base,2015,98000,Gasoline,425.0HP 3.0L Straight 6 Cylinder Engine Gasoline Fuel,Transmission w/Dual Shift Mode,Black,Orange,None reported,Yes,32999.0,11,0.3367210538667973,8166.666666666667
BMW,750 i,2008,94653,Gasoline,360.0HP 4.8L 8 Cylinder Engine Gasoline Fuel,A/T,Green,Green,At least 1 accident or damage reported,Yes,7300.0,18,0.0771229953303611,4981.736842105263
Ford,Expedition Limited,2023,9281,Gasoline,440.0HP 3.5L V6 Cylinder Engine Gasoline Fuel,A/T,Black,Black,None reported,Yes,85000.0,3,9.157509157509157,2320.25
Chevrolet,Traverse Premier,2023,11806,Gasoline,310.0HP 3.6L V6 Cylinder Engine Gasoline Fuel,9-Speed A/T,White,Black,None reported,Yes,47000.0,3,3.980689421529601,2951.5
Cadillac,Escalade Platinum,2020,48613,Gasoline,420.0HP 6.2L 8 Cylinder Engine Gasoline Fuel,A/T,Black,Black,At least 1 accident or damage reported,Yes,61500.0,6,1.2650676759781132,6944.714285714285
RAM,3500 Tradesman,2023,2990,Diesel,400.0HP 6.7L Straight 6 Cylinder Engine Diesel Fuel,A/T,White,Black,At least 1 accident or damage reported,Yes,69900.0,3,23.37011033099298,747.5
Audi,TT 1.8L,2005,124747,Gasoline,180.0HP 1.8L 4 Cylinder Engine Gasoline Fuel,Transmission w/Dual Shift Mode,Silver,Black,None reported,Yes,6900.0,21,0.05531150800012826,5670.318181818182
RAM,1500 Big Horn,2021,24000,Hybrid,395.0HP 5.7L 8 Cylinder Engine Gasoline/Mild Electric Hybrid,A/T,Silver,Black,None reported,Yes,42000.0,5,1.7499270863714012,4000.0
Mazda,CX-7 Sport,2009,113000,Gasoline,244.0HP 2.3L 4 Cylinder Engine Gasoline Fuel,6-Speed A/T,Gray,Black,None reported,Yes,5499.0,17,0.04866328616560915,6277.777777777777
INFINITI,QX60 Base,2017,89106,Gasoline,295.0HP 3.5L V6 Cylinder Engine Gasoline Fuel,Transmission w/Dual Shift Mode,White,Beige,None reported,Yes,18000.0,9,0.20200433187067235,8910.6
Ford,F-250 Platinum,2017,22000,E85 Flex Fuel,385.0HP 6.2L 8 Cylinder Engine Flex Fuel Capability,6-Speed A/T,Beige,Black,At least 1 accident or damage reported,Yes,53000.0,9,2.408981409935912,2200.0
Jeep,Compass Limited,2022,20472,Gasoline,2.4L I4 16V MPFI SOHC,9-Speed Automatic,Red,Black,None reported,Yes,28298.0,4,1.3822107165535096,4094.4
INFINITI,QX80 SENSORY,2023,8600,Gasoline,400.0HP 5.6L 8 Cylinder Engine Gasoline Fuel,7-Speed A/T,Black,Brown,None reported,Yes,78990.0,3,9.18381583536798,2150.0
Chevrolet,Silverado 1500 Limited LT Trail Boss,2022,4753,Gasoline,355.0HP 5.3L 8 Cylinder Engine Gasoline Fuel,10-Speed A/T,White,Black,None reported,Yes,57000.0,4,11.989903239377366,950.6
Hyundai,Genesis Coupe 2.0T,2010,65000,Gasoline,210.0HP 2.0L 4 Cylinder Engine Gasoline Fuel,A/T,Gray,Black,None reported,Yes,8900.0,16,0.1369209704466085,3823.529411764706
Chevrolet,Camaro 1SS,2021,15000,Gasoline,455.0HP 6.2L 8 Cylinder Engine Gasoline Fuel,6-Speed M/T,Blue,Gray,None reported,Yes,43500.0,5,2.8998066795546964,2500.0
Audi,A6 3.0 TDI Premium Plus,2014,42400,Diesel,240.0HP 3.0L V6 Cylinder Engine Diesel Fuel,8-Speed A/T,Silver,Black,None reported,Yes,26500.0,12,0.6249852597816089,3261.5384615384614
Land,Rover Defender S,2023,15840,Gasoline,296.0HP 2.0L 4 Cylinder Engine Gasoline Fuel,8-Speed A/T,White,Black,None reported,Yes,69900.0,3,4.412600214632914,3960.0
Porsche,Cayenne S,2016,76200,Gasoline,420.0HP 3.6L V6 Cylinder Engine Gasoline Fuel,Transmission w/Dual Shift Mode,Gray,Beige,None reported,Yes,42000.0,10,0.5511738691093293,6927.272727272727
Chevrolet,Suburban Premier,2019,105667,Gasoline,355.0HP 5.3L 8 Cylinder Engine Gasoline Fuel,6-Speed A/T,Black,Beige,None reported,Yes,39000.0,7,0.36908051633417877,13208.375
Chevrolet,Suburban Premier,2019,51338,Gasoline,355.0HP 5.3L 8 Cylinder Engine Gasoline Fuel,6-Speed A/T,White,Black,None reported,Yes,49900.0,7,0.9719706266191395,6417.25
Dodge,Dart SE,2016,76857,Gasoline,160.0HP 2.0L 4 Cylinder Engine Gasoline Fuel,M/T,Black,Black,At least 1 accident or damage reported,Yes,8100.0,10,0.10538915922870748,6987.0
Ford,F-250 Lariat,2019,80200,E85 Flex Fuel,385.0HP 6.2L 8 Cylinder Engine Flex Fuel Capability,A/T,White,Black,None reported,Yes,42500.0,7,0.5299185795688333,10025.0
Ford,Mustang GT,2014,38560,Gasoline,420.0HP 5.0L 8 Cylinder Engine Gasoline Fuel,6-Speed M/T,Black,Black,At least 1 accident or damage reported,Yes,28500.0,12,0.7390887165789269,2966.153846153846
Chevrolet,Corvette Stingray w/2LT,2020,12500,Gasoline,490.0HP 6.2L 8 Cylinder Engine Gasoline Fuel,Transmission w/Dual Shift Mode,Yellow,Black,None reported,Yes,84999.0,6,6.799376049916007,1785.7142857142858
Hyundai,Genesis Coupe 3.8 Base,2016,45303,Gasoline,348.0HP 3.8L V6 Cylinder Engine Gasoline Fuel,8-Speed A/T,White,Black,None reported,Yes,20999.0,10,0.463513155571252,4118.454545454545
Ford,Focus ST Base,2014,110000,Gasoline,252.0HP 2.0L 4 Cylinder Engine Gasoline Fuel,6-Speed M/T,Silver,Gray,None reported,Yes,9495.0,12,0.08631739711457169,8461.538461538461
Cadillac,CTS Luxury,2011,66200,Gasoline,270.0HP 3.0L V6 Cylinder Engine Gasoline Fuel,6-Speed A/T,Black,Black,None reported,Yes,16499.0,15,0.24922584250993188,4137.5
Subaru,Baja Base,2003,71000,Gasoline,165.0HP 2.5L 4 Cylinder Engine Gasoline Fuel,5-Speed M/T,Red,Black,None reported,Yes,14900.0,23,0.20985619920846185,2958.3333333333335
Toyota,Highlander XLE,2019,81301,Gasoline,3.5L V6 24V PDI DOHC,8-Speed Automatic,Black,Black,None reported,Yes,30275.0,7,0.3723770632948759,10162.625
Chevrolet,Corvette Stingray Z51,2019,7033,Gasoline,460.0HP 6.2L 8 Cylinder Engine Gasoline Fuel,8-Speed A/T,White,Black,None reported,Yes,63900.0,7,9.08444697185101,879.125
Dodge,Durango SRT,2020,36000,Gasoline,475.0HP 6.4L 8 Cylinder Engine Gasoline Fuel,8-Speed A/T,Gray,Red,None reported,Yes,62000.0,6,1.7221743840448875,5142.857142857143
Acura,TSX 2.4,2010,116000,Gasoline,201.0HP 2.4L 4 Cylinder Engine Gasoline Fuel,6-Speed M/T,Silver,Black,At least 1 accident or damage reported,Yes,9000.0,16,0.07758553805570642,6823.529411764706
Chevrolet,Camaro 2SS,2018,42780,Gasoline,455.0HP 6.2L 8 Cylinder Engine Gasoline Fuel,Transmission w/Dual Shift Mode,Black,Black,At least 1 accident or damage reported,Yes,41100.0,8,0.9607068558472219,4753.333333333333
BMW,640 Gran Coupe i,2014,39886,Gasoline,315.0HP 3.0L Straight 6 Cylinder Engine Gasoline Fuel,Transmission w/Dual Shift Mode,Black,Red,At least 1 accident or damage reported,Yes,26000.0,12,0.6518414521021887,3068.153846153846
Audi,S5 3.0T Premium Plus,2014,151400,Gasoline,333.0HP 3.0L V6 Cylinder Engine Gasoline Fuel,Transmission w/Dual Shift Mode,Gray,Black,None reported,Yes,15400.0,12,0.10171663331153691,11646.153846153846
Alfa,Romeo Giulia Base,2017,48000,Gasoline,280.0HP 2.0L 4 Cylinder Engine Gasoline Fuel,A/T,Red,Black,None reported,Yes,20500.0,9,0.42707443594925104,4800.0
Toyota,Highlander XLE,2023,8727,Gasoline,2.4L I4 16V PDI DOHC Turbo,8-Speed Automatic,Ruby Flare Pearl,Black,None reported,Yes,44596.0,3,5.109532538955087,2181.75
Rolls-Royce,Ghost Base,2011,79000,Gasoline,563.0HP 6.6L 12 Cylinder Engine Gasoline Fuel,8-Speed A/T,Black,White,At least 1 accident or damage reported,Yes,80300.0,15,1.016442829837597,4937.5
Dodge,Challenger R/T,2020,54000,Gasoline,372.0HP 5.7L 8 Cylinder Engine Gasoline Fuel,8-Speed A/T,Gray,Black,None reported,Yes,34000.0,6,0.6296179700375919,7714.285714285715
Porsche,Cayenne Base,2016,110000,Gasoline,300.0HP 3.6L V6 Cylinder Engine Gasoline Fuel,A/T,White,White,At least 1 accident or damage reported,Yes,25900.0,10,0.23545240497813658,10000.0
Chevrolet,Bolt EV LT,2020,49688,Gasoline,200.0HP Electric Motor Electric Fuel System,A/T,Blue,Gray,None reported,Yes,24900.0,6,0.5011169474129082,7098.285714285715
Mercedes-Benz,Metris Base,2020,14000,Gasoline,208.0HP 2.0L 4 Cylinder Engine Gasoline Fuel,7-Speed A/T,Black,Beige,None reported,Yes,48000.0,6,3.428326548103707,2000.0
Dodge,Charger SRT Hellcat Widebody,2023,5000,Gasoline,717.0HP 6.2L 8 Cylinder Engine Gasoline Fuel,Transmission w/Dual Shift Mode,Gray,Black,None reported,Yes,110000.0,3,21.995600879824035,1250.0
Chevrolet,Silverado 1500 ZR2,2022,11597,Gasoline,6.2L V8 16V GDI OHV,Automatic,Silver Ice Metallic,Jet Black,None reported,Yes,68590.0,4,5.913950681151923,2319.4
Mercedes-Benz,AMG S 63 Base 4MATIC,2017,86101,Gasoline,577.0HP 5.5L 8 Cylinder Engine Gasoline Fuel,A/T,Gray,Red,At least 1 accident or damage reported,Yes,72777.0,9,0.8452416900884997,8610.1
Chevrolet,Silverado 1500 LT,2017,58816,Gasoline,5.3L V8 16V GDI OHV,6-Speed Electronically Controlled Automatic with O,Black,Jet Black,None reported,Yes,36590.0,9,0.6220990529948824,5881.6
Lexus,RC 350 Base,2016,77856,Gasoline,3.5L V6 24V PDI DOHC,6-Speed Automatic,Atomic Silver,Black,None reported,Yes,30919.0,10,0.3971254993128428,7077.818181818182
Lamborghini,Urus Base,2021,20069,Gasoline,4.0L V8 32V GDI DOHC Twin Turbo,8-Speed Automatic,Rosso Mars Metallic,Nero Ade,None reported,Yes,229900.0,5,11.454907822620827,3344.8333333333335
GMC,Acadia SLE-1,2015,115282,Gasoline,3.6L V6 24V GDI DOHC,6-Speed Automatic,Crimson Red Tintcoat,Ebony,At least 1 accident or damage reported,Yes,12433.0,11,0.10784764449224951,9606.833333333334
Porsche,911 GT3,2016,30700,Gasoline,475.0HP 3.8L Flat 6 Cylinder Engine Gasoline Fuel,7-Speed A/T,White,Black,None reported,Yes,138999.0,10,4.527507247320934,2790.909090909091
MINI,Cooper Base,2003,103726,Gasoline,115.0HP 1.6L 4 Cylinder Engine Gasoline Fuel,5-Speed M/T,Red,Gray,At least 1 accident or damage reported,Yes,5995.0,23,0.05779594512518438,4321.916666666667
Mazda,MX-5 Miata Sport,2008,39800,Gasoline,158.0HP 2.0L 4 Cylinder Engine Gasoline Fuel,Transmission w/Dual Shift Mode,Blue,Black,None reported,Yes,13250.0,18,0.33290620838672397,2094.7368421052633
Toyota,4Runner TRD Off Road,2019,79500,Gasoline,270.0HP 4.0L V6 Cylinder Engine Gasoline Fuel,A/T,White,Black,None reported,Yes,33333.0,7,0.419277744934026,9937.5
Toyota,Highlander Limited,2008,165520,Gasoline,270.0HP 3.5L V6 Cylinder Engine Gasoline Fuel,A/T,Gray,Gray,At least 1 accident or damage reported,Yes,9000.0,18,0.05437376526241383,8711.578947368422
BMW,650 Gran Coupe i,2014,92000,Gasoline,445.0HP 4.4L 8 Cylinder Engine Gasoline Fuel,Transmission w/Dual Shift Mode,Black,Black,At least 1 accident or damage reported,Yes,24000.0,12,0.2608667297094597,7076.923076923077
Hyundai,Palisade Calligraphy,2023,1500,Gasoline,291.0HP 3.8L V6 Cylinder Engine Gasoline Fuel,Transmission w/Dual Shift Mode,Green,Black,None reported,Yes,55000.0,3,36.64223850766156,375.0
Pontiac,Solstice GXP,2008,38100,Gasoline,260.0HP 2.0L 4 Cylinder Engine Gasoline Fuel,5-Speed M/T,Orange,Black,None reported,Yes,19950.0,18,0.5236083042439831,2005.2631578947369
Land,Rover Range Rover Evoque SE Premium,2018,42125,Gasoline,237.0HP 2.0L 4 Cylinder Engine Gasoline Fuel,Transmission w/Dual Shift Mode,White,Black,None reported,Yes,38999.0,8,0.9257703081232493,4680.555555555556
Porsche,Cayenne Diesel,2014,86818,Diesel,240.0HP 3.0L V6 Cylinder Engine Diesel Fuel,Transmission w/Dual Shift Mode,Silver,Black,None reported,Yes,33500.0,12,0.3858602379663438,6678.307692307692
BMW,M3 Competition xDrive,2023,3490,Gasoline,503.0HP 3.0L Straight 6 Cylinder Engine Gasoline Fuel,8-Speed A/T,Gray,Black,None reported,Yes,95580.0,3,27.378974505872243,872.5
Toyota,Avalon Limited,2008,111300,Gasoline,268.0HP 3.5L V6 Cylinder Engine Gasoline Fuel,Transmission w/Dual Shift Mode,Gold,Beige,None reported,Yes,7900.0,18,0.07097869740613291,5857.894736842105
BMW,M3 Base,2011,98200,Gasoline,414.0HP 4.0L 8 Cylinder Engine Gasoline Fuel,7-Speed A/T,White,Black,None reported,Yes,27000.0,15,0.27494628364273277,6137.5
Porsche,Panamera Base,2018,42500,Gasoline,330.0HP 3.0L V6 Cylinder Engine Gasoline Fuel,8-Speed A/T,Black,Beige,At least 1 accident or damage reported,Yes,53999.0,8,1.2705348109456247,4722.222222222223
Honda,Passport TrailSport,2023,11649,Gasoline,280.0HP 3.5L V6 Cylinder Engine Gasoline Fuel,9-Speed A/T,Black,Black,None reported,Yes,39999.0,3,3.433390557939914,2912.25
Mercedes-Benz,SL-Class SL 550,2013,24933,Gasoline,429.0HP 4.6L 8 Cylinder Engine Gasoline Fuel,Transmission w/Dual Shift Mode,Silver,Red,At least 1 accident or damage reported,Yes,40250.0,13,1.6142616507580012,1780.9285714285713
Audi,RS 4 Base,2007,99769,Gasoline,420.0HP 4.2L 8 Cylinder Engine Gasoline Fuel,6-Speed M/T,Gray,White,None reported,Yes,29995.0,19,0.30064147539340486,4988.45
Toyota,Avalon Limited,2022,16156,Gasoline,3.5L V6 24V PDI DOHC,8-Speed Automatic,Blueprint,Graphite,None reported,Yes,39390.0,4,2.437952590208578,3231.2
Mercedes-Benz,E-Class E 350 4MATIC,2008,67250,Gasoline,268.0HP 3.5L V6 Cylinder Engine Gasoline Fuel,A/T,White,Beige,None reported,Yes,11900.0,18,0.1769490416499383,3539.4736842105262
GMC,Yukon Denali,2021,30022,Gasoline,420.0HP 6.2L 8 Cylinder Engine Gasoline Fuel,A/T,Blue,Black,At least 1 accident or damage reported,Yes,74500.0,5,2.4814309029743864,5003.666666666667
Porsche,Panamera 4S,2017,42596,Gasoline,440.0HP 2.9L V6 Cylinder Engine Gasoline Fuel,Transmission w/Dual Shift Mode,Black,Black,None reported,Yes,78000.0,9,1.8311148672441722,4259.6
Ford,Explorer XLT,2021,33705,Gasoline,2.3L I4 16V GDI DOHC Turbo,10-Speed Automatic,White,Light Slate,At least 1 accident or damage reported,Yes,36995.0,5,1.0975790660416542,5617.5
Land,Rover LR4 HSE LUX Landmark Edition,2016,63300,Gasoline,340.0HP 3.0L V6 Cylinder Engine Gasoline Fuel,8-Speed A/T,White,Brown,None reported,Yes,31000.0,10,0.48972370104737684,5754.545454545455
Acura,TLX Type S w/Performance Tire,2023,4700,Gasoline,355.0HP 3.0L V6 Cylinder Engine Gasoline Fuel,10-Speed A/T,Red,Black,None reported,Yes,52000.0,3,11.061476281642204,1175.0
Toyota,Tacoma Base,2020,27256,Gasoline,3.5 Liter,6 Speed At/Mt,Midnight Black Metallic,Black/Gun Metal,None reported,Yes,42998.0,6,1.577503026745423,3893.714285714286
Hummer,H3 Base,2010,107481,Gasoline,239.0HP 3.7L 5 Cylinder Engine Gasoline Fuel,A/T,White,Black,None reported,Yes,13500.0,16,0.1256024264528014,6322.411764705882
Tesla,Model 3 Long Range,2018,61700,Gasoline,271.0HP Electric Motor Electric Fuel System,A/T,White,Black,None reported,Yes,25900.0,8,0.4197662922805141,6855.555555555556
Jeep,Wrangler Unlimited Sahara,2017,128000,Gasoline,285.0HP 3.6L V6 Cylinder Engine Gasoline Fuel,5-Speed A/T,Gray,Black,None reported,Yes,26800.0,9,0.20937336427059164,12800.0
Chevrolet,Camaro 2SS,2018,26000,Gasoline,455.0HP 6.2L 8 Cylinder Engine Gasoline Fuel,8-Speed A/T,White,Black,None reported,Yes,39000.0,8,1.4999423099111573,2888.8888888888887
Audi,S6 4.0T,2015,74000,Gasoline,420.0HP 4.0L 8 Cylinder Engine Gasoline Fuel,7-Speed A/T,Blue,Gray,None reported,Yes,29950.0,11,0.40472426048296645,6166.666666666667
Audi,TT RS Base,2012,54900,Gasoline,360.0HP 2.5L 5 Cylinder Engine Gasoline Fuel,6-Speed M/T,White,Brown,None reported,Yes,28900.0,14,0.5264020691790677,3660.0
INFINITI,QX56 Base,2012,141775,Gasoline,400.0HP 5.6L 8 Cylinder Engine Gasoline Fuel,Transmission w/Dual Shift Mode,White,Beige,None reported,Yes,11500.0,14,0.08111386976639205,9451.666666666666
Audi,Q5 S line Premium Plus,2022,13895,Hybrid,2.0 Liter TFSI,Automatic,Daytona Gray,Black,None reported,Yes,44998.0,4,3.2381980426021877,2779.0
Lamborghini,Aventador LP750-4 Superveloce,2017,10654,Gasoline,"6.5L V-12 DOHC, variable valve control, premium unleaded, engine",Automatic,Balloon White,Nero Ade,None reported,Yes,449991.0,9,42.232848427968094,1065.4
Ford,F-250 XL,2014,35900,E85 Flex Fuel,385.0HP 6.2L 8 Cylinder Engine Flex Fuel Capability,Transmission w/Dual Shift Mode,Blue,Gray,At least 1 accident or damage reported,Yes,27900.0,12,0.7771371270995237,2761.5384615384614
GMC,Yukon XL Denali,2022,48306,Gasoline,6.2L V8 16V GDI OHV,10-Speed Automatic,Summit White,Jet Black,At least 1 accident or damage reported,Yes,71999.0,4,1.4904465191380132,9661.2
Audi,A4 2.0T Premium,2012,125000,Gasoline,211.0HP 2.0L 4 Cylinder Engine Gasoline Fuel,8-Speed A/T,Black,Black,None reported,Yes,10500.0,14,0.08399932800537596,8333.333333333334
Dodge,Challenger SRT 392,2016,37700,–,–,8-Speed A/T,Black,Black,At least 1 accident or damage reported,Yes,38000.0,10,1.0079308241160712,3427.2727272727275
Tesla,Model S P100D,2017,103000,Gasoline,Electric Motor Electric Fuel System,1-Speed A/T,Black,White,None reported,Yes,36000.0,9,0.349511169794468,10300.0
Mazda,CX-30 Premium Package,2021,45303,Gasoline,2.5L I4 16V GDI DOHC,6-Speed Automatic,Snowflake White Pearl,White / Brown,None reported,Yes,25382.0,5,0.5602595797280593,7550.5
Lexus,ES 350 Base,2016,53900,Gasoline,268.0HP 3.5L V6 Cylinder Engine Gasoline Fuel,A/T,Red,Beige,None reported,Yes,27500.0,10,0.5101946160553608,4900.0
Jeep,Wrangler Sahara,2008,54000,Gasoline,202.0HP 3.8L V6 Cylinder Engine Gasoline Fuel,A/T,Green,Gray,None reported,Yes,20000.0,18,0.37036351178681876,2842.1052631578946
Chevrolet,Avalanche 1500 LTZ,2007,129000,Gasoline,366.0HP 6.0L 8 Cylinder Engine Gasoline Fuel,A/T,White,Beige,None reported,Yes,17950.0,19,0.13914620816892892,6450.0
Jeep,Grand Cherokee L Laredo,2022,10232,Gasoline,3.6L V6 24V MPFI DOHC,Automatic,Diamond Black,Global Black,None reported,Yes,44646.0,4,4.36294341835239,2046.4
Acura,MDX w/Advance Package,2023,3708,Gasoline,3.5 Liter SOHC,Automatic,White,Espresso,None reported,Yes,58998.0,3,15.906713399838232,927.0
Nissan,Pathfinder SL,2018,167000,Gasoline,284.0HP 3.5L V6 Cylinder Engine Gasoline Fuel,A/T,Black,Beige,None reported,Yes,14500.0,8,0.08682582739025514,18555.555555555555
Tesla,Model X Long Range,2019,37000,Gasoline,518.0HP Electric Motor Electric Fuel System,1-Speed A/T,Gray,Black,None reported,Yes,58000.0,7,1.567525202021567,4625.0
Subaru,Impreza Premium,2022,10419,Gasoline,"2L H-4 gasoline direct injection, DOHC, variable valve control,",Variable,Crystal White Pearl,Black,At least 1 accident or damage reported,Yes,24998.0,4,2.3990403071017274,2083.8
Audi,A8 4.0T,2014,96238,Gasoline,420.0HP 4.0L 8 Cylinder Engine Gasoline Fuel,Transmission w/Dual Shift Mode,Black,Black,At least 1 accident or damage reported,Yes,22500.0,12,0.23379295296085786,7402.923076923077
Subaru,Ascent Limited 7-Passenger,2022,12700,Gasoline,260.0HP 2.4L 4 Cylinder Engine Gasoline Fuel,CVT Transmission,White,Beige,None reported,Yes,38500.0,4,3.0312573813085586,2540.0
Chevrolet,Avalanche 1500 LT,2007,244000,E85 Flex Fuel,320.0HP 5.3L 8 Cylinder Engine Flex Fuel Capability,A/T,Gray,Gray,None reported,Yes,16900.0,19,0.06926201122126549,12200.0
Porsche,Cayenne S,2015,124000,Gasoline,420.0HP 3.6L V6 Cylinder Engine Gasoline Fuel,8-Speed A/T,White,Beige,None reported,Yes,25000.0,11,0.20161127732840864,10333.333333333334
BMW,335 i,2009,123000,Gasoline,300.0HP 3.0L Straight 6 Cylinder Engine Gasoline Fuel,A/T,Purple,Black,None reported,Yes,15000.0,17,0.12195022804692644,6833.333333333333
GMC,Sierra 1500 Limited Elevation,2022,24900,Gasoline,310.0HP 2.7L 4 Cylinder Engine Gasoline Fuel,8-Speed A/T,Black,Black,None reported,Yes,49900.0,4,2.0039355849162686,4980.0
Ford,Explorer Sport,2016,95500,Gasoline,365.0HP 3.5L V6 Cylinder Engine Gasoline Fuel,Transmission w/Dual Shift Mode,Black,Black,None reported,Yes,20000.0,10,0.20942189087025267,8681.818181818182
Cadillac,Escalade ESV Sport,2021,4283,Gasoline,6.2L V8 16V GDI OHV,10-Speed Automatic,Black,Brandy,None reported,Yes,479995.0,5,112.0436507936508,713.8333333333334
Lexus,LX 570 Three-Row,2021,48300,Gasoline,383.0HP 5.7L 8 Cylinder Engine Gasoline Fuel,A/T,White,Red,None reported,Yes,82000.0,5,1.6976874184799486,8050.0
BMW,M3 Base,2008,94000,Gasoline,414.0HP 4.0L 8 Cylinder Engine Gasoline Fuel,6-Speed M/T,Gray,Red,None reported,Yes,25999.0,18,0.27658216401953173,4947.368421052632
Nissan,Xterra Pro-4X,2011,183000,Gasoline,261.0HP 4.0L V6 Cylinder Engine Gasoline Fuel,A/T,Black,Gray,At least 1 accident or damage reported,Yes,12000.0,15,0.06557341216714663,11437.5
Ford,Fusion Hybrid SE Hybrid,2013,126225,Hybrid,188.0HP 2.0L 4 Cylinder Engine Gas/Electric Hybrid,CVT Transmission,Silver,Black,At least 1 accident or damage reported,Yes,11500.0,13,0.09110642815267853,9016.07142857143
Volkswagen,Golf GTI 2.0T SE 4-Door,2016,87892,Gasoline,210.0HP 2.0L 4 Cylinder Engine Gasoline Fuel,6-Speed M/T,Gray,Black,None reported,Yes,16000.0,10,0.1820395253319377,7990.181818181818
Cadillac,CTS-V Base,2012,45000,Gasoline,556.0HP 6.2L 8 Cylinder Engine Gasoline Fuel,6-Speed A/T,Red,Black,None reported,Yes,41500.0,14,0.92220172885047,3000.0
Aston,Martin Vantage Base,2022,1023,Gasoline,503.0HP 4.0L 8 Cylinder Engine Gasoline Fuel,8-Speed A/T,Blue,Brown,None reported,Yes,156900.0,4,153.22265625,204.6
Lexus,GX 460 Base,2015,106000,Gasoline,301.0HP 4.6L 8 Cylinder Engine Gasoline Fuel,A/T,Black,Beige,None reported,Yes,37500.0,11,0.35377024745049573,8833.333333333334
GMC,Acadia SLT-1,2019,51300,Gasoline,193.0HP 2.5L 4 Cylinder Engine Gasoline Fuel,6-Speed A/T,Black,Black,At least 1 accident or damage reported,Yes,25500.0,7,0.4970663339895908,6412.5
Ford,Bronco Sport Big Bend,2021,30176,Gasoline,1.5L I3 12V PDI DOHC Turbo,8-Speed Automatic,Black,Medium Dark Slate,None reported,Yes,28979.0,5,0.9603008914073632,5029.333333333333
Nissan,Titan SV,2021,27598,Gasoline,5.6L V8 32V GDI DOHC,9-Speed Automatic,Black,Black,None reported,Yes,39884.0,5,1.4451248233631653,4599.666666666667
Volkswagen,Jetta SportWagen SE,2012,107000,Gasoline,170.0HP 2.5L 5 Cylinder Engine Gasoline Fuel,A/T,Black,Beige,None reported,Yes,9499.0,14,0.0887748712628854,7133.333333333333
Land,Rover Range Rover 5.0L V8 Supercharged,2019,17500,Gasoline,518.0HP 5.0L 8 Cylinder Engine Gasoline Fuel,8-Speed A/T,Black,Black,None reported,Yes,65000.0,7,3.714073481515342,2187.5
RAM,2500 Laramie,2017,117878,Diesel,350.0HP 6.7L Straight 6 Cylinder Engine Diesel Fuel,Transmission w/Dual Shift Mode,Red,Black,None reported,Yes,42000.0,9,0.35629755936171836,11787.8
Nissan,Murano SL,2010,138700,Gasoline,265.0HP 3.5L V6 Cylinder Engine Gasoline Fuel,CVT Transmission,Gray,Black,At least 1 accident or damage reported,Yes,7000.0,16,0.050468273480364235,8158.823529411765
Cadillac,Escalade ESV Base,2009,152068,E85 Flex Fuel,403.0HP 6.2L 8 Cylinder Engine Flex Fuel Capability,6-Speed A/T,White,Black,At least 1 accident or damage reported,Yes,12350.0,17,0.08121313351176111,8448.222222222223
BMW,428 i xDrive SULEV,2016,77000,Gasoline,240.0HP 2.0L 4 Cylinder Engine Gasoline Fuel,Transmission w/Dual Shift Mode,White,Red,At least 1 accident or damage reported,Yes,26999.0,10,0.3506318099764938,7000.0
Ford,Focus RS Base,2017,26000,Gasoline,350.0HP 2.3L 4 Cylinder Engine Gasoline Fuel,6-Speed M/T,Gray,Black,None reported,Yes,37000.0,9,1.4230221914541747,2600.0
Lexus,CT 200h Premium,2014,131200,Hybrid,134.0HP 1.8L 4 Cylinder Engine Gas/Electric Hybrid,A/T,Brown,Brown,None reported,Yes,14000.0,12,0.10670650376140425,10092.307692307691
Buick,Enclave Leather,2017,83280,Gasoline,3.6L V6 24V GDI DOHC,6-Speed Automatic,Quicksilver Metallic,Ebony,None reported,Yes,20599.0,9,0.2473433316122525,8328.0
BMW,M3 Base,2015,59000,Gasoline,425.0HP 3.0L Straight 6 Cylinder Engine Gasoline Fuel,6-Speed M/T,Gray,Black,None reported,Yes,53500.0,11,0.9067642921306418,4916.666666666667
Volkswagen,Arteon 2.0T SEL R-Line,2020,15500,Gasoline,268.0HP 2.0L 4 Cylinder Engine Gasoline Fuel,8-Speed A/T,Silver,Black,None reported,Yes,30000.0,6,1.9353590090961874,2214.285714285714
BMW,X6 xDrive35i,2013,90000,Gasoline,300.0HP 3.0L Straight 6 Cylinder Engine Gasoline Fuel,8-Speed A/T,White,Red,None reported,Yes,19950.0,13,0.22166420373106965,6428.571428571428
INFINITI,G35 Base,2006,94000,Gasoline,280.0HP 3.5L V6 Cylinder Engine Gasoline Fuel,Transmission w/Dual Shift Mode,White,Gray,At least 1 accident or damage reported,Yes,10995.0,20,0.11696684077828959,4476.190476190476
Hummer,H2 Base,2008,63750,Gasoline,393.0HP 6.2L 8 Cylinder Engine Gasoline Fuel,6-Speed A/T,White,Black,At least 1 accident or damage reported,Yes,55000.0,18,0.8627315649950589,3355.2631578947367
Mercedes-Benz,C-Class C 300 4MATIC Luxury,2011,95500,Gasoline,228.0HP 3.0L V6 Cylinder Engine Gasoline Fuel,A/T,Black,Beige,At least 1 accident or damage reported,Yes,15990.0,15,0.167432801750767,5968.75
Acura,ILX Premium Package,2019,37900,Gasoline,201.0HP 2.4L 4 Cylinder Engine Gasoline Fuel,A/T,White,Black,None reported,Yes,26000.0,7,0.6859977309305824,4737.5
Porsche,911 GT3,2015,13250,Gasoline,475.0HP 3.8L Flat 6 Cylinder Engine Gasoline Fuel,7-Speed A/T,Brown,Gray,None reported,Yes,154900.0,11,11.689683797449248,1104.1666666666667
RAM,1500 Longhorn,2019,76249,Gasoline,5.7L V8 16V MPFI OHV,8-Speed Automatic,Diamond Black,Mountain Brown,At least 1 accident or damage reported,Yes,40995.0,7,0.5376393442622951,9531.125
Chevrolet,Suburban LT,2022,37806,Gasoline,355.0HP 5.3L 8 Cylinder Engine Gasoline Fuel,10-Speed A/T,Black,Black,None reported,Yes,60894.0,4,1.6106541116724415,7561.2
Dodge,Ram 2500 ST,2010,151544,Gasoline,355.0HP 5.7L 8 Cylinder Engine Gasoline Fuel,5-Speed A/T,Brown,Gray,At least 1 accident or damage reported,Yes,17700.0,16,0.11679699099277442,8914.35294117647
Chevrolet,Camaro 2SS,2012,60345,Gasoline,400.0HP 6.2L 8 Cylinder Engine Gasoline Fuel,6-Speed A/T,Yellow,Black,None reported,Yes,26950.0,14,0.44659132336857454,4023.0
Dodge,Challenger SE,2010,90305,Gasoline,250.0HP 3.5L V6 Cylinder Engine Gasoline Fuel,A/T,Gray,Black,None reported,Yes,12000.0,16,0.13288153611055745,5312.058823529412
Jeep,Grand Cherokee L Limited,2022,13275,Gasoline,3.6L V6 24V MPFI DOHC,8-Speed Automatic,Velvet Red Pearlcoat,Global Black,None reported,Yes,42599.0,4,3.2087225067791505,2655.0
Chevrolet,Camaro 2SS,2018,8660,Gasoline,455.0HP 6.2L 8 Cylinder Engine Gasoline Fuel,8-Speed A/T,White,Black,None reported,Yes,45000.0,8,5.195704883962591,962.2222222222222
Ford,F-350 Lariat,2021,28220,Diesel,475.0HP 6.7L 8 Cylinder Engine Diesel Fuel,10-Speed A/T,Silver,Black,None reported,Yes,73600.0,5,2.6079869600651997,4703.333333333333
Ford,F-250 King Ranch,2015,97700,Diesel,440.0HP 6.7L 8 Cylinder Engine Diesel Fuel,6-Speed A/T,Black,–,None reported,Yes,39950.0,11,0.40890062537742705,8141.666666666667
Chevrolet,Corvette Stingray w/3LT,2023,4200,Gasoline,490.0HP 6.2L 8 Cylinder Engine Gasoline Fuel,A/T,White,Black,None reported,Yes,98000.0,3,23.327779100214233,1050.0
Bentley,Continental GT V8 First Edition,2020,27404,Gasoline,"4L V-8 gasoline direct injection, DOHC, variable valve control,",Automatic,Dark Sapphire,Linen,None reported,Yes,199991.0,6,7.297609925196132,3914.8571428571427
Lincoln,MKC Reserve,2016,100000,Gasoline,240.0HP 2.0L 4 Cylinder Engine Gasoline Fuel,Transmission w/Dual Shift Mode,White,White,None reported,Yes,24000.0,10,0.23999760002399975,9090.90909090909
Land,Rover Discovery SE,2018,63295,Gasoline,340.0HP 3.0L V6 Cylinder Engine Gasoline Fuel,8-Speed A/T,Blue,White,None reported,Yes,29993.0,8,0.4738530080889788,7032.777777777777
Land,Rover Defender V8,2022,3000,Gasoline,518.0HP 5.0L 8 Cylinder Engine Gasoline Fuel,8-Speed A/T,Black,Black,None reported,Yes,96500.0,4,32.15594801732756,600.0
Chevrolet,Silverado 1500 2LT,2014,102604,E85 Flex Fuel,355.0HP 5.3L 8 Cylinder Engine Flex Fuel Capability,6-Speed A/T,Gray,Gray,None reported,Yes,25500.0,12,0.24852590029725646,7892.615384615385
Mercedes-Benz,AMG G 63 Base,2017,39800,Gasoline,563.0HP 5.5L 8 Cylinder Engine Gasoline Fuel,7-Speed A/T,White,Red,None reported,Yes,99000.0,9,2.487374689078164,3980.0
Ford,F-250 XLT,2019,124000,E85 Flex Fuel,385.0HP 6.2L 8 Cylinder Engine Flex Fuel Capability,6-Speed A/T,White,Gray,None reported,Yes,40100.0,7,0.32338448883476745,15500.0
Tesla,Model 3 Base,2022,12080,Gasoline,271.0HP Electric Motor Electric Fuel System,A/T,Black,Black,None reported,Yes,36750.0,4,3.04196672460889,2416.0
Lexus,LX 570 Three-Row,2018,39300,Gasoline,383.0HP 5.7L 8 Cylinder Engine Gasoline Fuel,Transmission w/Dual Shift Mode,Black,Black,None reported,Yes,69500.0,8,1.7684028396224014,4366.666666666667
INFINITI,QX60 Luxe,2019,51000,Gasoline,295.0HP 3.5L V6 Cylinder Engine Gasoline Fuel,CVT Transmission,Gray,–,At least 1 accident or damage reported,Yes,29000.0,7,0.5686163016411443,6375.0
Rivian,R1S Adventure Package,2023,250,Gasoline,835.0HP Electric Motor Electric Fuel System,1-Speed A/T,Green,Black,None reported,Yes,97500.0,3,388.44621513944224,62.5
Land,Rover Range Rover Sport 3.0L Supercharged HSE,2017,67000,Gasoline,340.0HP 3.0L V6 Cylinder Engine Gasoline Fuel,8-Speed A/T,Gray,Beige,None reported,Yes,35999.0,9,0.5372904882016686,6700.0
INFINITI,QX60 Base,2014,95400,Gasoline,265.0HP 3.5L V6 Cylinder Engine Gasoline Fuel,A/T,White,Beige,None reported,Yes,14195.0,12,0.14879298959130408,7338.461538461538
Hyundai,Sonata GLS,2013,136991,Gasoline,198.0HP 2.4L 4 Cylinder Engine Gasoline Fuel,6-Speed A/T,Gray,Gray,None reported,Yes,11000.0,13,0.08029665965895819,9785.07142857143
Toyota,Tundra Limited,2022,3959,Gasoline,389.0HP 3.4L V6 Cylinder Engine Gasoline Fuel,10-Speed A/T,Blue,Gray,None reported,Yes,55000.0,4,13.88888888888889,791.8
Jeep,Grand Cherokee Limited,2020,47500,Gasoline,293.0HP 3.6L V6 Cylinder Engine Gasoline Fuel,A/T,Purple,Black,None reported,Yes,31000.0,6,0.652617839624429,6785.714285714285
Ford,F-350 Lariat Crew Cab Super Duty DRW,2005,176691,Diesel,325.0HP 6.0L 8 Cylinder Engine Diesel Fuel,A/T,White,Beige,At least 1 accident or damage reported,Yes,13000.0,21,0.07357435537545559,8031.409090909091
Tesla,Model 3 Performance,2021,33000,Gasoline,455.0HP Electric Motor Electric Fuel System,1-Speed A/T,Red,White,None reported,Yes,55000.0,5,1.6666161631465712,5500.0
Mercedes-Benz,CLS-Class CLS 550,2014,34600,Gasoline,402.0HP 4.7L 8 Cylinder Engine Gasoline Fuel,Transmission w/Dual Shift Mode,Black,Black,None reported,Yes,27500.0,12,0.7947747174937141,2661.5384615384614
RAM,2500 SLT,2014,84500,Gasoline,410.0HP 6.4L 8 Cylinder Engine Gasoline Fuel,A/T,Black,Gray,None reported,Yes,34000.0,12,0.4023621022236423,6500.0
Kia,Sorento Hybrid EX,2022,36100,Hybrid,227.0HP 1.6L 4 Cylinder Engine Gas/Electric Hybrid,6-Speed A/T,Black,White,None reported,Yes,37500.0,4,1.038752389130495,7220.0
Hyundai,Genesis 3.8,2015,92225,Gasoline,311.0HP 3.8L V6 Cylinder Engine Gasoline Fuel,A/T,Black,Black,At least 1 accident or damage reported,Yes,17000.0,11,0.1843297985383731,7685.416666666667
Jeep,Compass Latitude,2020,17500,Gasoline,180.0HP 2.4L 4 Cylinder Engine Gasoline Fuel,9-Speed A/T,Silver,Black,None reported,Yes,25695.0,6,1.4682018170390263,2500.0
Ford,Fusion SE,2011,114323,Gasoline,175.0HP 2.5L 4 Cylinder Engine Gasoline Fuel,6-Speed A/T,Black,Black,None reported,Yes,6000.0,15,0.05248241838983941,7145.1875
Toyota,FJ Cruiser Base,2014,92000,Gasoline,260.0HP 4.0L V6 Cylinder Engine Gasoline Fuel,A/T,Beige,Black,None reported,Yes,27500.0,12,0.2989097944587559,7076.923076923077
BMW,430 Gran Coupe i xDrive,2018,29025,Gasoline,2.0 Liter DOHC T/C,Automatic,Carbon Black Metallic,Black,None reported,Yes,29998.0,8,1.0334872183559567,3225.0
Dodge,Durango SRT 392,2021,17000,Gasoline,475.0HP 6.4L 8 Cylinder Engine Gasoline Fuel,Transmission w/Dual Shift Mode,Blue,Black,None reported,Yes,65000.0,5,3.8233045114993236,2833.3333333333335
Hyundai,Santa Fe GLS,2015,96476,Gasoline,290.0HP 3.3L V6 Cylinder Engine Gasoline Fuel,6-Speed A/T,White,Gray,None reported,Yes,13000.0,11,0.134747141805819,8039.666666666667
Volkswagen,Atlas 3.6L SEL Premium,2021,36311,Gasoline,3.6L V6 24V GDI DOHC,8-Speed Automatic,Deep Black Pearl Effect,Titan Black / Quarzit,None reported,Yes,39127.0,5,1.0775225820665344,6051.833333333333
Land,Rover Range Rover Sport 5.0L Supercharged Dynamic,2016,56842,Gasoline,510.0HP 5.0L 8 Cylinder Engine Gasoline Fuel,Transmission w/Dual Shift Mode,Silver,Black,None reported,Yes,35000.0,10,0.6157310486779375,5167.454545454545
Nissan,Murano SV,2021,23677,Gasoline,3.5L V6 24V MPFI DOHC,Automatic CVT,Sunset Drift Chromaflair,Graphite,None reported,Yes,29510.0,5,1.246304586536025,3946.1666666666665
Buick,Envision Essence,2020,27340,Gasoline,2.5L I4 16V GDI DOHC,6-Speed Automatic,Summit White,Ebony,None reported,Yes,31700.0,6,1.1594308913353573,3905.714285714286
Chevrolet,Silverado 1500 RST,2020,26177,Gasoline,5.3L V8 16V GDI OHV,Automatic,Shadow Gray Metallic,Jet Black,None reported,Yes,41986.0,6,1.6038658415463367,3739.5714285714284
Pontiac,Solstice GXP,2009,122348,Gasoline,260.0HP 2.0L 4 Cylinder Engine Gasoline Fuel,A/T,Red,Black,At least 1 accident or damage reported,Yes,10000.0,17,0.08173340198939101,6797.111111111111
BMW,640 Gran Coupe i xDrive,2015,98000,Gasoline,315.0HP 3.0L Straight 6 Cylinder Engine Gasoline Fuel,Transmission w/Dual Shift Mode,Black,Beige,None reported,Yes,22500.0,11,0.22958949398475526,8166.666666666667
Tesla,Model 3 Standard Range Plus,2019,32300,Gasoline,Electric Motor Electric Fuel System,A/T,Black,Black,None reported,Yes,29000.0,7,0.8978050215163618,4037.5
MINI,Countryman Cooper S,2019,18997,Gasoline,189.0HP 2.0L 4 Cylinder Engine Gasoline Fuel,Transmission w/Dual Shift Mode,Red,Black,None reported,Yes,26750.0,7,1.4080429518896727,2374.625
Porsche,Boxster GTS,2016,40350,Gasoline,330.0HP 3.4L Flat 6 Cylinder Engine Gasoline Fuel,7-Speed A/T,Gray,Black,None reported,Yes,67995.0,10,1.6850883497311095,3668.181818181818
Ford,Expedition EL King Ranch,2011,156856,E85 Flex Fuel,310.0HP 5.4L 8 Cylinder Engine Flex Fuel Capability,6-Speed A/T,Black,Brown,None reported,Yes,14300.0,15,0.0911658389488515,9803.5
Bentley,Continental GT GT Speed,2022,1919,Gasoline,12 Cylinder Engine,8-SPEED A/T,Granite,Porpoise,None reported,Yes,289991.0,4,151.03697916666667,383.8
BMW,X5 M Base,2017,61773,Gasoline,567.0HP 4.4L 8 Cylinder Engine Gasoline Fuel,Transmission w/Dual Shift Mode,Gray,Black,None reported,Yes,46000.0,9,0.7446498526888334,6177.3
Ford,Mustang GT Premium,2011,74500,Gasoline,412.0HP 5.0L 8 Cylinder Engine Gasoline Fuel,6-Speed M/T,Black,Black,None reported,Yes,22000.0,15,0.2952980496906082,4656.25
Jeep,Compass Sport,2016,99000,Gasoline,172.0HP 2.4L 4 Cylinder Engine Gasoline Fuel,6-Speed A/T,White,Gray,At least 1 accident or damage reported,Yes,5000.0,10,0.0505045403581782,9000.0
INFINITI,G37 Sport,2008,63496,Gasoline,330.0HP 3.7L V6 Cylinder Engine Gasoline Fuel,6-Speed M/T,Black,Black,None reported,Yes,15000.0,18,0.23623163299053498,3341.8947368421054
Ford,F-150 XLT,2022,18465,Gasoline,400.0HP 3.5L V6 Cylinder Engine Gasoline Fuel,10-Speed A/T,Black,Gray,None reported,Yes,47500.0,4,2.5722950287013973,3693.0
Porsche,911 Carrera 4S,2007,42635,Gasoline,355.0HP 3.8L Flat 6 Cylinder Engine Gasoline Fuel,Transmission w/Dual Shift Mode,Blue,Blue,None reported,Yes,72995.0,19,1.712050849047753,2131.75
INFINITI,G35 Base,2005,99000,Gasoline,298.0HP 3.5L V6 Cylinder Engine Gasoline Fuel,6-Speed M/T,Silver,Black,None reported,Yes,18900.0,21,0.1909071625539136,4500.0
Chrysler,300C Base,2013,87500,Gasoline,292.0HP 3.6L V6 Cylinder Engine Gasoline Fuel,8-Speed A/T,White,Beige,None reported,Yes,13750.0,13,0.15714106124501434,6250.0
Toyota,Camry Solara SLE,2007,138000,Gasoline,210.0HP 3.3L V6 Cylinder Engine Gasoline Fuel,5-Speed A/T,White,Beige,None reported,Yes,6800.0,19,0.04927500525358512,6900.0
Lexus,IS 300 Base,2018,70891,Gasoline,260.0HP 3.5L V6 Cylinder Engine Gasoline Fuel,Transmission w/Dual Shift Mode,White,Black,None reported,Yes,28995.0,8,0.4090024262258083,7876.777777777777
Buick,Enclave Essence,2020,55403,Gasoline,310.0HP 3.6L V6 Cylinder Engine Gasoline Fuel,9-Speed A/T,Red,Gray,At least 1 accident or damage reported,Yes,29444.0,6,0.5314417731571728,7914.714285714285
BMW,M4 Competition xDrive,2022,3213,Gasoline,503.0HP 3.0L Straight 6 Cylinder Engine Gasoline Fuel,8-Speed A/T,Black,Red,None reported,Yes,89995.0,4,28.00093341630367,642.6
Pontiac,GTO Base,2005,142314,Gasoline,400.0HP 6.0L 8 Cylinder Engine Gasoline Fuel,6-Speed M/T,Red,Red,At least 1 accident or damage reported,Yes,21999.0,21,0.15457962969469136,6468.818181818182
Toyota,FJ Cruiser Base,2013,53000,Gasoline,260.0HP 4.0L V6 Cylinder Engine Gasoline Fuel,A/T,Blue,Black,None reported,Yes,36740.0,13,0.6931944680289052,3785.714285714286
Hyundai,Elantra SE,2014,120250,Gasoline,145.0HP 1.8L 4 Cylinder Engine Gasoline Fuel,A/T,Blue,Gray,None reported,Yes,7500.0,12,0.06236954370441826,9250.0
Porsche,Macan S,2015,72329,Gasoline,340.0HP 3.0L V6 Cylinder Engine Gasoline Fuel,7-Speed A/T,Silver,Black,None reported,Yes,29500.0,11,0.40785289644684086,6027.416666666667
Hummer,H3 Base,2007,153692,Gasoline,242.0HP 3.7L 5 Cylinder Engine Gasoline Fuel,4-Speed A/T,Beige,Black,None reported,Yes,9995.0,19,0.06503223959451634,7684.6
Tesla,Model 3 Long Range,2021,32670,Gasoline,Electric Motor Electric Fuel System,A/T,White,Black,None reported,Yes,37000.0,5,1.1325028312570782,5445.0
Ford,Transit-350 Base,2018,235000,Gasoline,275.0HP 3.7L V6 Cylinder Engine Gasoline Fuel,A/T,White,Gray,None reported,Yes,18000.0,8,0.07659541874289896,26111.11111111111
Rivian,R1T Launch Edition,2022,8681,Gasoline,835.0HP Electric Motor Electric Fuel System,A/T,Gray,Black,None reported,Yes,82000.0,4,9.444828380557475,1736.2
Audi,S4 3.0 Prestige,2012,98400,Gasoline,333.0HP 3.0L V6 Cylinder Engine Gasoline Fuel,7-Speed A/T,White,White,None reported,Yes,18000.0,14,0.18292497027469232,6560.0
Toyota,4Runner SR5 Premium,2023,1400,Gasoline,270.0HP 4.0L V6 Cylinder Engine Gasoline Fuel,A/T,White,Black,None reported,Yes,46500.0,3,33.190578158458244,350.0
Tesla,Model 3 Mid Range,2018,32000,Gasoline,271.0HP Electric Motor Electric Fuel System,A/T,Black,Black,None reported,Yes,29999.0,8,0.9374394550170307,3555.5555555555557
Mercedes-Benz,G-Class G 550 4MATIC,2021,75151,Gasoline,416.0HP 4.0L 8 Cylinder Engine Gasoline Fuel,A/T,Black,Black,None reported,Yes,130000.0,5,1.7298275494996807,12525.166666666666
Subaru,Legacy 2.5 GT spec.B,2008,94000,Gasoline,243.0HP 2.5L 4 Cylinder Engine Gasoline Fuel,6-Speed M/T,Gray,Blue,None reported,Yes,12500.0,18,0.13297730875203456,4947.368421052632
Mercedes-Benz,E-Class E 350,2014,67350,Gasoline,302.0HP 3.5L V6 Cylinder Engine Gasoline Fuel,7-Speed A/T,Silver,–,At least 1 accident or damage reported,Yes,18700.0,12,0.27764992353491413,5180.7692307692305
Mercedes-Benz,C-Class C 250 Sport,2014,70612,Gasoline,201.0HP 1.8L 4 Cylinder Engine Gasoline Fuel,7-Speed A/T,White,Beige,None reported,Yes,14500.0,12,0.2053446249274213,5431.692307692308
Toyota,Sienna XLE Limited,2007,112630,Gasoline,266.0HP 3.5L V6 Cylinder Engine Gasoline Fuel,5-Speed A/T,Silver,Gray,At least 1 accident or damage reported,Yes,11500.0,19,0.10210332856851133,5631.5
Dodge,Avenger SE,2014,124705,E85 Flex Fuel,283.0HP 3.6L V6 Cylinder Engine Flex Fuel Capability,A/T,Black,Black,None reported,Yes,6499.0,12,0.05211457347681747,9592.692307692309
BMW,M240 i,2018,61000,Gasoline,335.0HP 3.0L Straight 6 Cylinder Engine Gasoline Fuel,6-Speed M/T,Blue,Black,At least 1 accident or damage reported,Yes,34000.0,8,0.5573679120014426,6777.777777777777
RAM,3500 SLT,2017,157272,Diesel,350.0HP 6.7L Straight 6 Cylinder Engine Diesel Fuel,6-Speed A/T,White,Gray,At least 1 accident or damage reported,Yes,32999.0,9,0.20981986736439184,15727.2
Mercedes-Benz,GL-Class GL 450 4MATIC,2015,84000,Gasoline,362.0HP 3.0L V6 Cylinder Engine Gasoline Fuel,7-Speed A/T,Blue,Gray,None reported,Yes,20399.0,11,0.24284234711491529,7000.0
Jeep,Gladiator Rubicon,2020,27981,Gasoline,285.0HP 3.6L V6 Cylinder Engine Gasoline Fuel,A/T,Red,Black,None reported,Yes,47500.0,6,1.6975198341791151,3997.285714285714
Bentley,Continental GT Base,2009,18000,Gasoline,552.0HP 6.0L 12 Cylinder Engine Gasoline Fuel,A/T,Blue,Beige,None reported,Yes,63000.0,17,3.499805566357425,1000.0
Tesla,Model 3 Long Range,2019,27123,Gasoline,425.0HP Electric Motor Electric Fuel System,A/T,Red,Black,None reported,Yes,38200.0,7,1.4083468514968294,3390.375
Chevrolet,Corvette Stingray w/2LT,2021,3053,Gasoline,490.0HP 6.2L 8 Cylinder Engine Gasoline Fuel,Transmission w/Dual Shift Mode,Silver,Gray,None reported,Yes,83900.0,5,27.47216764898494,508.8333333333333
Audi,Q5 3.0T Premium Plus,2015,60251,Gasoline,272.0HP 3.0L V6 Cylinder Engine Gasoline Fuel,A/T,Black,Black,At least 1 accident or damage reported,Yes,19000.0,11,0.31534222930359157,5020.916666666667
Mazda,MX-5 Miata Club,2021,5093,Gasoline,181.0HP 2.0L 4 Cylinder Engine Gasoline Fuel,6-Speed M/T,Gray,Black,None reported,Yes,28000.0,5,5.496662740478995,848.8333333333334
Bentley,Bentayga W12 Signature,2018,31875,Gasoline,600.0HP 6.0L 12 Cylinder Engine Gasoline Fuel,8-Speed A/T,White,Black,None reported,Yes,115785.0,8,3.6323566319488014,3541.6666666666665
Mercedes-Benz,S-Class S500,2005,175722,Gasoline,302.0HP 5.0L 8 Cylinder Engine Gasoline Fuel,A/T,White,Beige,None reported,Yes,7000.0,21,0.03983542279610523,7987.363636363636
BMW,M6 Base,2015,17900,Gasoline,560.0HP 4.4L 8 Cylinder Engine Gasoline Fuel,Transmission w/Dual Shift Mode,Black,Black,None reported,Yes,59900.0,11,3.3461817775543268,1491.6666666666667
GMC,Yukon SLT,2015,142792,Gasoline,355.0HP 5.3L 8 Cylinder Engine Gasoline Fuel,6-Speed A/T,White,Brown,None reported,Yes,22999.0,11,0.16106531832792925,11899.333333333334
Toyota,Tundra Limited,2010,89400,Gasoline,381.0HP 5.7L 8 Cylinder Engine Gasoline Fuel,A/T,White,Gray,None reported,Yes,26900.0,16,0.30089148890952006,5258.823529411765
Chrysler,300C Base,2007,86000,Gasoline,340.0HP 5.7L 8 Cylinder Engine Gasoline Fuel,5-Speed A/T,Gray,Black,None reported,Yes,15000.0,19,0.17441657655143544,4300.0
smart,ForTwo Pure,2008,61595,Gasoline,70.0HP 1.0L 3 Cylinder Engine Gasoline Fuel,5-Speed A/T,Blue,Gray,None reported,Yes,5000.0,18,0.08117410221442951,3241.842105263158
Toyota,Tundra SR,2018,74000,E85 Flex Fuel,381.0HP 5.7L 8 Cylinder Engine Flex Fuel Capability,6-Speed A/T,Beige,Black,At least 1 accident or damage reported,Yes,38000.0,8,0.5135065742354833,8222.222222222223
Hummer,H2 Base,2004,130000,Gasoline,316.0HP 6.0L 8 Cylinder Engine Gasoline Fuel,4-Speed A/T,Black,Black,At least 1 accident or damage reported,Yes,16500.0,22,0.12692210059922615,5652.173913043478
BMW,ALPINA B7 Base,2015,86000,Gasoline,540.0HP 4.4L 8 Cylinder Engine Gasoline Fuel,8-Speed A/T,Black,White,At least 1 accident or damage reported,Yes,29000.0,11,0.3372053813327752,7166.666666666667
Land,Rover Range Rover Sport Supercharged,2008,140600,Gasoline,390.0HP 4.2L 8 Cylinder Engine Gasoline Fuel,6-Speed A/T,Red,Beige,None reported,Yes,7500.0,18,0.05334243710926665,7400.0
Audi,A4 2.0T Tech Premium,2018,27532,Gasoline,252.0HP 2.0L 4 Cylinder Engine Gasoline Fuel,7-Speed A/T,Gray,Black,None reported,Yes,27900.0,8,1.0133294591944213,3059.1111111111113
Ford,Focus SE,2017,91000,E85 Flex Fuel,160.0HP 2.0L 4 Cylinder Engine Flex Fuel Capability,6-Speed A/T,Gray,Black,None reported,Yes,12500.0,9,0.1373611278996934,9100.0
Mercedes-Benz,E-Class E 550 4MATIC,2014,63000,Gasoline,402.0HP 4.7L 8 Cylinder Engine Gasoline Fuel,7-Speed A/T,Silver,Black,None reported,Yes,28500.0,12,0.45237377184489136,4846.153846153846
Jeep,Wrangler Unlimited 4xe Sahara,2022,10500,Plug-In Hybrid,375.0HP 2.0L 4 Cylinder Engine Plug-In Electric/Gas,8-Speed A/T,Green,Beige,None reported,Yes,49999.0,4,4.761356061327493,2100.0
Mercedes-Benz,M-Class ML 350 4MATIC,2014,75073,E85 Flex Fuel,302.0HP 3.5L V6 Cylinder Engine Flex Fuel Capability,7-Speed A/T,Gray,Black,None reported,Yes,21500.0,12,0.28638410102032663,5774.846153846154
Jeep,Wrangler Sahara,2008,140000,Gasoline,202.0HP 3.8L V6 Cylinder Engine Gasoline Fuel,A/T,Silver,–,At least 1 accident or damage reported,Yes,9000.0,18,0.06428525510532068,7368.421052631579
Mercedes-Benz,A-Class A 220 4MATIC,2019,30300,Gasoline,188.0HP 2.0L 4 Cylinder Engine Gasoline Fuel,7-Speed A/T,Silver,Black,None reported,Yes,30500.0,7,1.0065674400184812,3787.5
Chevrolet,Malibu 1LT,2009,139000,Gasoline,169.0HP 2.4L 4 Cylinder Engine Gasoline Fuel,A/T,White,Black,None reported,Yes,4200.0,17,0.03021560995964058,7722.222222222223
Hummer,H3 Base,2006,118000,Gasoline,220.0HP 3.5L 5 Cylinder Engine Gasoline Fuel,A/T,Gray,Black,None reported,Yes,17900.0,20,0.15169362971500241,5619.047619047619
BMW,i8 Base,2015,51000,Plug-In Hybrid,357.0HP 1.5L 3 Cylinder Engine Plug-In Electric/Gas,Transmission w/Dual Shift Mode,Gray,Brown,None reported,Yes,53000.0,11,1.0391953098958844,4250.0
Cadillac,XLR Base,2009,69423,Gasoline,320.0HP 4.6L 8 Cylinder Engine Gasoline Fuel,A/T,Red,Beige,None reported,Yes,36500.0,17,0.525754782207882,3856.8333333333335
Lincoln,MKZ Select,2017,52284,Gasoline,240.0HP 2.0L 4 Cylinder Engine Gasoline Fuel,6-Speed A/T,Blue,Beige,At least 1 accident or damage reported,Yes,12500.0,9,0.2390743042937745,5228.4
Chevrolet,Silverado 1500 W/T,2006,111228,Gasoline,195.0HP 4.3L V6 Cylinder Engine Gasoline Fuel,A/T,Blue,Gray,At least 1 accident or damage reported,Yes,4000.0,20,0.03596184448300353,5296.571428571428
Land,Rover Range Rover Sport HSE,2019,52300,Gasoline,340.0HP 3.0L V6 Cylinder Engine Gasoline Fuel,Transmission w/Dual Shift Mode,Black,Black,None reported,Yes,49900.0,7,0.9540926559721612,6537.5
Nissan,Titan SL,2021,95993,Gasoline,5.6L V8 32V GDI DOHC,9-Speed Automatic,White,Black,None reported,Yes,32612.0,5,0.3397295664312353,15998.833333333334
Kia,Telluride SX,2022,26716,Gasoline,"LAMBDA II 3.8L V-6 gasoline direct injection, DOHC, D-CVVT varia",Automatic,Dark Moss,Black,None reported,Yes,47541.0,4,1.7794288280869859,5343.2
Chevrolet,Tahoe RST,2023,39517,Gasoline,5.3L V8 16V GDI OHV,10-Speed Automatic,Black,Jet Black,At least 1 accident or damage reported,Yes,67190.0,3,1.7002378662887798,9879.25
Ford,Mustang GT Premium,2019,31600,Gasoline,460.0HP 5.0L 8 Cylinder Engine Gasoline Fuel,6-Speed M/T,Blue,Gray,None reported,Yes,41000.0,7,1.297427296604538,3950.0
BMW,330 i,2017,83298,Gasoline,248.0HP 2.0L 4 Cylinder Engine Gasoline Fuel,A/T,Black,Black,None reported,Yes,18300.0,9,0.21969051249114635,8329.8
Land,Rover Range Rover Sport 3.0L Supercharged HSE,2017,95212,Gasoline,340.0HP 3.0L V6 Cylinder Engine Gasoline Fuel,8-Speed A/T,Brown,Beige,None reported,Yes,31599.0,9,0.33187694957621333,9521.2
Porsche,911 Carrera,2010,61600,Gasoline,345.0HP 3.6L Flat 6 Cylinder Engine Gasoline Fuel,7-Speed A/T,Black,Black,None reported,Yes,51750.0,16,0.8400837648739469,3623.529411764706
INFINITI,QX56 Base,2011,130921,Gasoline,400.0HP 5.6L 8 Cylinder Engine Gasoline Fuel,Transmission Overdrive Switch,White,Beige,None reported,Yes,12000.0,15,0.09165762820610746,8182.5625
RAM,2500 Tradesman,2020,41000,Gasoline,410.0HP 6.4L 8 Cylinder Engine Gasoline Fuel,8-Speed A/T,White,Gray,None reported,Yes,45515.0,6,1.1100948757347382,5857.142857142857
BMW,840 i xDrive,2024,1500,Gasoline,335.0HP 3.0L Straight 6 Cylinder Engine Gasoline Fuel,A/T,Gray,Brown,None reported,Yes,90000.0,2,59.96002664890073,500.0
MINI,Clubman Cooper S ALL4,2017,79950,Gasoline,189.0HP 2.0L 4 Cylinder Engine Gasoline Fuel,A/T,Blue,Black,None reported,Yes,17390.0,9,0.21750822378706958,7995.0
Cadillac,Escalade ESV Premium Luxury Platinum,2021,31500,Gasoline,420.0HP 6.2L 8 Cylinder Engine Gasoline Fuel,A/T,White,Beige,None reported,Yes,95000.0,5,3.015777276911844,5250.0
Audi,R8 5.2 V10 plus,2017,61000,Gasoline,610.0HP 5.2L 10 Cylinder Engine Gasoline Fuel,Transmission w/Dual Shift Mode,Gray,Black,None reported,Yes,140000.0,9,2.295044343535352,6100.0
RAM,2500 Big Horn,2021,45867,Gasoline,6.4L V8 16V MPFI OHV,Automatic,Billet Silver Metallic Clearcoat,Diesel Gray / Black,None reported,Yes,43449.0,5,0.9472617075085027,7644.5
Porsche,911 Carrera 4,2014,22700,Gasoline,350.0HP 3.4L Flat 6 Cylinder Engine Gasoline Fuel,7-Speed M/T,Silver,Black,At least 1 accident or damage reported,Yes,85500.0,12,3.766353905114312,1746.1538461538462
Bentley,Continental GT Base,2009,43000,Gasoline,552.0HP 6.0L 12 Cylinder Engine Gasoline Fuel,A/T,Black,Black,None reported,Yes,48500.0,17,1.127880746959373,2388.8888888888887
Toyota,Tundra SR5,2015,99000,Gasoline,310.0HP 4.6L 8 Cylinder Engine Gasoline Fuel,6-Speed A/T,Gray,Gray,None reported,Yes,27000.0,11,0.2727245179341623,8250.0
Toyota,4Runner SR5,2006,135000,Gasoline,236.0HP 4.0L V6 Cylinder Engine Gasoline Fuel,A/T,White,Gray,None reported,Yes,16900.0,20,0.12518425789438598,6428.571428571428
Cadillac,CTS 2.0L Turbo Luxury,2019,46000,Gasoline,265.0HP 2.0L 4 Cylinder Engine Gasoline Fuel,8-Speed A/T,Black,Beige,At least 1 accident or damage reported,Yes,29000.0,7,0.6304210778026564,5750.0
Ford,Focus SE,2014,79615,Gasoline,2.0L I4 16V GDI DOHC,6-Speed Automatic with Auto-Shift,Black,Charcoal Black,None reported,Yes,10995.0,12,0.13810038183279744,6124.2307692307695
BMW,M5 Base,2021,13250,Gasoline,4.4L V8 32V GDI DOHC Twin Turbo,8-Speed Automatic,Alpine White,Aragon Brown,None reported,Yes,86900.0,5,6.557995622971851,2208.3333333333335
Land,Rover Range Rover 3.0L V6 Supercharged HSE,2019,41200,Gasoline,380.0HP 3.0L V6 Cylinder Engine Gasoline Fuel,Transmission w/Dual Shift Mode,Black,Black,None reported,Yes,60500.0,7,1.4684109608990072,5150.0
Cadillac,Escalade ESV Luxury,2016,116500,Gasoline,420.0HP 6.2L 8 Cylinder Engine Gasoline Fuel,8-Speed A/T,Black,Brown,At least 1 accident or damage reported,Yes,30500.0,10,0.2618003278941812,10590.90909090909
Chevrolet,Corvette Z06,2018,24059,Gasoline,650.0HP 6.2L 8 Cylinder Engine Gasoline Fuel,8-Speed A/T,Gray,Black,None reported,Yes,87150.0,8,3.6221945137157108,2673.222222222222
Audi,Q5 2.0T Premium Plus,2015,118500,E85 Flex Fuel,220.0HP 2.0L 4 Cylinder Engine Flex Fuel Capability,A/T,Silver,Black,At least 1 accident or damage reported,Yes,15400.0,11,0.1299567092260825,9875.0
BMW,ALPINA B7 ALPINA B7 xDrive,2020,15097,Gasoline,4.4 Liter Twin Turbo,Automatic,Frozen Dark Silver Metallic,Black,None reported,Yes,99998.0,6,6.623261359120414,2156.714285714286
Maserati,Ghibli S Q4,2018,20000,Gasoline,424.0HP 3.0L V6 Cylinder Engine Gasoline Fuel,A/T,White,Brown,None reported,Yes,43000.0,8,2.1498925053747313,2222.222222222222
BMW,228 Gran Coupe i xDrive,2020,10426,Gasoline,2.0 Liter Turbo,Automatic,Black Sapphire Metallic,Oyster/Black,None reported,Yes,30798.0,6,2.9536779514721396,1489.4285714285713
Ford,Expedition Limited,2023,9500,Gasoline,400.0HP 3.5L V6 Cylinder Engine Gasoline Fuel,10-Speed A/T,Black,Red,At least 1 accident or damage reported,Yes,63500.0,3,6.683506999263235,2375.0
Nissan,Frontier SE Crew Cab,2006,134000,Gasoline,265.0HP 4.0L V6 Cylinder Engine Gasoline Fuel,A/T,Gray,Gray,At least 1 accident or damage reported,Yes,8500.0,20,0.06343236244505639,6380.952380952381
Subaru,BRZ Limited,2022,10500,Gasoline,228.0HP 2.4L 4 Cylinder Engine Gasoline Fuel,Transmission w/Dual Shift Mode,Gray,–,None reported,Yes,32500.0,4,3.094943338729645,2100.0
Chevrolet,Malibu LT,2018,53100,Gasoline,160.0HP 1.5L 4 Cylinder Engine Gasoline Fuel,6-Speed A/T,Red,Black,None reported,Yes,17500.0,8,0.3295606485753564,5900.0
Ford,Focus SEL,2017,80134,E85 Flex Fuel,2.0L I4 16V GDI DOHC Flexible Fuel,6-Speed Automatic with Auto-Shift,White,Charcoal Black,None reported,Yes,13895.0,9,0.17339489611280964,8013.4
Nissan,Rogue Sport S,2021,24000,Gasoline,141.0HP 2.0L 4 Cylinder Engine Gasoline Fuel,A/T,Gray,Black,None reported,Yes,25500.0,5,1.062455731011208,4000.0
Volvo,C70 T5,2006,61000,Gasoline,218.0HP 2.5L 5 Cylinder Engine Gasoline Fuel,6-Speed M/T,Blue,Beige,None reported,Yes,10299.0,20,0.16883329781478992,2904.7619047619046
Lincoln,Nautilus Reserve,2021,19700,Gasoline,335.0HP 2.7L V6 Cylinder Engine Gasoline Fuel,A/T,White,Beige,None reported,Yes,48000.0,5,2.4364245469773107,3283.3333333333335
Mercedes-Benz,AMG GT Base,2018,28182,Gasoline,469.0HP 4.0L 8 Cylinder Engine Gasoline Fuel,7-Speed A/T,White,Brown,At least 1 accident or damage reported,Yes,84500.0,8,2.998261363233155,3131.3333333333335
Ford,Mustang EcoBoost Premium,2017,59500,Gasoline,310.0HP 2.3L 4 Cylinder Engine Gasoline Fuel,A/T,Black,Black,At least 1 accident or damage reported,Yes,21000.0,9,0.3529352447858019,5950.0
GMC,Yukon SLT,2018,85500,Gasoline,355.0HP 5.3L 8 Cylinder Engine Gasoline Fuel,A/T,Black,Black,At least 1 accident or damage reported,Yes,35899.0,8,0.4198664343107098,9500.0
RAM,2500 Big Horn,2020,51000,Gasoline,410.0HP 6.4L 8 Cylinder Engine Gasoline Fuel,6-Speed A/T,Red,Black,None reported,Yes,44900.0,6,0.8803748946099096,7285.714285714285
Tesla,Model Y Performance,2021,17500,Gasoline,455.0HP Electric Motor Electric Fuel System,A/T,Gray,White,None reported,Yes,45000.0,5,2.571281641049083,2916.6666666666665
Lexus,ES 350 Base,2011,132000,Gasoline,272.0HP 3.5L V6 Cylinder Engine Gasoline Fuel,A/T,Black,Beige,None reported,Yes,9999.0,15,0.07574942614071105,8250.0
Jeep,Wrangler Rubicon Hard Rock,2016,67882,Gasoline,3.6 Liter,Automatic,White,Black,None reported,Yes,32798.0,10,0.4831548399451998,6171.090909090909
Volvo,XC90 T6 Momentum,2018,62000,Gasoline,316.0HP 2.0L 4 Cylinder Engine Gasoline Fuel,8-Speed A/T,Silver,Black,None reported,Yes,30500.0,8,0.4919275495556523,6888.888888888889
Porsche,911 R,2016,12454,Gasoline,500.0HP 4.0L Flat 6 Cylinder Engine Gasoline Fuel,6-Speed M/T,Purple,Black,None reported,Yes,210000.0,10,16.86069851465275,1132.1818181818182
BMW,M6 Gran Coupe Base,2017,27965,Gasoline,560.0HP 4.4L 8 Cylinder Engine Gasoline Fuel,7-Speed A/T,Green,Black,None reported,Yes,58000.0,9,2.073946935564614,2796.5
Cadillac,Escalade ESV Platinum Edition,2013,119000,E85 Flex Fuel,403.0HP 6.2L 8 Cylinder Engine Flex Fuel Capability,A/T,Black,Black,None reported,Yes,20500.0,13,0.17226745993731146,8500.0
BMW,X5 xDrive35i,2018,48000,Gasoline,300.0HP 3.0L Straight 6 Cylinder Engine Gasoline Fuel,8-Speed A/T,Black,Black,None reported,Yes,32000.0,8,0.6666527780671236,5333.333333333333
BMW,X5 xDrive40i,2020,5541,Gasoline,3.0 Liter Turbo,Automatic,White,Black,None reported,Yes,56598.0,6,10.212558643089137,791.5714285714286
Mitsubishi,Outlander SEL,2018,29000,Gasoline,166.0HP 2.4L 4 Cylinder Engine Gasoline Fuel,A/T,Red,Beige,None reported,Yes,19500.0,8,0.6723906072204406,3222.222222222222
Dodge,Ram 1500 ST,2010,131100,E85 Flex Fuel,310.0HP 4.7L 8 Cylinder Engine Flex Fuel Capability,A/T,White,Gray,At least 1 accident or damage reported,Yes,12995.0,16,0.09912205093782656,7711.764705882353
Subaru,Impreza 2.0i,2015,102242,Gasoline,"2L H-4 DOHC, variable valve control, regular unleaded, engine wi",Manual,Quartz Blue Pearl,Black,At least 1 accident or damage reported,Yes,11498.0,11,0.11245757655780836,8520.166666666666
Mercedes-Benz,Maybach S S 600,2016,18069,Gasoline,523.0HP 6.0L 12 Cylinder Engine Gasoline Fuel,7-Speed A/T,Black,Black,None reported,Yes,79999.0,10,4.427172108467072,1642.6363636363637
Kia,Sportage LX,2023,13000,Gasoline,187.0HP 2.5L 4 Cylinder Engine Gasoline Fuel,A/T,White,Black,None reported,Yes,31900.0,3,2.453657410968387,3250.0
Porsche,911 Turbo Cabriolet,2008,51000,Gasoline,480.0HP 3.6L Flat 6 Cylinder Engine Gasoline Fuel,Transmission w/Dual Shift Mode,Silver,Black,At least 1 accident or damage reported,Yes,69500.0,18,1.3627183780710181,2684.2105263157896
Hummer,H3 Base,2007,137333,Gasoline,242.0HP 3.7L 5 Cylinder Engine Gasoline Fuel,4-Speed A/T,Blue,Black,At least 1 accident or damage reported,Yes,10000.0,19,0.07281518050883248,6866.65
Buick,LaCrosse Leather,2014,125559,Gasoline,304.0HP 3.6L V6 Cylinder Engine Gasoline Fuel,A/T,White,Beige,At least 1 accident or damage reported,Yes,11200.0,12,0.08920038228735266,9658.384615384615
Chevrolet,Silverado 1500 High Country,2020,88161,Gasoline,6.2L V8 16V GDI OHV,Automatic,Iridescent Pearl Tricoat,Jet Black,At least 1 accident or damage reported,Yes,48889.0,6,0.5545359678773167,12594.42857142857
Toyota,4Runner SR5,2016,101900,Gasoline,270.0HP 4.0L V6 Cylinder Engine Gasoline Fuel,5-Speed A/T,Black,Black,None reported,Yes,29000.0,10,0.2845899451428347,9263.636363636364
Cadillac,Escalade ESV Luxury,2015,159500,Gasoline,420.0HP 6.2L 8 Cylinder Engine Gasoline Fuel,6-Speed A/T,Black,Black,At least 1 accident or damage reported,Yes,18800.0,11,0.1178675995761782,13291.666666666666
Subaru,Legacy 2.5i Premium,2015,68860,Gasoline,175.0HP 2.5L 4 Cylinder Engine Gasoline Fuel,CVT Transmission,Silver,Beige,At least 1 accident or damage reported,Yes,15000.0,11,0.21783012154920783,5738.333333333333
Tesla,Model 3 Long Range,2018,43000,Gasoline,271.0HP Electric Motor Electric Fuel System,1-Speed A/T,Red,Black,At least 1 accident or damage reported,Yes,30499.0,8,0.7092625752889468,4777.777777777777
Ford,Expedition EL XLT,2017,182000,Gasoline,365.0HP 3.5L V6 Cylinder Engine Gasoline Fuel,A/T,Black,Black,At least 1 accident or damage reported,Yes,16500.0,9,0.09065884253383223,18200.0
Tesla,Model Y Long Range,2022,21404,Gasoline,425.0HP Electric Motor Electric Fuel System,A/T,White,White,None reported,Yes,49500.0,4,2.312543798177996,4280.8
Ford,Expedition EL Limited,2017,81000,Gasoline,365.0HP 3.5L V6 Cylinder Engine Gasoline Fuel,Transmission w/Dual Shift Mode,Black,Black,None reported,Yes,27000.0,9,0.33332921815780053,8100.0
Chevrolet,Silverado 1500 LTZ,2021,62257,Gasoline,5.3L V8 16V GDI OHV,8-Speed Automatic,Satin Steel Metallic,Gideon,None reported,Yes,42590.0,5,0.6840887918018568,10376.166666666666
BMW,X5 xDrive40e,2016,91798,Hybrid,Electric,Automatic,Alpine White,Black,None reported,Yes,22998.0,10,0.2505256048540834,8345.272727272728
BMW,335 is,2011,82000,Gasoline,320.0HP 3.0L Straight 6 Cylinder Engine Gasoline Fuel,7-Speed A/T,Gray,Black,At least 1 accident or damage reported,Yes,20000.0,15,0.2438994646406751,5125.0
Ford,F-150 XLT,2012,207100,Gasoline,365.0HP 3.5L V6 Cylinder Engine Gasoline Fuel,6-Speed A/T,Black,Gray,At least 1 accident or damage reported,Yes,15000.0,14,0.07242842864109782,13806.666666666666
Land,Rover Range Rover Sport P400 SE Dynamic,2023,450,Hybrid,395.0HP 3.0L Straight 6 Cylinder Engine Gasoline/Mild Electric Hybrid,8-Speed A/T,Blue,Black,None reported,Yes,124000.0,3,274.94456762749445,112.5
Porsche,Panamera Edition,2016,77945,Gasoline,310.0HP 3.6L V6 Cylinder Engine Gasoline Fuel,A/T,Blue,Beige,At least 1 accident or damage reported,Yes,30000.0,10,0.38488184127472863,7085.909090909091
Kia,Sorento Plug-In Hybrid SX,2022,15583,Hybrid,1.6L I4 16V GDI DOHC Turbo Hybrid,6-Speed Automatic,Aurora Black,Gray,None reported,Yes,40599.0,4,2.6051719712525667,3116.6
BMW,M240 i,2017,37100,Gasoline,335.0HP 3.0L Straight 6 Cylinder Engine Gasoline Fuel,8-Speed A/T,White,Black,At least 1 accident or damage reported,Yes,26125.0,9,0.7041589175493922,3710.0
Maserati,Quattroporte Base,2006,51000,Gasoline,394.0HP 4.2L 8 Cylinder Engine Gasoline Fuel,Transmission w/Dual Shift Mode,Blue,Beige,At least 1 accident or damage reported,Yes,18000.0,20,0.35293425619105506,2428.5714285714284
Ford,F-150 XLT,2017,94000,Gasoline,325.0HP 2.7L V6 Cylinder Engine Gasoline Fuel,6-Speed A/T,White,Black,None reported,Yes,26000.0,9,0.2765928022042319,9400.0
Land,Rover Discovery S,2003,121886,Gasoline,217.0HP 4.6L 8 Cylinder Engine Gasoline Fuel,A/T,White,Beige,At least 1 accident or damage reported,Yes,6000.0,23,0.04922592237072042,5078.583333333333
Ford,F-250 XLT Crew Cab Super Duty,2008,157500,Gasoline,300.0HP 5.4L 8 Cylinder Engine Gasoline Fuel,5-Speed A/T,Green,Gray,At least 1 accident or damage reported,Yes,15000.0,18,0.09523749055561552,8289.473684210527
Ford,Taurus SHO,2014,138415,Gasoline,365.0HP 3.5L V6 Cylinder Engine Gasoline Fuel,A/T,Silver,Black,At least 1 accident or damage reported,Yes,15500.0,12,0.11198127384117443,10647.307692307691
Land,Rover Range Rover Sport HSE,2012,110000,Gasoline,375.0HP 5.0L 8 Cylinder Engine Gasoline Fuel,A/T,Silver,Black,None reported,Yes,10200.0,14,0.09272642975972946,7333.333333333333
Cadillac,Escalade Sport,2023,8532,Diesel,3.0L I6 24V DDI DOHC Turbo Diesel,10-Speed Automatic with Overdrive,Black Raven,Jet Black,None reported,Yes,109900.0,3,12.87940935192781,2133.0
GMC,Sierra 1500 SLT,2021,12941,Gasoline,355.0HP 5.3L 8 Cylinder Engine Gasoline Fuel,A/T,White,Black,At least 1 accident or damage reported,Yes,51500.0,5,3.979292226858291,2156.8333333333335
BMW,335 i xDrive,2009,69764,Gasoline,300.0HP 3.0L Straight 6 Cylinder Engine Gasoline Fuel,6-Speed M/T,Black,Black,None reported,Yes,19500.0,17,0.27950978284239947,3875.777777777778
Porsche,911 Carrera 4S,2003,90000,Gasoline,315.0HP 3.6L Flat 6 Cylinder Engine Gasoline Fuel,6-Speed M/T,Silver,Black,None reported,Yes,24000.0,23,0.2666637037366251,3750.0
Audi,Q5 S line Premium,2022,8193,Hybrid,2.0 Liter TFSI,Automatic,Florett Silver,Black,None reported,Yes,42598.0,4,5.198681962411521,1638.6
Lexus,RX 350 F Sport Performance,2020,43277,Gasoline,3.5L V6 24V PDI DOHC,8-Speed Automatic,Caviar,Black,None reported,Yes,43599.0,6,1.0074171634548732,6182.428571428572
Audi,S4 3.0T Premium Plus,2018,26500,Gasoline,354.0HP 3.0L V6 Cylinder Engine Gasoline Fuel,8-Speed A/T,Gray,Black,At least 1 accident or damage reported,Yes,38000.0,8,1.4339081544092676,2944.4444444444443
Chevrolet,Silverado 1500 LT,2019,36021,Gasoline,2.7L I4 16V GDI DOHC Turbo,Automatic,Cajun Red Tintcoat,Jet Black,None reported,Yes,35670.0,7,0.9902281938815168,4502.625
Chevrolet,Colorado Z71,2019,25462,Gasoline,3.6L V6 24V GDI DOHC,Automatic,Shadow Gray Metallic,Jet Black,None reported,Yes,36139.0,7,1.4192750265090524,3182.75
Audi,A5 2.0T Prestige,2018,35850,Gasoline,252.0HP 2.0L 4 Cylinder Engine Gasoline Fuel,7-Speed A/T,White,Black,None reported,Yes,33000.0,8,0.920476416278486,3983.3333333333335
Mazda,Mazda3 s Sport,2008,77700,Gasoline,156.0HP 2.3L 4 Cylinder Engine Gasoline Fuel,5-Speed M/T,Red,Black,None reported,Yes,6300.0,18,0.08108003757995393,4089.4736842105262
Jaguar,E-PACE 300 Sport,2021,23600,Hybrid,296.0HP 2.0L 4 Cylinder Engine Gasoline/Mild Electric Hybrid,9-Speed A/T,Black,Black,None reported,Yes,42999.0,5,1.8219143256641668,3933.3333333333335
Ferrari,GTC4Lusso T,2019,8870,Gasoline,3.9L V8 32V GDI DOHC Twin Turbo,7-Speed DCT Automatic,Nero Daytona,–,None reported,Yes,215000.0,7,24.23627550445271,1108.75
Ford,Excursion Limited 4WD,2003,245000,Diesel,325.0HP 6.0L 8 Cylinder Engine Diesel Fuel,A/T,Black,Beige,At least 1 accident or damage reported,Yes,17999.0,23,0.07346500626528055,10208.333333333334
Porsche,718 Spyder Base,2022,4700,Gasoline,414.0HP 4.0L Flat 6 Cylinder Engine Gasoline Fuel,6-Speed M/T,White,Black,None reported,Yes,134000.0,4,28.504573495001065,940.0
Subaru,WRX STI Base,2016,84100,Gasoline,305.0HP 2.5L 4 Cylinder Engine Gasoline Fuel,M/T,Gray,Black,None reported,Yes,34000.0,10,0.4042758112269771,7645.454545454545
Audi,A6 45 Premium Plus,2021,33000,Hybrid,248.0HP 2.0L 4 Cylinder Engine Gasoline/Mild Electric Hybrid,A/T,Black,Black,None reported,Yes,40000.0,5,1.2120844822884156,5500.0
Tesla,Model S P100D,2018,10065,Gasoline,Electric,1-Speed Automatic,Red Multi,White,None reported,Yes,59999.0,8,5.960560302006756,1118.3333333333333
Mercedes-Benz,AMG GT R,2018,3811,Gasoline,577.0HP 4.0L 8 Cylinder Engine Gasoline Fuel,7-Speed A/T,Black,Black,None reported,Yes,148500.0,8,38.95592864637985,423.44444444444446
Acura,RDX PMC Edition,2021,44457,Gasoline,2.0 Liter Turbo,2,Majestic Black Pearl,Ebony,None reported,Yes,40598.0,5,0.9131764811732421,7409.5
Audi,S4 3.0T Premium Plus,2013,139355,Gasoline,333.0HP 3.0L V6 Cylinder Engine Gasoline Fuel,7-Speed A/T,Black,Black,None reported,Yes,20900.0,13,0.14997560205516805,9953.92857142857
Lotus,Evora Base,2010,9100,Gasoline,276.0HP 3.5L V6 Cylinder Engine Gasoline Fuel,6-Speed M/T,Black,White,None reported,Yes,55000.0,16,6.043291945940006,535.2941176470588
Mercedes-Benz,S-Class S 560 4MATIC,2019,10500,Gasoline,463.0HP 4.0L 8 Cylinder Engine Gasoline Fuel,9-Speed A/T,Silver,Brown,None reported,Yes,77900.0,7,7.418341110370441,1312.5
Chevrolet,Silverado 1500 RST,2023,5006,Gasoline,5.3L V8 16V GDI OHV,10-Speed Automatic,Dark Ash Metallic,Black,None reported,Yes,59590.0,3,11.901338126622727,1251.5
Hyundai,Genesis Coupe 2.0T R-Spec,2013,55000,Gasoline,260.0HP 2.0L 4 Cylinder Engine Gasoline Fuel,6-Speed M/T,White,Red,None reported,Yes,18000.0,13,0.3272667769676915,3928.5714285714284
BMW,M3 Competition,2021,33500,Gasoline,503.0HP 3.0L Straight 6 Cylinder Engine Gasoline Fuel,8-Speed A/T,Gray,Black,None reported,Yes,71000.0,5,2.119339721202352,5583.333333333333
BMW,435 i,2014,126500,Gasoline,300.0HP 3.0L Straight 6 Cylinder Engine Gasoline Fuel,A/T,White,Black,None reported,Yes,15000.0,12,0.1185761377380416,9730.76923076923
Land,Rover Range Rover Evoque HSE Dynamic,2016,79000,Gasoline,240.0HP 2.0L 4 Cylinder Engine Gasoline Fuel,9-Speed A/T,Red,Red,None reported,Yes,24000.0,10,0.30379362286553335,7181.818181818182
Porsche,911 Targa 4 GTS,2018,19000,Gasoline,450.0HP 3.0L Flat 6 Cylinder Engine Gasoline Fuel,7-Speed A/T,Gray,Black,None reported,Yes,145000.0,8,7.6311773064575545,2111.1111111111113
RAM,3500 Tradesman,2021,57000,Diesel,400.0HP 6.7L Straight 6 Cylinder Engine Diesel Fuel,6-Speed A/T,Blue,Gray,None reported,Yes,52000.0,5,0.912264697110577,9500.0
BMW,X5 xDrive40i,2020,4880,Gasoline,3.0 Liter Turbo,Automatic,White,Black,None reported,Yes,57998.0,6,11.88240114730588,697.1428571428571
Acura,NSX Base,2018,6523,Hybrid,3.5L V6 24V PDI DOHC Twin Turbo Hybrid,9-Speed Automatic with Auto-Shift,White,Ebony,None reported,Yes,143900.0,8,22.0570202329859,724.7777777777778
Mercedes-Benz,SL-Class SL500 Roadster,2005,127000,Gasoline,302.0HP 5.0L 8 Cylinder Engine Gasoline Fuel,7-Speed A/T,White,Beige,None reported,Yes,14000.0,21,0.11023535247753954,5772.727272727273
Buick,Enclave Avenir,2021,31181,Gasoline,3.6L V6 24V GDI DOHC,9-Speed Automatic,Rich Garnet Metallic,Chestnut,At least 1 accident or damage reported,Yes,42442.0,5,1.3611057661471362,5196.833333333333
Lexus,NX 300h Base,2020,16425,Hybrid,2.5L I4 16V MPFI DOHC Hybrid,Automatic CVT,Gray,Black,At least 1 accident or damage reported,Yes,33200.0,6,2.0211859247534396,2346.4285714285716
Lexus,RX 350 RX 350 F SPORT Handling,2022,11238,Gasoline,3.5 Liter DOHC,Automatic,Atomic Silver,Black,None reported,Yes,54798.0,4,4.875700685114334,2247.6
Chevrolet,Avalanche 1500 LS,2005,97146,E85 Flex Fuel,295.0HP 5.3L 8 Cylinder Engine Flex Fuel Capability,Transmission Overdrive Switch,Black,Gray,At least 1 accident or damage reported,Yes,7999.0,21,0.08233913553686681,4415.727272727273
Mercedes-Benz,SL-Class SL400,2015,36670,Gasoline,3.0 Liter,Automatic,White,Tan,None reported,Yes,39998.0,11,1.0907256415150937,3055.8333333333335
Chevrolet,Suburban Premier,2019,44800,Gasoline,420.0HP 6.2L 8 Cylinder Engine Gasoline Fuel,6-Speed A/T,Black,Black,None reported,Yes,52500.0,7,1.171848842659762,5600.0
Ford,Transit-350 Base,2015,150000,Gasoline,310.0HP 3.5L V6 Cylinder Engine Gasoline Fuel,A/T,Black,Gray,At least 1 accident or damage reported,Yes,17100.0,11,0.11399924000506663,12500.0
INFINITI,QX60 Luxe,2020,38400,Gasoline,295.0HP 3.5L V6 Cylinder Engine Gasoline Fuel,A/T,Blue,Beige,None reported,Yes,32100.0,6,0.8359157313611625,5485.714285714285
Bentley,Continental GTC Base,2008,7960,Gasoline,552.0HP 6.0L 12 Cylinder Engine Gasoline Fuel,6-Speed A/T,White,White,None reported,Yes,81500.0,18,10.23740736088431,418.94736842105266
Nissan,350Z Enthusiast,2007,117000,Gasoline,306.0HP 3.5L V6 Cylinder Engine Gasoline Fuel,A/T,Silver,Black,At least 1 accident or damage reported,Yes,9975.0,19,0.08525568157537115,5850.0
Rivian,R1S Adventure Package,2023,159,Gasoline,533.0HP Electric Motor Electric Fuel System,A/T,White,Black,None reported,Yes,95500.0,3,596.875,39.75
McLaren,570S Base,2017,30200,Gasoline,562.0HP 3.8L 8 Cylinder Engine Gasoline Fuel,Transmission w/Dual Shift Mode,Orange,Black,None reported,Yes,139000.0,9,4.602496606072647,3020.0
Nissan,Altima 2.5 SL,2012,91545,Gasoline,175.0HP 2.5L 4 Cylinder Engine Gasoline Fuel,CVT Transmission,Silver,Black,None reported,Yes,8999.0,14,0.09830030804185874,6103.0
Land,Rover Range Rover 5.0L Supercharged,2015,110000,E85 Flex Fuel,510.0HP 5.0L 8 Cylinder Engine Flex Fuel Capability,A/T,Black,–,At least 1 accident or damage reported,Yes,26499.0,11,0.2408978100199089,9166.666666666666
BMW,X5 xDrive35i,2017,105100,Gasoline,300.0HP 3.0L Straight 6 Cylinder Engine Gasoline Fuel,8-Speed A/T,Gray,Black,At least 1 accident or damage reported,Yes,23300.0,9,0.2216915157800592,10510.0
INFINITI,QX56 Base,2012,110000,Gasoline,400.0HP 5.6L 8 Cylinder Engine Gasoline Fuel,Transmission w/Dual Shift Mode,White,Beige,None reported,Yes,15600.0,14,0.14181689257370386,7333.333333333333
Ford,F-150 XLT,2019,81778,Gasoline,3.5L V6 24V PDI DOHC Twin Turbo,Automatic,Black,Medium Earth Gray,None reported,Yes,32769.0,7,0.4007018916836841,10222.25
Lexus,RX 450h Base,2010,168422,Hybrid,245.0HP 3.5L V6 Cylinder Engine Gas/Electric Hybrid,A/T,Black,Beige,At least 1 accident or damage reported,Yes,10900.0,16,0.06471800169810536,9907.176470588236
Maserati,Ghibli S Q4 GranSport,2018,80500,Gasoline,424.0HP 3.0L V6 Cylinder Engine Gasoline Fuel,8-Speed A/T,Black,Black,None reported,Yes,34900.0,8,0.43353498714301686,8944.444444444445
Volvo,XC90 T6 Momentum,2018,81200,Gasoline,316.0HP 2.0L 4 Cylinder Engine Gasoline Fuel,8-Speed A/T,Black,Black,At least 1 accident or damage reported,Yes,28825.0,8,0.35498331301338654,9022.222222222223
Lamborghini,Huracan EVO Base,2020,6246,Gasoline,5.2L V10 40V GDI DOHC,7-Speed Automatic with Auto-Shift,Nero Noctis,Nero Ade,None reported,Yes,267950.0,6,42.89258844245238,892.2857142857143
Jeep,Wrangler Unlimited Rubicon,2017,20172,Gasoline,285.0HP 3.6L V6 Cylinder Engine Gasoline Fuel,Transmission w/Dual Shift Mode,Gray,Black,None reported,Yes,47500.0,9,2.354632429484955,2017.2
Hummer,H2 Base,2005,145000,Gasoline,325.0HP 6.0L 8 Cylinder Engine Gasoline Fuel,4-Speed A/T,Green,Black,None reported,Yes,22500.0,21,0.1551713436459059,6590.909090909091
Ford,Flex Limited,2009,162000,Gasoline,262.0HP 3.5L V6 Cylinder Engine Gasoline Fuel,6-Speed A/T,Gray,Black,At least 1 accident or damage reported,Yes,7500.0,17,0.04629601051845359,9000.0
Porsche,718 Cayman GT4,2020,13554,Gasoline,414.0HP 4.0L Flat 6 Cylinder Engine Gasoline Fuel,6-Speed M/T,Blue,Black,None reported,Yes,124995.0,6,9.221320545924014,1936.2857142857142
Toyota,Camry XLE,2007,59700,Gasoline,268.0HP 3.5L V6 Cylinder Engine Gasoline Fuel,6-Speed A/T,Green,Gray,None reported,Yes,9500.0,19,0.15912631279208053,2985.0
Mercedes-Benz,A-Class A 220 4MATIC,2020,30930,Gasoline,2.0L I4 16V GDI DOHC Turbo,7-Speed Automatic with Auto-Shift,Midnight Black,Black,None reported,Yes,28900.0,6,0.934337719440044,4418.571428571428
BMW,335 i,2009,51983,Gasoline,300.0HP 3.0L Straight 6 Cylinder Engine Gasoline Fuel,6-Speed M/T,Gray,White,None reported,Yes,19999.0,17,0.3847145275469375,2887.9444444444443
Chevrolet,Camaro 2SS,2022,22000,Gasoline,455.0HP 6.2L 8 Cylinder Engine Gasoline Fuel,6-Speed M/T,Blue,Black,None reported,Yes,50000.0,4,2.272623971637653,4400.0
Volkswagen,ID.4 Pro S,2023,16800,Gasoline,295.0HP Electric Motor Electric Fuel System,1-Speed A/T,Gray,Black,None reported,Yes,45000.0,3,2.678411999285757,4200.0
Chevrolet,Silverado 2500 High Country,2022,16000,Diesel,445.0HP 6.6L 8 Cylinder Engine Diesel Fuel,A/T,Black,Black,At least 1 accident or damage reported,Yes,73995.0,4,4.624398475095306,3200.0
Nissan,Altima 2.5 SV,2020,22295,Gasoline,2.5L I4 16V GDI DOHC,Automatic CVT,Scarlet Ember,Gray,None reported,Yes,23599.0,6,1.0584409759598135,3185.0
Bentley,Continental GT V8,2020,33000,Gasoline,542.0HP 4.0L 8 Cylinder Engine Gasoline Fuel,A/T,Beige,Beige,None reported,Yes,188500.0,6,5.711948122784158,4714.285714285715
Toyota,Sequoia Platinum,2023,1025,Hybrid,437.0HP 3.4L V6 Cylinder Engine Gas/Electric Hybrid,10-Speed A/T,Black,Black,None reported,Yes,85000.0,3,82.84600389863547,256.25
Acura,TL Technology,2013,89190,Gasoline,305.0HP 3.7L V6 Cylinder Engine Gasoline Fuel,6-Speed A/T,Gray,White,At least 1 accident or damage reported,Yes,15499.0,13,0.17377313854536894,6370.714285714285
Toyota,Highlander Limited,2020,53550,Gasoline,3.5L V6 24V PDI DOHC,8-Speed Automatic,Blue,Gray,None reported,Yes,39687.0,6,0.7411066086534331,7650.0
Ford,Edge SEL,2021,56946,Gasoline,2.0L I4 16V GDI DOHC Turbo,8-Speed Automatic,Silver,Ebony,None reported,Yes,26299.0,5,0.461815372188175,9491.0
Jaguar,F-TYPE R,2016,11684,Gasoline,550.0HP 5.0L 8 Cylinder Engine Gasoline Fuel,8-Speed A/T,Black,Black,None reported,Yes,54900.0,10,4.698331193838254,1062.1818181818182
GMC,Yukon XL Denali,2018,45617,Gasoline,420.0HP 6.2L 8 Cylinder Engine Gasoline Fuel,A/T,White,Gray,None reported,Yes,51000.0,8,1.1179797448375641,5068.555555555556
Chevrolet,Suburban LT,2018,75466,Gasoline,355.0HP 5.3L 8 Cylinder Engine Gasoline Fuel,6-Speed A/T,Gray,Black,None reported,Yes,34500.0,8,0.45715345780274824,8385.111111111111
Maserati,Levante GTS,2021,19513,Gasoline,3.8L V8 32V GDI DOHC Twin Turbo,8-Speed Automatic,Black,Red / Black,At least 1 accident or damage reported,Yes,84645.0,5,4.337655016910936,3252.1666666666665
Subaru,Outback Limited,2021,15636,Gasoline,2.5L H4 16V GDI DOHC,Automatic CVT,Crystal Black Silica,Black,None reported,Yes,33531.0,5,2.1443371490695147,2606.0
Mercedes-Benz,S-Class S 450,2018,69600,Gasoline,362.0HP 3.0L V6 Cylinder Engine Gasoline Fuel,9-Speed A/T,Black,Black,None reported,Yes,40888.0,8,0.5874628238100027,7733.333333333333
Mercedes-Benz,GL-Class GL 450,2011,138050,Gasoline,335.0HP 4.7L 8 Cylinder Engine Gasoline Fuel,A/T,White,Beige,None reported,Yes,16500.0,15,0.11952104656974596,8628.125
Ford,F-250 Lariat,2017,132269,E85 Flex Fuel,385.0HP 6.2L 8 Cylinder Engine Flex Fuel Capability,A/T,Gray,Black,None reported,Yes,35900.0,9,0.2714145308837983,13226.9
Hyundai,Palisade Limited,2020,45815,Gasoline,291.0HP 3.8L V6 Cylinder Engine Gasoline Fuel,Transmission w/Dual Shift Mode,Silver,Black,None reported,Yes,37700.0,6,0.8228566439671731,6545.0
Ford,F-150 XLT,2021,25352,Gasoline,3.5L V6 24V PDI DOHC Twin Turbo,10-Speed Automatic,Gray,Black,None reported,Yes,48459.0,5,1.9113714353330966,4225.333333333333
Mercedes-Benz,R-Class R 350 4MATIC,2008,120000,Gasoline,268.0HP 3.5L V6 Cylinder Engine Gasoline Fuel,7-Speed A/T,Silver,Black,None reported,Yes,8995.0,18,0.07495770868576095,6315.789473684211
Chevrolet,Camaro 2SS,2018,75151,Gasoline,455.0HP 6.2L 8 Cylinder Engine Gasoline Fuel,6-Speed M/T,Gray,Black,At least 1 accident or damage reported,Yes,45000.0,8,0.5987864594421971,8350.111111111111
Jeep,Wrangler Sport,2016,74139,Gasoline,285.0HP 3.6L V6 Cylinder Engine Gasoline Fuel,6-Speed M/T,Red,Black,None reported,Yes,23000.0,10,0.31022390072835176,6739.909090909091
BMW,550 i xDrive,2012,68500,Gasoline,400.0HP 4.4L 8 Cylinder Engine Gasoline Fuel,Transmission w/Dual Shift Mode,Black,Black,None reported,Yes,17800.0,14,0.2598502211646545,4566.666666666667
Lexus,GX 460 Luxury,2020,37366,Gasoline,4.6L V8 32V MPFI DOHC,6-Speed Automatic,White,–,None reported,Yes,51890.0,6,1.38865844194075,5338.0
Tesla,Model S Long Range,2021,35315,Gasoline,670.0HP Electric Motor Electric Fuel System,1-Speed A/T,White,Black,None reported,Yes,66900.0,5,1.8943255181787293,5885.833333333333
Volkswagen,Jetta 1.4T SE,2017,61000,Gasoline,150.0HP 1.4L 4 Cylinder Engine Gasoline Fuel,A/T,White,Black,None reported,Yes,15995.0,9,0.26220881624891396,6100.0
Jeep,Grand Cherokee Limited,2022,12050,Gasoline,3.6L V6 24V MPFI DOHC,8-Speed Automatic,Bright White Clearcoat,Global Black,None reported,Yes,41599.0,4,3.4519127043398887,2410.0
Porsche,Macan S,2016,46200,Gasoline,340.0HP 3.0L V6 Cylinder Engine Gasoline Fuel,Transmission w/Dual Shift Mode,Gray,Gray,At least 1 accident or damage reported,Yes,41500.0,10,0.8982489556503106,4200.0
Mercedes-Benz,E-Class E 350,2014,88000,Gasoline,302.0HP 3.5L V6 Cylinder Engine Gasoline Fuel,A/T,Silver,Black,None reported,Yes,15500.0,12,0.1761343621095215,6769.2307692307695
Mercedes-Benz,GL-Class GL 450 4MATIC,2015,47000,Gasoline,362.0HP 3.0L V6 Cylinder Engine Gasoline Fuel,7-Speed A/T,Silver,Black,None reported,Yes,30089.0,11,0.6401778685559881,3916.6666666666665
Land,Rover Range Rover 3.0L Supercharged HSE,2017,50340,Gasoline,380.0HP 3.0L V6 Cylinder Engine Gasoline Fuel,8-Speed A/T,White,Beige,At least 1 accident or damage reported,Yes,47000.0,9,0.9336326254941301,5034.0
Mercedes-Benz,E-Class E 350 4MATIC,2010,67800,Gasoline,268.0HP 3.5L V6 Cylinder Engine Gasoline Fuel,7-Speed A/T,Black,Black,None reported,Yes,13999.0,16,0.20647188094570876,3988.235294117647
Chevrolet,Camaro ZL1,2018,13500,Gasoline,650.0HP 6.2L 8 Cylinder Engine Gasoline Fuel,6-Speed M/T,Black,Black,At least 1 accident or damage reported,Yes,54000.0,8,3.999703725649952,1500.0
Hummer,H3 Base,2007,101750,Gasoline,242.0HP 3.7L 5 Cylinder Engine Gasoline Fuel,A/T,White,Black,None reported,Yes,12900.0,19,0.12678008078544684,5087.5
Honda,Odyssey EX-L,2022,18385,Gasoline,280.0HP 3.5L V6 Cylinder Engine Gasoline Fuel,10-Speed A/T,Red,Beige,None reported,Yes,37950.0,4,2.0640704884150987,3677.0
Nissan,350Z Touring,2008,123500,Gasoline,306.0HP 3.5L V6 Cylinder Engine Gasoline Fuel,5-Speed A/T,Gray,Beige,At least 1 accident or damage reported,Yes,13500.0,18,0.10931085578254428,6500.0
GMC,Savana 2500 Work Van,2017,117000,E85 Flex Fuel,342.0HP 6.0L 8 Cylinder Engine Flex Fuel Capability,6-Speed A/T,Silver,Silver,None reported,Yes,38000.0,9,0.32478354885855676,11700.0
Mercedes-Benz,E-Class E 350 4MATIC,2010,86121,Gasoline,268.0HP 3.5L V6 Cylinder Engine Gasoline Fuel,7-Speed A/T,Gray,Black,None reported,Yes,13600.0,16,0.15791551519936833,5065.941176470588
Lexus,GX 460 Premium,2020,22466,Gasoline,301.0HP 4.6L 8 Cylinder Engine Gasoline Fuel,6-Speed A/T,White,Black,None reported,Yes,45900.0,6,2.0429963947122447,3209.4285714285716
Nissan,Titan XD SV,2017,80000,Gasoline,390.0HP 5.6L 8 Cylinder Engine Gasoline Fuel,7-Speed A/T,Silver,Black,None reported,Yes,23800.0,9,0.2974962812964838,8000.0
Chrysler,300 Touring,2020,23152,Gasoline,292.0HP 3.6L V6 Cylinder Engine Gasoline Fuel,8-Speed A/T,White,White,None reported,Yes,28250.0,6,1.2201442577635728,3307.4285714285716
Dodge,Charger R/T,2006,91300,Gasoline,350.0HP 5.7L 8 Cylinder Engine Gasoline Fuel,5-Speed A/T,Yellow,–,None reported,Yes,9200.0,20,0.10076559950055311,4347.619047619048
Nissan,Pathfinder SL,2020,45000,Gasoline,284.0HP 3.5L V6 Cylinder Engine Gasoline Fuel,CVT Transmission,Black,Black,None reported,Yes,28999.0,6,0.6444079020466212,6428.571428571428
Rivian,R1S Launch Edition,2023,1885,Gasoline,835.0HP Electric Motor Electric Fuel System,1-Speed A/T,Green,White,None reported,Yes,93500.0,3,49.57582184517497,471.25
Ford,Explorer Platinum,2018,73049,Gasoline,3.5L V6 24V GDI DOHC Twin Turbo,6-Speed Automatic,Gray,Ebony Black,At least 1 accident or damage reported,Yes,30510.0,8,0.41765913757700207,8116.555555555556
Nissan,Titan SV,2021,7250,Gasoline,400.0HP 5.6L 8 Cylinder Engine Gasoline Fuel,9-Speed A/T,Black,Black,None reported,Yes,38000.0,5,5.240656461177768,1208.3333333333333
Jaguar,E-PACE S,2019,44000,Gasoline,246.0HP 2.0L 4 Cylinder Engine Gasoline Fuel,A/T,Black,Black,None reported,Yes,29000.0,7,0.6590759300924979,5500.0
Ford,F-150 FX4,2014,85500,Gasoline,411.0HP 6.2L 8 Cylinder Engine Gasoline Fuel,Transmission w/Dual Shift Mode,Black,Black,None reported,Yes,26900.0,12,0.31461620331925944,6576.923076923077
GMC,Acadia Denali,2021,18083,Gasoline,3.6L V6 24V GDI DOHC,9-Speed Automatic,Ebony Twilight Metallic,Jet Black,None reported,Yes,43999.0,5,2.433034726830347,3013.8333333333335
Lamborghini,Murcielago Base,2005,22703,Gasoline,571.0HP 6.2L 12 Cylinder Engine Gasoline Fuel,M/T,Black,Black,None reported,Yes,220000.0,21,9.689922480620154,1031.9545454545455
Chevrolet,Camaro 1LT,2011,111000,Gasoline,312.0HP 3.6L V6 Cylinder Engine Gasoline Fuel,A/T,Blue,Black,None reported,Yes,10900.0,15,0.09819731353771588,6937.5
GMC,Acadia SLT-2,2013,115000,Gasoline,288.0HP 3.6L V6 Cylinder Engine Gasoline Fuel,6-Speed A/T,White,Brown,None reported,Yes,14000.0,13,0.12173807184285354,8214.285714285714
Chevrolet,Malibu Premier,2021,33400,Gasoline,250.0HP 2.0L 4 Cylinder Engine Gasoline Fuel,A/T,White,Black,None reported,Yes,28000.0,5,0.8382982545432771,5566.666666666667
Toyota,Sequoia SR5,2007,136000,Gasoline,273.0HP 4.7L 8 Cylinder Engine Gasoline Fuel,A/T,Black,Beige,None reported,Yes,12500.0,19,0.09191108888905229,6800.0
Lexus,IS 350 F Sport,2021,26800,Gasoline,311.0HP 3.5L V6 Cylinder Engine Gasoline Fuel,8-Speed A/T,Black,Red,None reported,Yes,44000.0,5,1.6417297862020075,4466.666666666667
Tesla,Model Y Performance,2022,30000,Gasoline,455.0HP Electric Motor Electric Fuel System,A/T,White,White,None reported,Yes,51999.0,4,1.733242225259158,6000.0
Dodge,Challenger SRT8,2008,251634,Gasoline,425.0HP 6.1L 8 Cylinder Engine Gasoline Fuel,A/T,Silver,Black,None reported,Yes,10500.0,18,0.04172710473503288,13243.894736842105
Chrysler,300 Touring,2005,119000,Gasoline,250.0HP 3.5L V6 Cylinder Engine Gasoline Fuel,A/T,Blue,Beige,None reported,Yes,3500.0,21,0.029411517550272687,5409.090909090909
Cadillac,Escalade Sport Platinum,2021,28121,Gasoline,6.2L V8 16V GDI OHV,10-Speed Automatic,Black Raven,Jet Black,None reported,Yes,89000.0,5,3.1647820211933717,4686.833333333333
Chrysler,Town & Country Touring,2009,111000,Gasoline,197.0HP 3.8L V6 Cylinder Engine Gasoline Fuel,A/T,Blue,Gray,None reported,Yes,7900.0,17,0.07117052999522527,6166.666666666667
Mazda,CX-5 Touring,2016,116500,Gasoline,2.5L I4 16V GDI DOHC,6-Speed Automatic,Blue Reflex Mica,Black,None reported,Yes,14311.0,10,0.12284014729487301,10590.90909090909
Acura,TL 3.2,2005,199296,Gasoline,270.0HP 3.2L V6 Cylinder Engine Gasoline Fuel,A/T,Black,Gray,None reported,Yes,4900.0,21,0.024586421270766746,9058.90909090909
Chevrolet,Corvette Z06 w/2LZ,2023,202,Gasoline,670.0HP 5.5L 8 Cylinder Engine Gasoline Fuel,Transmission w/Dual Shift Mode,White,Red,None reported,Yes,179000.0,3,881.7733990147783,50.5
Tesla,Model Y Performance,2021,11200,Gasoline,455.0HP Electric Motor Electric Fuel System,1-Speed A/T,White,Black,None reported,Yes,47500.0,5,4.240692795286135,1866.6666666666667
Volvo,XC40 T5 Momentum,2020,56536,Gasoline,2.0L I4 16V GDI DOHC Turbo,8-Speed Automatic,White,Charcoal,None reported,Yes,26599.0,6,0.47047066522808073,8076.571428571428
Chevrolet,Camaro 2SS,2016,49600,Gasoline,455.0HP 6.2L 8 Cylinder Engine Gasoline Fuel,8-Speed A/T,Blue,Black,None reported,Yes,32500.0,10,0.655228725227314,4509.090909090909
Acura,TLX Type S PMC Edition,2023,13600,Gasoline,355.0HP 3.0L V6 Cylinder Engine Gasoline Fuel,10-Speed A/T,Blue,White,None reported,Yes,65000.0,3,4.779060363208588,3400.0
Volkswagen,Eos 2.0T,2007,59700,Gasoline,200.0HP 2.0L 4 Cylinder Engine Gasoline Fuel,6-Speed A/T,Blue,White,None reported,Yes,10000.0,19,0.16750138188640057,2985.0
Dodge,Charger R/T Scat Pack,2018,19000,Gasoline,485.0HP 6.4L 8 Cylinder Engine Gasoline Fuel,Transmission w/Dual Shift Mode,Purple,Gray,None reported,Yes,44888.0,8,2.3624019788432187,2111.1111111111113
Mercedes-Benz,CLA-Class CLA 250,2014,91140,Gasoline,208.0HP 2.0L 4 Cylinder Engine Gasoline Fuel,7-Speed A/T,Gray,Black,None reported,Yes,13500.0,12,0.1481221404197891,7010.7692307692305
BMW,M5 Base,2015,33000,Gasoline,560.0HP 4.4L 8 Cylinder Engine Gasoline Fuel,7-Speed A/T,Gray,Black,None reported,Yes,65000.0,11,1.9696372837186753,2750.0
Jeep,Wrangler Unlimited Sport,2019,52775,Gasoline,285.0HP 3.6L V6 Cylinder Engine Gasoline Fuel,8-Speed A/T,Gray,Black,None reported,Yes,39799.0,7,0.7541117174473245,6596.875
Mitsubishi,Lancer Sportback ES,2011,113000,Gasoline,148.0HP 2.0L 4 Cylinder Engine Gasoline Fuel,5-Speed M/T,White,Black,None reported,Yes,5800.0,15,0.051326979407261886,7062.5
Porsche,Macan Base,2022,13000,Gasoline,261.0HP 2.0L 4 Cylinder Engine Gasoline Fuel,A/T,Black,Beige,None reported,Yes,60000.0,4,4.615029613106684,2600.0
Mercedes-Benz,CLK-Class CLK 350,2009,77925,Gasoline,268.0HP 3.5L V6 Cylinder Engine Gasoline Fuel,Transmission w/Dual Shift Mode,Silver,Black,None reported,Yes,16500.0,17,0.21173934245309653,4329.166666666667
Dodge,Challenger SRT8,2011,106500,–,–,5-Speed A/T,White,White,At least 1 accident or damage reported,Yes,22500.0,15,0.21126562191904302,6656.25
Mazda,Mazda3 Grand Touring,2018,15175,Gasoline,2.5L I4 16V GDI DOHC,6-Speed Automatic,Snowflake White Pearl Metallic,Parchment,At least 1 accident or damage reported,Yes,19212.0,8,1.2659462308908804,1686.111111111111
Audi,A3 2.0T Premium,2017,137000,Gasoline,186.0HP 2.0L 4 Cylinder Engine Gasoline Fuel,7-Speed A/T,White,Gray,None reported,Yes,10995.0,9,0.0802548886504478,13700.0
BMW,528 i,2015,111000,Gasoline,240.0HP 2.0L 4 Cylinder Engine Gasoline Fuel,8-Speed A/T,Gray,–,At least 1 accident or damage reported,Yes,15000.0,11,0.13513391771245303,9250.0
Land,Rover Range Rover 3.0L V6 Supercharged HSE,2019,49208,Gasoline,380.0HP 3.0L V6 Cylinder Engine Gasoline Fuel,Transmission w/Dual Shift Mode,Black,Black,None reported,Yes,62425.0,7,1.2685687577475666,6151.0
Audi,S5 3.0T Prestige,2018,44000,Gasoline,354.0HP 3.0L V6 Cylinder Engine Gasoline Fuel,8-Speed A/T,Gray,Black,None reported,Yes,39000.0,8,0.8863434921933593,4888.888888888889
Porsche,718 Boxster Base,2017,26000,Gasoline,300.0HP 2.0L 4 Cylinder Engine Gasoline Fuel,A/T,Gray,Black,None reported,Yes,45500.0,9,1.74993269489635,2600.0
Chevrolet,Corvette Stingray w/2LT,2020,1800,Gasoline,490.0HP 6.2L 8 Cylinder Engine Gasoline Fuel,8-Speed A/T,Blue,Black,None reported,Yes,76000.0,6,42.1987784564131,257.14285714285717
Lamborghini,Urus Pearl Capsule,2021,3771,Gasoline,"4L V-8 gasoline direct injection, DOHC, variable valve control,",Automatic,Grigio Nimbus,Bianco Polar,None reported,Yes,259991.0,5,68.92656415694591,628.5
Maserati,Quattroporte S,2012,50000,Gasoline,425.0HP 4.7L 8 Cylinder Engine Gasoline Fuel,6-Speed A/T,White,Black,None reported,Yes,26497.0,14,0.5299294014119718,3333.3333333333335
Subaru,Impreza 2.0i,2018,93000,Gasoline,152.0HP 2.0L 4 Cylinder Engine Gasoline Fuel,CVT Transmission,Silver,Black,At least 1 accident or damage reported,Yes,16000.0,8,0.17204116084773283,10333.333333333334
Mercedes-Benz,AMG GT C,2020,15000,Gasoline,550.0HP 4.0L 8 Cylinder Engine Gasoline Fuel,7-Speed A/T,Gray,Black,None reported,Yes,129000.0,6,8.59942670488634,2142.8571428571427
Mazda,Mazda6 i Touring,2016,119500,Gasoline,184.0HP 2.5L 4 Cylinder Engine Gasoline Fuel,Transmission w/Dual Shift Mode,Silver,Black,None reported,Yes,15000.0,10,0.12552196215931247,10863.636363636364
Porsche,Macan S,2016,50000,Gasoline,340.0HP 3.0L V6 Cylinder Engine Gasoline Fuel,7-Speed A/T,Blue,Red,None reported,Yes,36000.0,10,0.7199856002879942,4545.454545454545
Porsche,Panamera 4,2011,85000,Gasoline,300.0HP 3.6L V6 Cylinder Engine Gasoline Fuel,A/T,Gray,Beige,None reported,Yes,21500.0,15,0.25293820072705026,5312.5
Genesis,G70 3.3T Advanced,2019,48000,Gasoline,365.0HP 3.3L V6 Cylinder Engine Gasoline Fuel,8-Speed A/T,Black,Black,None reported,Yes,29999.0,7,0.6249661465386138,6000.0
Jeep,Wrangler Sport,2021,11756,Gasoline,"2L I-4 gasoline direct injection, DOHC, intercooled turbo, engin",Automatic,Granite Crystal Metallic Clearcoat,Black,At least 1 accident or damage reported,Yes,33400.0,5,2.8408607638002894,1959.3333333333333
Audi,Q5 2.0T Premium Plus,2018,50400,Gasoline,252.0HP 2.0L 4 Cylinder Engine Gasoline Fuel,Transmission w/Dual Shift Mode,White,Beige,None reported,Yes,28500.0,8,0.5654649709331164,5600.0
BMW,335 i xDrive,2012,153600,Gasoline,300.0HP 3.0L Straight 6 Cylinder Engine Gasoline Fuel,6-Speed M/T,Black,Black,None reported,Yes,17500.0,14,0.11393154992480518,10240.0
Land,Rover Range Rover P530 SE,2023,1869,Gasoline,4.4L V8 32V GDI DOHC Twin Turbo,Automatic,Eiger Grey,Deep Garnet,None reported,Yes,164725.0,3,88.08823529411765,467.25
Dodge,Durango SRT 392,2022,31917,Gasoline,475.0HP 6.4L 8 Cylinder Engine Gasoline Fuel,8-Speed A/T,Gray,Black,None reported,Yes,64683.0,4,2.026536750422959,6383.4
BMW,M3 Base,2016,56235,Gasoline,425.0HP 3.0L Straight 6 Cylinder Engine Gasoline Fuel,6-Speed M/T,Orange,Orange,None reported,Yes,50500.0,10,0.8980012803186571,5112.272727272727
Ford,Fiesta ST,2019,28724,Gasoline,197.0HP 1.6L 4 Cylinder Engine Gasoline Fuel,6-Speed M/T,Gray,Black,At least 1 accident or damage reported,Yes,18300.0,7,0.6370757180156658,3590.5
Lincoln,MKS Base,2015,124400,Gasoline,305.0HP 3.7L V6 Cylinder Engine Gasoline Fuel,6-Speed A/T,White,Black,At least 1 accident or damage reported,Yes,9500.0,11,0.07636594561136968,10366.666666666666
Chevrolet,Tahoe Premier,2020,137000,Gasoline,355.0HP 5.3L 8 Cylinder Engine Gasoline Fuel,6-Speed A/T,Black,Black,None reported,Yes,46000.0,6,0.33576397252574797,19571.428571428572
Ferrari,F430 Berlinetta,2005,38686,Gasoline,483.0HP 4.3L 8 Cylinder Engine Gasoline Fuel,Transmission w/Dual Shift Mode,White,Red,None reported,Yes,99999.0,21,2.584821774756378,1758.4545454545455
Ford,F-250 Platinum,2022,6600,Gasoline,430.0HP 7.3L 8 Cylinder Engine Gasoline Fuel,10-Speed A/T,Blue,Black,At least 1 accident or damage reported,Yes,72900.0,4,11.043781245265869,1320.0
Mercedes-Benz,SLK-Class SLK280 Roadster,2007,67200,Gasoline,228.0HP 3.0L V6 Cylinder Engine Gasoline Fuel,A/T,Silver,Black,None reported,Yes,11500.0,19,0.17112840582729424,3360.0
Porsche,Macan,2021,16554,Gasoline,2.0 Liter,Automatic,White,Beige,None reported,Yes,51698.0,5,3.122802778616732,2759.0
BMW,X5 PHEV xDrive45e,2023,15736,Plug-In Hybrid,389.0HP 3.0L Straight 6 Cylinder Engine Plug-In Electric/Gas,8-Speed A/T,Blue,Brown,None reported,Yes,67900.0,3,4.3146724280358395,3934.0
Mercedes-Benz,E-Class E500,2005,153460,Gasoline,302.0HP 5.0L 8 Cylinder Engine Gasoline Fuel,A/T,Gold,Gold,At least 1 accident or damage reported,Yes,5800.0,21,0.03779461882823649,6975.454545454545
Acura,TL 3.7,2012,70000,Gasoline,305.0HP 3.7L V6 Cylinder Engine Gasoline Fuel,A/T,Black,Black,At least 1 accident or damage reported,Yes,15051.0,14,0.2150112141255125,4666.666666666667
Hyundai,Equus Signature,2011,143898,Gasoline,378.0HP 4.6L 8 Cylinder Engine Gasoline Fuel,6-Speed A/T,Gray,Brown,None reported,Yes,9950.0,15,0.0691457202621283,8993.625
Mercedes-Benz,SL-Class SL500 Roadster,2003,26190,Gasoline,302.0HP 5.0L 8 Cylinder Engine Gasoline Fuel,A/T,Gold,Beige,None reported,Yes,22000.0,23,0.8399832003359933,1091.25
RAM,2500 Big Horn,2018,27839,Gasoline,6.4L V8 16V MPFI OHV,6-Speed Automatic,Granite Crystal Clearcoat Metallic,Diesel Gray / Black,None reported,Yes,41688.0,8,1.4974137931034484,3093.222222222222
Chevrolet,Silverado 2500 WT,2018,141195,E85 Flex Fuel,6.0L V8 16V MPFI OHV Flexible Fuel,6-Speed Automatic,Summit White,Dark Ash,None reported,Yes,28499.0,8,0.2018399954672937,15688.333333333334
Porsche,Macan S,2022,20250,Gasoline,375.0HP 2.9L V6 Cylinder Engine Gasoline Fuel,7-Speed A/T,White,Beige,None reported,Yes,68500.0,4,3.3825490099254356,4050.0
Jeep,Grand Cherokee L Limited,2022,18333,Gasoline,3.6L V6 24V MPFI DOHC,8-Speed Automatic,Velvet Red Pearlcoat,Global Black,None reported,Yes,41599.0,4,2.26895385622341,3666.6
Mercedes-Benz,E-Class E 350,2014,35000,Gasoline,302.0HP 3.5L V6 Cylinder Engine Gasoline Fuel,7-Speed A/T,Red,Beige,None reported,Yes,29998.0,12,0.8570612268220908,2692.3076923076924
Dodge,Magnum Base,2006,133255,Gasoline,250.0HP 3.5L V6 Cylinder Engine Gasoline Fuel,A/T,Silver,Gray,None reported,Yes,4000.0,20,0.030017410097856755,6345.476190476191
Porsche,Macan Turbo,2021,14526,Gasoline,2.9 Liter Turbo,Automatic,Black,–,None reported,Yes,79998.0,5,5.506849315068493,2421.0
Mercedes-Benz,E-Class E 550,2014,43690,Gasoline,402.0HP 4.7L 8 Cylinder Engine Gasoline Fuel,A/T,Black,Black,None reported,Yes,23500.0,12,0.5378682108443387,3360.769230769231
Porsche,Macan S,2020,29136,Gasoline,3.0 Liter Turbo,Automatic,White,Red,None reported,Yes,58598.0,6,2.011119881937056,4162.285714285715
Cadillac,XT5 Luxury,2017,72060,Gasoline,3.6L V6 24V GDI DOHC,8-Speed Automatic,Stellar Black Metallic,Shara Beige,None reported,Yes,24590.0,9,0.34123867279110753,7206.0
Toyota,Tundra Platinum,2023,8800,Gasoline,389.0HP 3.4L V6 Cylinder Engine Gasoline Fuel,A/T,Silver,Black,None reported,Yes,68500.0,3,7.783206453812067,2200.0
Nissan,Versa 1.6 SL,2015,85768,Gasoline,109.0HP 1.6L 4 Cylinder Engine Gasoline Fuel,CVT Transmission,White,Black,At least 1 accident or damage reported,Yes,8250.0,11,0.09618859961058192,7147.333333333333
Mercedes-Benz,AMG GT 53 Base,2022,2235,Hybrid,429.0HP 3.0L Straight 6 Cylinder Engine Gasoline/Mild Electric Hybrid,Transmission w/Dual Shift Mode,Gray,Red,None reported,Yes,110000.0,4,49.19499105545617,447.0
Buick,Enclave Avenir,2019,121521,Gasoline,3.6L V6 24V GDI DOHC,9-Speed Automatic,Dark Slate Metallic,Ebony / Ebony Accents,None reported,Yes,26772.0,7,0.2203057882523329,15190.125
Porsche,911 GT3,2015,23700,Gasoline,475.0HP 3.8L Flat 6 Cylinder Engine Gasoline Fuel,Transmission w/Dual Shift Mode,Black,Black,None reported,Yes,144940.0,11,6.115353782540821,1975.0
BMW,328 i,2013,124000,Gasoline,230.0HP 3.0L Straight 6 Cylinder Engine Gasoline Fuel,A/T,White,Beige,None reported,Yes,11900.0,13,0.09596696800832251,8857.142857142857
Acura,ILX Premium Package,2018,32260,Gasoline,201.0HP 2.4L 4 Cylinder Engine Gasoline Fuel,A/T,Black,Black,None reported,Yes,20999.0,8,0.6509097672111838,3584.4444444444443
Lexus,GX 460 Base,2015,92000,Gasoline,301.0HP 4.6L 8 Cylinder Engine Gasoline Fuel,6-Speed A/T,Black,Black,None reported,Yes,28000.0,11,0.3043445179943696,7666.666666666667
Toyota,Land Cruiser Base,2010,269885,Gasoline,381.0HP 5.7L 8 Cylinder Engine Gasoline Fuel,6-Speed A/T,Black,Beige,At least 1 accident or damage reported,Yes,22500.0,16,0.08336853338076076,15875.588235294117
Chevrolet,Corvette Base,2008,51855,Gasoline,430.0HP 6.2L 8 Cylinder Engine Gasoline Fuel,6-Speed A/T,Red,Red,None reported,Yes,35900.0,18,0.6923017587164455,2729.2105263157896
Mazda,Mazda6 i Touring,2015,124000,Gasoline,184.0HP 2.5L 4 Cylinder Engine Gasoline Fuel,6-Speed M/T,White,Beige,At least 1 accident or damage reported,Yes,12900.0,11,0.10403141910145886,10333.333333333334
Jaguar,F-TYPE R,2015,26000,Gasoline,550.0HP 5.0L 8 Cylinder Engine Gasoline Fuel,8-Speed A/T,Blue,Red,None reported,Yes,52500.0,11,2.0191531094957886,2166.6666666666665
Audi,A3 2.0T Premium,2018,36500,Gasoline,220.0HP 2.0L 4 Cylinder Engine Gasoline Fuel,6-Speed A/T,Gray,Silver,At least 1 accident or damage reported,Yes,25500.0,8,0.6986109969589874,4055.5555555555557
Chevrolet,Camaro 2SS,2022,1400,Gasoline,455.0HP 6.2L 8 Cylinder Engine Gasoline Fuel,10-Speed A/T,Black,Black,None reported,Yes,54900.0,4,39.186295503211994,280.0
Jeep,Wrangler Unlimited Sport S,2018,17000,Gasoline,285.0HP 3.6L V6 Cylinder Engine Gasoline Fuel,A/T,Black,Black,None reported,Yes,38500.0,8,2.264572672195753,1888.888888888889
Honda,Civic Sport,2021,42750,Gasoline,1.5L I4 16V GDI DOHC Turbo,Automatic CVT,Black,Black,None reported,Yes,25698.0,5,0.6011087459942458,7125.0
Porsche,Cayman Base,2011,67998,Gasoline,265.0HP 2.9L Flat 6 Cylinder Engine Gasoline Fuel,6-Speed M/T,White,Beige,None reported,Yes,30000.0,15,0.44118295857292017,4249.875
Ford,Mustang GT,2008,64500,Gasoline,300.0HP 4.6L 8 Cylinder Engine Gasoline Fuel,5-Speed M/T,Black,Red,At least 1 accident or damage reported,Yes,16000.0,18,0.24805816964078076,3394.7368421052633
Toyota,FJ Cruiser Base,2007,102000,Gasoline,239.0HP 4.0L V6 Cylinder Engine Gasoline Fuel,6-Speed M/T,Blue,Black,None reported,Yes,24900.0,19,0.24411525377202184,5100.0
Land,Rover Discovery SE,2004,145000,Gasoline,217.0HP 4.6L 8 Cylinder Engine Gasoline Fuel,A/T,Green,Beige,None reported,Yes,15500.0,22,0.10689581451162405,6304.347826086957
Porsche,718 Boxster S,2018,50000,Gasoline,350.0HP 2.5L 4 Cylinder Engine Gasoline Fuel,A/T,Blue,Black,At least 1 accident or damage reported,Yes,55000.0,8,1.0999780004399913,5555.555555555556
Chevrolet,Corvette Base,2004,37622,Gasoline,350.0HP 5.7L 8 Cylinder Engine Gasoline Fuel,A/T,Blue,Beige,None reported,Yes,25500.0,22,0.6777768917949127,1635.7391304347825
Toyota,Avalon Limited,2006,89987,Gasoline,268.0HP 3.5L V6 Cylinder Engine Gasoline Fuel,5-Speed A/T,Green,Beige,None reported,Yes,9499.0,20,0.10555851891363292,4285.0952380952385
INFINITI,QX80 Base,2015,136390,Gasoline,5.6L V8 32V GDI DOHC,7-Speed Automatic,Black Obsidian,Black,None reported,Yes,20470.0,11,0.15008321663452867,11365.833333333334
Chevrolet,Camaro 2SS,2015,27000,Gasoline,426.0HP 6.2L 8 Cylinder Engine Gasoline Fuel,Transmission w/Dual Shift Mode,Black,Beige,None reported,Yes,33000.0,11,1.222176956409022,2250.0
Jeep,Liberty Renegade,2004,144770,Gasoline,210.0HP 3.7L V6 Cylinder Engine Gasoline Fuel,4-Speed A/T,Beige,Beige,At least 1 accident or damage reported,Yes,6500.0,22,0.04489849486430293,6294.347826086957
Toyota,4Runner Trail,2011,157000,Gasoline,270.0HP 4.0L V6 Cylinder Engine Gasoline Fuel,Transmission w/Dual Shift Mode,Black,Beige,None reported,Yes,23500.0,15,0.14968057528295997,9812.5
BMW,328 i xDrive,2010,132000,Gasoline,230.0HP 3.0L Straight 6 Cylinder Engine Gasoline Fuel,Transmission w/Dual Shift Mode,Silver,Black,At least 1 accident or damage reported,Yes,8500.0,16,0.06439345156476087,7764.705882352941
Lexus,IS 300 Base,2018,50992,Gasoline,260.0HP 3.5L V6 Cylinder Engine Gasoline Fuel,A/T,White,Gray,At least 1 accident or damage reported,Yes,28000.0,8,0.5490949738199361,5665.777777777777
Cadillac,CTS Performance,2010,105760,Gasoline,270.0HP 3.0L V6 Cylinder Engine Gasoline Fuel,6-Speed A/T,Black,Black,None reported,Yes,12900.0,16,0.12197312809069506,6221.176470588235
Lexus,LC 500 Base,2018,29800,Gasoline,471.0HP 5.0L 8 Cylinder Engine Gasoline Fuel,10-Speed A/T,Black,Black,None reported,Yes,68495.0,8,2.2984128049394315,3311.1111111111113
BMW,540 i xDrive,2019,21000,Gasoline,335.0HP 3.0L Straight 6 Cylinder Engine Gasoline Fuel,Transmission w/Dual Shift Mode,Blue,Black,At least 1 accident or damage reported,Yes,42000.0,7,1.9999047664396934,2625.0
Hummer,H2 Base,2006,169900,Gasoline,325.0HP 6.0L 8 Cylinder Engine Gasoline Fuel,A/T,Orange,Black,At least 1 accident or damage reported,Yes,16900.0,20,0.09946969117309493,8090.476190476191
Volvo,XC90 3.2,2008,196000,Gasoline,235.0HP 3.2L Straight 6 Cylinder Engine Gasoline Fuel,A/T,Black,Beige,None reported,Yes,6499.0,18,0.03315799409186688,10315.78947368421
Jeep,Wrangler Unlimited Sahara,2009,180036,Gasoline,202.0HP 3.8L V6 Cylinder Engine Gasoline Fuel,A/T,Black,Black,At least 1 accident or damage reported,Yes,9100.0,17,0.05054516571593617,10002.0
Land,Rover Discovery HSE LUXURY,2017,57918,Gasoline,340.0HP 3.0L V6 Cylinder Engine Gasoline Fuel,Transmission w/Dual Shift Mode,Gray,Gray,None reported,Yes,33500.0,9,0.5783939639841849,5791.8
BMW,340 i,2017,98600,Gasoline,320.0HP 3.0L Straight 6 Cylinder Engine Gasoline Fuel,8-Speed A/T,Silver,Black,None reported,Yes,26500.0,9,0.2687599517246275,9860.0
Ford,F-250 Lariat,2018,120000,Diesel,450.0HP 6.7L 8 Cylinder Engine Diesel Fuel,6-Speed A/T,Silver,Black,At least 1 accident or damage reported,Yes,55000.0,8,0.4583295139207173,13333.333333333334
BMW,M3 Competition,2022,14269,Gasoline,503.0HP 3.0L Straight 6 Cylinder Engine Gasoline Fuel,8-Speed A/T,Gray,Orange,None reported,Yes,80000.0,4,5.606166783461808,2853.8
Lexus,LC 500 Base,2022,6875,Gasoline,471.0HP 5.0L 8 Cylinder Engine Gasoline Fuel,A/T,White,Black,None reported,Yes,89000.0,4,12.943571844095404,1375.0
Honda,CR-V Touring,2019,55100,Gasoline,1.5L I4 16V GDI DOHC Turbo,Automatic CVT,White,Gray,None reported,Yes,28324.0,7,0.514037857752128,6887.5
Porsche,Panamera S,2012,49000,Gasoline,400.0HP 4.8L 8 Cylinder Engine Gasoline Fuel,7-Speed A/T,White,Black,None reported,Yes,41500.0,14,0.8469214913981348,3266.6666666666665
BMW,750 i,2009,74600,Gasoline,400.0HP 4.4L 8 Cylinder Engine Gasoline Fuel,A/T,White,Brown,None reported,Yes,15000.0,17,0.20106969075481562,4144.444444444444
Audi,A7 3.0T Premium,2019,45900,Hybrid,335.0HP 3.0L V6 Cylinder Engine Gasoline/Mild Electric Hybrid,Transmission w/Dual Shift Mode,Black,Black,At least 1 accident or damage reported,Yes,41500.0,7,0.9041197359534651,5737.5
Chrysler,200 Limited,2015,95271,E85 Flex Fuel,184.0HP 2.4L 4 Cylinder Engine Flex Fuel Capability,A/T,Black,Black,None reported,Yes,12468.0,11,0.13086741120161222,7939.25
Ford,F-150 XL,2021,88883,Gasoline,2.7L V6 24V PDI DOHC Twin Turbo,10-Speed Automatic,Agate Black Metallic,Black,None reported,Yes,33172.0,5,0.3732055263039467,14813.833333333334
Dodge,Grand Caravan R/T,2013,43000,E85 Flex Fuel,283.0HP 3.6L V6 Cylinder Engine Flex Fuel Capability,6-Speed A/T,Red,Black,None reported,Yes,35000.0,13,0.8139345596614033,3071.4285714285716
Ford,Focus SE,2018,33700,E85 Flex Fuel,160.0HP 2.0L 4 Cylinder Engine Flex Fuel Capability,A/T,Gray,Black,At least 1 accident or damage reported,Yes,12000.0,8,0.356072520103261,3744.4444444444443
RAM,2500 Big Horn,2016,95115,Diesel,6.7L I6 24V DDI OHV Turbo Diesel,6-Speed Automatic,Bright White Clearcoat,Diesel Gray / Black,None reported,Yes,43640.0,10,0.45880819210227514,8646.818181818182
Lotus,Elise Base,2005,25250,Gasoline,190.0HP 1.8L 4 Cylinder Engine Gasoline Fuel,M/T,Red,Black,None reported,Yes,44000.0,21,1.742505247316938,1147.7272727272727
Chevrolet,Corvette Base,2007,20200,Gasoline,400.0HP 6.0L 8 Cylinder Engine Gasoline Fuel,6-Speed A/T,Red,Red,None reported,Yes,27500.0,19,1.3613187465967032,1010.0
Audi,allroad 2.0T Prestige,2013,104457,Gasoline,211.0HP 2.0L 4 Cylinder Engine Gasoline Fuel,8-Speed A/T,Silver,Black,None reported,Yes,17900.0,13,0.17136073828715848,7461.214285714285
McLaren,570S Spider,2018,8984,Gasoline,3.8L V8 32V MPFI DOHC Twin Turbo,7-Speed Automatic with Auto-Shift,Vega Blue,Black,None reported,Yes,171900.0,8,19.131886477462437,998.2222222222222
Chevrolet,Express 2500 Work Van,2017,76000,Gasoline,285.0HP 4.8L 8 Cylinder Engine Gasoline Fuel,A/T,Silver,–,None reported,Yes,41400.0,9,0.5447296746095446,7600.0
Chevrolet,Traverse High Country,2020,56247,Gasoline,3.6L V6 24V GDI DOHC,9-Speed Automatic,Stone Gray Metallic,Jet Black,None reported,Yes,39244.0,6,0.6976959180770872,8035.285714285715
Acura,ILX Technology Plus Package,2016,61000,Gasoline,201.0HP 2.4L 4 Cylinder Engine Gasoline Fuel,A/T,Black,Black,At least 1 accident or damage reported,Yes,21000.0,10,0.34425665153030277,5545.454545454545
Chevrolet,Camaro 1LT,2019,9111,Gasoline,3.6L V6 GDI DOHC,8-Speed Automatic,Summit White,Jet Black,None reported,Yes,27599.0,7,3.0288630377524144,1138.875
Lexus,ES 350 Base,2015,100900,Gasoline,3.5 Liter,Automatic,Matador Red Mica,Parchment,None reported,Yes,21998.0,11,0.21801567873460123,8408.333333333334
Ford,F-150 XLT,2021,24207,Gasoline,2.7L V6 24V PDI DOHC Twin Turbo,10-Speed Automatic,Black,–,None reported,Yes,43430.0,5,1.794035029742234,4034.5
Tesla,Model Y Long Range,2022,9411,Gasoline,Dual Motor - Standard,Automatic,Silver,Black,None reported,Yes,47998.0,4,5.099660008499788,1882.2
Chevrolet,Corvette Z06,2006,21000,Gasoline,505.0HP 7.0L 8 Cylinder Engine Gasoline Fuel,6-Speed M/T,Silver,Black,None reported,Yes,47500.0,20,2.2617970572829864,1000.0
Cadillac,CTS 3.6L Premium Luxury,2019,136150,Gasoline,335.0HP 3.6L V6 Cylinder Engine Gasoline Fuel,Transmission w/Dual Shift Mode,Silver,Black,At least 1 accident or damage reported,Yes,22500.0,7,0.16525769182745628,17018.75
BMW,M3 Base,2009,78414,Gasoline,420.0HP 4.0L 8 Cylinder Engine Gasoline Fuel,7-Speed A/T,Silver,Gray,At least 1 accident or damage reported,Yes,28750.0,17,0.36663903589874386,4356.333333333333
Mazda,Mazda3 FWD w/Preferred Package,2019,60800,Gasoline,186.0HP 2.5L 4 Cylinder Engine Gasoline Fuel,6-Speed A/T,Red,Beige,None reported,Yes,19900.0,7,0.3272972484005197,7600.0
Ford,Maverick XLT,2022,16400,Hybrid,191.0HP 2.5L 4 Cylinder Engine Gas/Electric Hybrid,CVT Transmission,Gray,Gray,None reported,Yes,34000.0,4,2.0730443265654532,3280.0
Toyota,Highlander Hybrid Limited,2018,62200,Hybrid,306.0HP 3.5L V6 Cylinder Engine Gas/Electric Hybrid,CVT Transmission,Brown,Beige,None reported,Yes,35707.0,8,0.574058294882719,6911.111111111111
BMW,X6 xDrive40i,2021,72903,Hybrid,3.0 Liter Turbo,SCHEDULED FOR OR IN PRODUCTION,Black Sapphire Metallic,Black,At least 1 accident or damage reported,Yes,53998.0,5,0.740672665423022,12150.5
Lincoln,Town Car Signature,2003,142215,Gasoline,239.0HP 4.6L 8 Cylinder Engine Gasoline Fuel,4-Speed A/T,Gray,Beige,None reported,Yes,5000.0,23,0.0351577881532317,5925.625
Mercedes-Benz,SL-Class SL550 Roadster,2007,150000,Gasoline,382.0HP 5.5L 8 Cylinder Engine Gasoline Fuel,A/T,Black,Black,None reported,Yes,8000.0,19,0.05333297778014813,7500.0
Chevrolet,Suburban 1500 LT,2015,167500,Gasoline,355.0HP 5.3L 8 Cylinder Engine Gasoline Fuel,6-Speed A/T,Silver,Black,None reported,Yes,18000.0,11,0.1074620450027164,13958.333333333334
Ford,Fusion SE,2016,110450,Gasoline,231.0HP 2.0L 4 Cylinder Engine Gasoline Fuel,6-Speed A/T,Silver,Brown,None reported,Yes,11000.0,10,0.09959167413604222,10040.90909090909
Audi,S4 3.0T Premium Plus,2014,106000,Gasoline,333.0HP 3.0L V6 Cylinder Engine Gasoline Fuel,6-Speed M/T,Gray,Black,At least 1 accident or damage reported,Yes,23000.0,12,0.21697908510297073,8153.846153846154
Chevrolet,Suburban Premier,2017,92728,Gasoline,355.0HP 5.3L 8 Cylinder Engine Gasoline Fuel,6-Speed A/T,White,Black,None reported,Yes,34900.0,9,0.37636553828899266,9272.8
Ford,Bronco Big Bend,2022,17000,Gasoline,275.0HP 2.3L 4 Cylinder Engine Gasoline Fuel,A/T,Gray,–,None reported,Yes,44000.0,4,2.5880830539380035,3400.0
Ford,F-250 XL,2016,75200,E85 Flex Fuel,385.0HP 6.2L 8 Cylinder Engine Flex Fuel Capability,6-Speed A/T,White,Gray,None reported,Yes,22000.0,10,0.292549301206101,6836.363636363636
Dodge,Challenger SRT Hellcat,2015,1800,Gasoline,707.0HP 6.2L 8 Cylinder Engine Gasoline Fuel,A/T,Green,Black,None reported,Yes,64990.0,11,36.08550805108273,150.0
Toyota,Tacoma TRD Sport,2019,36283,Gasoline,3.5 Liter,Automatic,Barcelona Red,Black,None reported,Yes,39598.0,7,1.0913350237019073,4535.375
Audi,Q5 S line Premium Plus,2023,6682,Hybrid,2.0 Liter TFSI,Automatic,Mythos Black Metallic,Rock Gray,None reported,Yes,47798.0,3,7.1521771659434386,1670.5
Jeep,Wrangler Sport,2018,23399,Gasoline,2.0L I4 16V GDI DOHC Turbo,8-Speed Automatic,Black Clearcoat,Black,None reported,Yes,28999.0,8,1.2392735042735044,2599.8888888888887
Genesis,G80 3.8,2017,29720,Gasoline,311.0HP 3.8L V6 Cylinder Engine Gasoline Fuel,8-Speed A/T,Brown,Beige,None reported,Yes,29500.0,9,0.9925641802092796,2972.0
Mercedes-Benz,SL-Class SL63 AMG Roadster,2009,56000,Gasoline,518.0HP 6.3L 8 Cylinder Engine Gasoline Fuel,A/T,Black,Black,None reported,Yes,44850.0,17,0.800878555740076,3111.1111111111113
Lexus,LX 570 Three-Row,2020,59419,Gasoline,383.0HP 5.7L 8 Cylinder Engine Gasoline Fuel,A/T,Silver,Beige,None reported,Yes,73000.0,6,1.2285425782564794,8488.42857142857
Kia,Stinger GT2,2018,69100,Gasoline,365.0HP 3.3L V6 Cylinder Engine Gasoline Fuel,8-Speed A/T,Red,Black,None reported,Yes,32500.0,8,0.470326044485608,7677.777777777777
Nissan,GT-R Premium,2021,22185,Gasoline,3.8L V6 24V MPFI DOHC Twin Turbo,6-Speed Automatic with Auto-Shift,Bayside Blue,Gray,None reported,Yes,131999.0,5,5.949652934282881,3697.5
Chevrolet,Trailblazer SS,2008,29586,Gasoline,390.0HP 6.0L 8 Cylinder Engine Gasoline Fuel,A/T,White,Black,None reported,Yes,47900.0,18,1.6189542704566195,1557.157894736842
Chevrolet,Silverado 2500 WT,2021,63866,Gasoline,6.6L V8 16V GDI OHV,Automatic,Silver Ice Metallic,Jet Black,None reported,Yes,41885.0,5,0.655815992609642,10644.333333333334
Chevrolet,Suburban LTZ,2016,135484,Gasoline,5.3L V8 16V GDI OHV,6-Speed Automatic,Tungsten Metallic,Cocoa / Dune,None reported,Yes,29748.0,10,0.21956674170572388,12316.727272727272
Mercedes-Benz,E-Class E 350,2014,78500,Gasoline,302.0HP 3.5L V6 Cylinder Engine Gasoline Fuel,7-Speed A/T,Silver,Black,At least 1 accident or damage reported,Yes,17900.0,12,0.22802257296085401,6038.461538461538
BMW,M3 Base,2012,7982,Gasoline,414.0HP 4.0L 8 Cylinder Engine Gasoline Fuel,7-Speed A/T,Silver,Red,None reported,Yes,51900.0,14,6.501315295001879,532.1333333333333
Bentley,Continental GT V8,2022,1795,Gasoline,"4L V-8 gasoline direct injection, DOHC, variable valve control,",Automatic,Onyx Black,Beluga,None reported,Yes,269991.0,4,150.32906458797328,359.0
Volkswagen,Golf R Base,2022,1067,Gasoline,315.0HP 2.0L 4 Cylinder Engine Gasoline Fuel,7-Speed A/T,White,Blue,None reported,Yes,48000.0,4,44.943820224719104,213.4
Ford,Explorer Limited,2017,152000,Gasoline,290.0HP 3.5L V6 Cylinder Engine Gasoline Fuel,6-Speed A/T,Gray,Black,None reported,Yes,15499.0,9,0.10196643443135242,15200.0
Honda,Odyssey LX,2011,185000,Gasoline,248.0HP 3.5L V6 Cylinder Engine Gasoline Fuel,A/T,Purple,–,None reported,Yes,8900.0,15,0.04810784806568613,11562.5
Dodge,Ram 2500 SLT Mega Cab,2007,97724,Diesel,350.0HP 6.7L Straight 6 Cylinder Engine Diesel Fuel,A/T,Red,Gray,None reported,Yes,19998.0,19,0.20463545663852648,4886.2
Honda,Civic Sport,2020,22227,Gasoline,2.0L I4 16V MPFI DOHC,Automatic CVT,Red,Black,None reported,Yes,25980.0,6,1.1687961130106173,3175.285714285714
Honda,Civic LX,2016,111000,Gasoline,158.0HP 2.0L 4 Cylinder Engine Gasoline Fuel,A/T,Blue,Black,None reported,Yes,13000.0,10,0.1171160620174593,10090.90909090909
Ford,F-250 XLT,2019,32268,E85 Flex Fuel,385.0HP 6.2L 8 Cylinder Engine Flex Fuel Capability,6-Speed A/T,White,Gray,None reported,Yes,46500.0,7,1.4410114971024823,4033.5
Nissan,Pathfinder SV,2019,122009,Gasoline,3.5 Liter,Automatic,Gray,Black,None reported,Yes,18998.0,7,0.1557085484796328,15251.125
Land,Rover Range Rover HSE SWB,2020,57785,Hybrid,395.0HP 3.0L Straight 6 Cylinder Engine Gasoline/Mild Electric Hybrid,A/T,Black,Black,None reported,Yes,63995.0,6,1.107448170837227,8255.0
Hummer,H2 Base,2003,179400,Gasoline,316.0HP 6.0L 8 Cylinder Engine Gasoline Fuel,A/T,White,Brown,At least 1 accident or damage reported,Yes,15000.0,23,0.08361157407149347,7475.0
Mazda,RX-8 R3,2009,57000,Gasoline,232.0HP 1.3L Rotary engine Gasoline Fuel,6-Speed M/T,Red,Black,None reported,Yes,14000.0,17,0.24560972614515536,3166.6666666666665
Lexus,LX 570 Three-Row,2021,25997,Gasoline,383.0HP 5.7L 8 Cylinder Engine Gasoline Fuel,A/T,Green,Brown,None reported,Yes,87000.0,5,3.3464112624048004,4332.833333333333
Chevrolet,Suburban Z71,2022,36555,Gasoline,5.3L V8 16V GDI OHV,Automatic,Summit White,Jet Black,None reported,Yes,64288.0,4,1.7586169165116534,7311.0
Mercedes-Benz,S-Class S 580 4MATIC,2023,989,Gasoline,4.0L V8 32V GDI DOHC Twin Turbo,9-Speed Automatic,Black,Black,None reported,Yes,122950.0,3,124.1919191919192,247.25
Chevrolet,Corvette Base,2007,28514,Gasoline,400.0HP 6.0L 8 Cylinder Engine Gasoline Fuel,Transmission w/Dual Shift Mode,Red,Gray,None reported,Yes,32000.0,19,1.122216377345257,1425.7
Ford,Mustang GT Premium,2019,10400,Gasoline,460.0HP 5.0L 8 Cylinder Engine Gasoline Fuel,10-Speed A/T,Red,Gray,None reported,Yes,40000.0,7,3.8457840592250747,1300.0
Chevrolet,Equinox Premier w/2LZ,2020,51133,Gasoline,2.0L I4 16V GDI DOHC Turbo,9-Speed Automatic,Iridescent Pearl Tricoat,Jet Black,At least 1 accident or damage reported,Yes,25800.0,6,0.5045566550631674,7304.714285714285
Land,Rover Discovery HSE,2018,85000,Gasoline,340.0HP 3.0L V6 Cylinder Engine Gasoline Fuel,8-Speed A/T,Gray,Black,None reported,Yes,33000.0,8,0.388230726697333,9444.444444444445
Toyota,Highlander XLE,2015,68575,Gasoline,270.0HP 3.5L V6 Cylinder Engine Gasoline Fuel,A/T,Silver,Gray,At least 1 accident or damage reported,Yes,26000.0,11,0.37914139057396173,5714.583333333333
Chevrolet,Corvette Grand Sport,2011,12300,Gasoline,430.0HP 6.2L 8 Cylinder Engine Gasoline Fuel,6-Speed A/T,Red,Black,None reported,Yes,45000.0,15,3.658239167547354,768.75
Chevrolet,Corvette Stingray,2018,13900,Gasoline,455.0HP 6.2L 8 Cylinder Engine Gasoline Fuel,8-Speed A/T,White,Red,None reported,Yes,54490.0,8,3.9198618804402563,1544.4444444444443
Nissan,Juke NISMO RS,2016,30700,Gasoline,215.0HP 1.6L 4 Cylinder Engine Gasoline Fuel,6-Speed M/T,Black,Black,At least 1 accident or damage reported,Yes,21500.0,10,0.7003029217289339,2790.909090909091
Porsche,911 Carrera C2S,2005,104000,Gasoline,355.0HP 3.8L Flat 6 Cylinder Engine Gasoline Fuel,6-Speed M/T,Silver,Black,None reported,Yes,44800.0,21,0.4307650887972231,4727.272727272727
Chevrolet,Colorado LT,2019,139116,Gasoline,3.6L V6 24V GDI DOHC,Automatic,Red,Jet Black,At least 1 accident or damage reported,Yes,24899.0,7,0.17897884514473428,17389.5
Porsche,Macan S,2019,36700,Gasoline,348.0HP 3.0L V6 Cylinder Engine Gasoline Fuel,7-Speed A/T,Blue,Blue,At least 1 accident or damage reported,Yes,48990.0,7,1.3348410125064711,4587.5
Mercedes-Benz,GLE 350 Base 4MATIC,2022,24500,Gasoline,255.0HP 2.0L 4 Cylinder Engine Gasoline Fuel,9-Speed A/T,White,Beige,None reported,Yes,82150.0,4,3.35292437043386,4900.0
Toyota,Land Cruiser Base,2017,65000,Gasoline,381.0HP 5.7L 8 Cylinder Engine Gasoline Fuel,A/T,Black,Brown,At least 1 accident or damage reported,Yes,65000.0,9,0.9999846156212981,6500.0
BMW,X6 xDrive40i,2021,27654,Hybrid,3.0 Liter Turbo,Automatic,Mineral White,Black,None reported,Yes,61998.0,5,2.241836919182788,4609.0
Rivian,R1S Adventure Package,2023,542,Gasoline,835.0HP Electric Motor Electric Fuel System,A/T,Black,Black,None reported,Yes,92500.0,3,170.34990791896868,135.5
Toyota,Highlander Platinum,2020,41000,Gasoline,295.0HP 3.5L V6 Cylinder Engine Gasoline Fuel,8-Speed A/T,Blue,Black,None reported,Yes,38700.0,6,0.9438794175751811,5857.142857142857
Mercedes-Benz,SL-Class SL 63 AMG,2011,47400,Gasoline,518.0HP 6.3L 8 Cylinder Engine Gasoline Fuel,7-Speed A/T,White,Black,At least 1 accident or damage reported,Yes,41000.0,15,0.8649606548385055,2962.5
RAM,2500 Big Horn,2014,124700,Gasoline,410.0HP 6.4L 8 Cylinder Engine Gasoline Fuel,6-Speed A/T,Silver,–,None reported,Yes,30000.0,12,0.24057545649192869,9592.307692307691
Ford,F-350 XLT,2013,31000,E85 Flex Fuel,316.0HP 6.2L 8 Cylinder Engine Flex Fuel Capability,A/T,Black,Gray,At least 1 accident or damage reported,Yes,35000.0,13,1.1289958388439083,2214.285714285714
Toyota,RAV4 Prime XSE,2022,7100,Plug-In Hybrid,302.0HP 2.5L 4 Cylinder Engine Plug-In Electric/Gas,A/T,Gray,Black,None reported,Yes,49000.0,4,6.9004365582312355,1420.0
Jeep,Grand Cherokee Limited,2018,91677,Gasoline,3.6L V6 24V MPFI DOHC,8-Speed Automatic,Granite Crystal Clearcoat Metallic,Black,None reported,Yes,26816.0,8,0.2925020179323284,10186.333333333334
Ford,Focus SE,2009,107500,Gasoline,132.0HP 2.0L 4 Cylinder Engine Gasoline Fuel,A/T,White,Black,None reported,Yes,9500.0,17,0.08837127096492126,5972.222222222223
Porsche,911 Carrera 4 GTS,2023,1518,Gasoline,473.0HP 3.0L Flat 6 Cylinder Engine Gasoline Fuel,8-Speed A/T,Beige,Brown,None reported,Yes,194965.0,3,128.3508887425938,379.5
Chevrolet,Corvette Stingray w/2LT,2023,5200,Gasoline,490.0HP 6.2L 8 Cylinder Engine Gasoline Fuel,8-Speed A/T,White,Red,None reported,Yes,88900.0,3,17.092866756393,1300.0
Porsche,Macan Base,2018,87500,Gasoline,252.0HP 2.0L 4 Cylinder Engine Gasoline Fuel,Transmission w/Dual Shift Mode,Blue,Beige,None reported,Yes,28000.0,8,0.3199963428989383,9722.222222222223
Acura,ZDX Base,2012,106335,Gasoline,300.0HP 3.7L V6 Cylinder Engine Gasoline Fuel,6-Speed A/T,White,Gray,None reported,Yes,19000.0,14,0.17867890460427324,7089.0
Chevrolet,Suburban Premier,2017,133598,Gasoline,5.3L V8 16V GDI OHV,6-Speed Automatic,Siren Red Tintcoat,Jet Black,At least 1 accident or damage reported,Yes,29999.0,9,0.22454509390040345,13359.8
Chevrolet,Traverse Premier,2018,68455,Gasoline,3.6L V6 24V GDI DOHC,9-Speed Automatic,Silver Ice Metallic,Jet Black,None reported,Yes,30989.0,8,0.4526849363094542,7606.111111111111
Mercedes-Benz,E-Class E 400,2018,28690,Gasoline,329.0HP 3.0L V6 Cylinder Engine Gasoline Fuel,A/T,White,Beige,None reported,Yes,38880.0,8,1.3551287860304626,3187.777777777778
BMW,M3 Base,2012,83000,Gasoline,414.0HP 4.0L 8 Cylinder Engine Gasoline Fuel,7-Speed A/T,Black,Red,At least 1 accident or damage reported,Yes,31000.0,14,0.3734894760304093,5533.333333333333
Ford,F-250 XLT,2019,38600,Diesel,450.0HP 6.7L 8 Cylinder Engine Diesel Fuel,6-Speed A/T,Blue,–,None reported,Yes,54500.0,7,1.41188052123002,4825.0
Toyota,Highlander SE,2019,92000,Gasoline,295.0HP 3.5L V6 Cylinder Engine Gasoline Fuel,A/T,Red,Beige,At least 1 accident or damage reported,Yes,30000.0,7,0.3260834121368246,11500.0
Saturn,Sky Red Line,2009,134000,Gasoline,260.0HP 2.0L 4 Cylinder Engine Gasoline Fuel,5-Speed M/T,Blue,Black,At least 1 accident or damage reported,Yes,9500.0,17,0.07089499332094537,7444.444444444444
Lexus,LS 460 Base,2012,103000,Gasoline,380.0HP 4.6L 8 Cylinder Engine Gasoline Fuel,A/T,White,Beige,None reported,Yes,20500.0,14,0.19902719391073873,6866.666666666667
Honda,CR-V LX,2004,176261,Gasoline,160.0HP 2.4L 4 Cylinder Engine Gasoline Fuel,M/T,Gray,Gray,None reported,Yes,3750.0,22,0.02127514722401879,7663.521739130435
Ford,Mustang GT Premium,2010,58500,Gasoline,315.0HP 4.6L 8 Cylinder Engine Gasoline Fuel,5-Speed M/T,White,Red,At least 1 accident or damage reported,Yes,20000.0,16,0.3418744978718313,3441.176470588235
Ford,F-250 Limited,2018,64000,Diesel,450.0HP 6.7L 8 Cylinder Engine Diesel Fuel,A/T,Red,Beige,None reported,Yes,64000.0,8,0.9999843752441369,7111.111111111111
Porsche,Boxster Black Edition,2016,24881,Gasoline,265.0HP 2.7L Flat 6 Cylinder Engine Gasoline Fuel,Transmission w/Dual Shift Mode,Black,Black,At least 1 accident or damage reported,Yes,49999.0,10,2.0094445784100956,2261.909090909091
Ford,Explorer XLT,2013,82900,Gasoline,290.0HP 3.5L V6 Cylinder Engine Gasoline Fuel,6-Speed A/T,White,Gray,At least 1 accident or damage reported,Yes,16000.0,13,0.19300129069613153,5921.428571428572
BMW,Z4 3.0si,2008,59257,Gasoline,255.0HP 3.0L Straight 6 Cylinder Engine Gasoline Fuel,6-Speed M/T,Gray,Black,None reported,Yes,18200.0,18,0.3071315265449391,3118.7894736842104
Lexus,RX 350 F Sport,2016,81400,Gasoline,295.0HP 3.5L V6 Cylinder Engine Gasoline Fuel,8-Speed A/T,Gray,Red,At least 1 accident or damage reported,Yes,26000.0,10,0.3194063954988268,7400.0
Hyundai,Accent SEL,2022,5100,Gasoline,120.0HP 1.6L 4 Cylinder Engine Gasoline Fuel,A/T,Blue,Black,None reported,Yes,19500.0,4,3.822779847088806,1020.0
Ford,Expedition Max XLT,2020,67072,Gasoline,375.0HP 3.5L V6 Cylinder Engine Gasoline Fuel,A/T,Purple,Black,None reported,Yes,38500.0,6,0.5740014610946282,9581.714285714286
BMW,328 i xDrive,2016,65000,Gasoline,240.0HP 2.0L 4 Cylinder Engine Gasoline Fuel,Transmission w/Dual Shift Mode,Silver,Black,None reported,Yes,19500.0,10,0.2999953846863894,5909.090909090909
Ford,Fusion SE,2014,80800,Gasoline,175.0HP 2.5L 4 Cylinder Engine Gasoline Fuel,A/T,Blue,Beige,None reported,Yes,10000.0,12,0.12376084454400317,6215.384615384615
Ford,F-150 XLT,2020,53401,Gasoline,375.0HP 3.5L V6 Cylinder Engine Gasoline Fuel,10-Speed A/T,Gray,Black,None reported,Yes,39500.0,6,0.7396726714355267,7628.714285714285
Ford,F-150 Platinum,2021,15555,Gasoline,5.0L 8 Cylinder,10-Speed Automatic,Blue,Black,None reported,Yes,62890.0,5,4.042813062483929,2592.5
Dodge,Ram 1500 SLT Mega Cab,2006,201509,Gasoline,345.0HP 5.7L 8 Cylinder Engine Gasoline Fuel,5-Speed A/T,Gray,Gray,At least 1 accident or damage reported,Yes,11000.0,20,0.054587861644583395,9595.666666666666
Honda,Civic EX,2013,107000,Gasoline,140.0HP 1.8L 4 Cylinder Engine Gasoline Fuel,A/T,Silver,Black,None reported,Yes,14000.0,13,0.1308398986925356,7642.857142857143
Land,Rover Range Rover Velar P250 S R-Dynamic,2020,30500,Gasoline,247.0HP 2.0L 4 Cylinder Engine Gasoline Fuel,A/T,Silver,Beige,None reported,Yes,44000.0,6,1.4425756532572702,4357.142857142857
Toyota,Tacoma Base,2011,36000,Gasoline,159.0HP 2.7L 4 Cylinder Engine Gasoline Fuel,5-Speed M/T,Gray,Gray,None reported,Yes,20000.0,15,0.5555401238854476,2250.0
Ford,F-250 XLT,2019,38514,E85 Flex Fuel,385.0HP 6.2L 8 Cylinder Engine Flex Fuel Capability,A/T,Black,Gray,At least 1 accident or damage reported,Yes,45998.0,7,1.1942879397637285,4814.25
Mercedes-Benz,Sprinter 2500 Standard Roof,2022,4590,Gasoline,188.0HP 2.0L 4 Cylinder Engine Gasoline Fuel,A/T,White,Black,None reported,Yes,64000.0,4,13.940318013504683,918.0
RAM,2500 Big Horn,2019,97000,Diesel,370.0HP 6.7L Straight 6 Cylinder Engine Diesel Fuel,A/T,White,Gray,At least 1 accident or damage reported,Yes,45000.0,7,0.46391274316759623,12125.0
BMW,328 i xDrive,2011,110000,Gasoline,230.0HP 3.0L Straight 6 Cylinder Engine Gasoline Fuel,6-Speed A/T,Black,Beige,At least 1 accident or damage reported,Yes,6000.0,15,0.0545449586821938,6875.0
Ford,Explorer XLT,2017,53000,E85 Flex Fuel,290.0HP 3.5L V6 Cylinder Engine Flex Fuel Capability,6-Speed A/T,Red,Gray,At least 1 accident or damage reported,Yes,25000.0,9,0.47168921341106773,5300.0
Chevrolet,Suburban LTZ,2016,110000,E85 Flex Fuel,355.0HP 5.3L 8 Cylinder Engine Flex Fuel Capability,A/T,Brown,Brown,None reported,Yes,30999.0,10,0.28180652903155423,10000.0
Mazda,MX-5 Miata Sport,2006,218000,Gasoline,170.0HP 2.0L 4 Cylinder Engine Gasoline Fuel,6-Speed M/T,Black,Black,At least 1 accident or damage reported,Yes,4999.0,20,0.022931087472075815,10380.952380952382
INFINITI,G35 Base,2003,106500,Gasoline,280.0HP 3.5L V6 Cylinder Engine Gasoline Fuel,6-Speed M/T,Red,Beige,None reported,Yes,9500.0,23,0.08920104036581816,4437.5
Chevrolet,Express 2500 Work Van,2012,140500,E85 Flex Fuel,324.0HP 6.0L 8 Cylinder Engine Flex Fuel Capability,A/T,White,Gray,None reported,Yes,11800.0,14,0.08398516736535683,9366.666666666666
Ford,Explorer Eddie Bauer,2010,144200,Gasoline,210.0HP 4.0L V6 Cylinder Engine Gasoline Fuel,5-Speed A/T,Black,Beige,None reported,Yes,9999.0,16,0.06934071192294089,8482.35294117647
Chevrolet,Suburban RST,2022,21400,Diesel,277.0HP 3.0L Straight 6 Cylinder Engine Diesel Fuel,10-Speed A/T,Gray,Black,None reported,Yes,69000.0,4,3.224148404280174,4280.0
Mercedes-Benz,GL-Class GL 550 4MATIC,2015,130000,Gasoline,429.0HP 4.7L 8 Cylinder Engine Gasoline Fuel,7-Speed A/T,Blue,Black,None reported,Yes,24500.0,11,0.18846008876854795,10833.333333333334
Ford,Focus SE,2012,108045,Gasoline,160.0HP 2.0L 4 Cylinder Engine Gasoline Fuel,6-Speed A/T,Blue,Gray,None reported,Yes,6500.0,14,0.06015956166817837,7203.0
Subaru,Crosstrek Premium,2022,10000,Gasoline,152.0HP 2.0L 4 Cylinder Engine Gasoline Fuel,CVT Transmission,White,Black,None reported,Yes,28000.0,4,2.7997200279972003,2000.0
Hyundai,Genesis Coupe 3.8 Track,2011,75000,Gasoline,306.0HP 3.8L V6 Cylinder Engine Gasoline Fuel,Transmission w/Dual Shift Mode,Red,Black,At least 1 accident or damage reported,Yes,12000.0,15,0.15999786669511074,4687.5
Chrysler,Town & Country LX,2009,73500,Gasoline,170.0HP 3.3L V6 Cylinder Engine Gasoline Fuel,A/T,Silver,Gray,At least 1 accident or damage reported,Yes,7858.0,17,0.1069101100665297,4083.3333333333335
Porsche,Panamera Turbo,2018,29850,Gasoline,550.0HP 4.0L 8 Cylinder Engine Gasoline Fuel,8-Speed A/T,Silver,Red,None reported,Yes,89750.0,8,3.0065994439047268,3316.6666666666665
Honda,Pilot EX-L,2016,135350,Gasoline,280.0HP 3.5L V6 Cylinder Engine Gasoline Fuel,6-Speed A/T,White,Beige,At least 1 accident or damage reported,Yes,19900.0,10,0.14702514203810832,12304.545454545454
Mercedes-Benz,GLC 300 GLC 300,2022,16983,Gasoline,2.0 Liter Turbo,Automatic,Black,Black,None reported,Yes,40998.0,4,2.413918982571832,3396.6
Audi,A8 L 55,2019,35580,Hybrid,335.0HP 3.0L V6 Cylinder Engine Gasoline/Mild Electric Hybrid,8-Speed A/T,Black,Black,None reported,Yes,49500.0,7,1.3911919282763272,4447.5
Ford,Edge SE,2020,71200,Gasoline,250.0HP 2.0L 4 Cylinder Engine Gasoline Fuel,8-Speed A/T,White,Beige,None reported,Yes,18900.0,6,0.2654457100321625,10171.42857142857
Dodge,Durango GT,2022,24778,Gasoline,3.6L V6 24V MPFI DOHC,8-Speed Automatic,Octane Red Pearlcoat,Black,At least 1 accident or damage reported,Yes,36599.0,4,1.4770168287662941,4955.6
BMW,328 i,2015,109330,Gasoline,240.0HP 2.0L 4 Cylinder Engine Gasoline Fuel,A/T,Black,Beige,None reported,Yes,13349.0,11,0.12209711792629721,9110.833333333334
Alfa,Romeo Stelvio Ti,2023,6645,Gasoline,2.0L I4 16V GDI SOHC Turbo,8-Speed Automatic,Alfa White,Black,None reported,Yes,43900.0,3,6.605476978633765,1661.25
Mercedes-Benz,GL-Class GL 450 4MATIC,2007,90400,Gasoline,335.0HP 4.7L 8 Cylinder Engine Gasoline Fuel,7-Speed A/T,Silver,Beige,None reported,Yes,10199.0,19,0.11281954845632239,4520.0
BMW,M3 CS,2018,32000,Gasoline,453.0HP 3.0L Straight 6 Cylinder Engine Gasoline Fuel,Transmission w/Dual Shift Mode,White,Black,None reported,Yes,70000.0,8,2.1874316427611635,3555.5555555555557
Volkswagen,Golf GTI 2.0T Autobahn,2022,6400,Gasoline,241.0HP 2.0L 4 Cylinder Engine Gasoline Fuel,A/T,Green,Black,None reported,Yes,41500.0,4,6.483361974691454,1280.0
Toyota,4Runner SR5 Premium,2021,36180,Gasoline,270.0HP 4.0L V6 Cylinder Engine Gasoline Fuel,A/T,Black,–,None reported,Yes,36990.0,5,1.0223598021060778,6030.0
GMC,Yukon SLT,2014,142400,E85 Flex Fuel,320.0HP 5.3L 8 Cylinder Engine Flex Fuel Capability,A/T,Black,Black,At least 1 accident or damage reported,Yes,13500.0,12,0.09480270503718373,10953.846153846154
Cadillac,ATS 2.0L Turbo Luxury,2016,83000,Gasoline,272.0HP 2.0L 4 Cylinder Engine Gasoline Fuel,8-Speed A/T,Red,Beige,None reported,Yes,16500.0,10,0.1987927856290888,7545.454545454545
Nissan,Xterra S,2012,80000,Gasoline,261.0HP 4.0L V6 Cylinder Engine Gasoline Fuel,A/T,Black,Gray,None reported,Yes,14800.0,14,0.18499768752890589,5333.333333333333
Ford,Bronco Badlands,2021,32437,Gasoline,315.0HP 2.7L V6 Cylinder Engine Gasoline Fuel,10-Speed A/T,Gray,Black,None reported,Yes,51000.0,5,1.5722301004994144,5406.166666666667
BMW,328 i,2011,67500,Gasoline,230.0HP 3.0L Straight 6 Cylinder Engine Gasoline Fuel,6-Speed A/T,White,Beige,None reported,Yes,18000.0,15,0.26666271610790954,4218.75
Toyota,4Runner Limited,2021,25882,Gasoline,"4L V-6 DOHC, VVT-i variable valve control, engine with 270HP",Automatic,Midnight Black Metallic,–,None reported,Yes,43837.0,5,1.693659931228992,4313.666666666667
Porsche,911 Turbo,2018,12088,Gasoline,540.0HP 3.8L Flat 6 Cylinder Engine Gasoline Fuel,A/T,Gray,Black,None reported,Yes,169000.0,8,13.979650922326082,1343.111111111111
Toyota,Tundra SR5 Double Cab,2005,170000,Gasoline,282.0HP 4.7L 8 Cylinder Engine Gasoline Fuel,A/T,Silver,Beige,At least 1 accident or damage reported,Yes,11200.0,21,0.06588196540020352,7727.272727272727
Ford,F-250 Lariat,2023,3763,Diesel,475.0HP 6.7L 8 Cylinder Engine Diesel Fuel,10-Speed A/T,Red,Black,None reported,Yes,92000.0,3,24.442082890541975,940.75
Land,Rover Range Rover Velar P380 S,2018,46000,Gasoline,380.0HP 3.0L V6 Cylinder Engine Gasoline Fuel,A/T,Red,Beige,None reported,Yes,40000.0,8,0.8695463142105606,5111.111111111111
Ford,F-250 XLT Crew Cab Super Duty,2008,190321,Diesel,350.0HP 6.4L 8 Cylinder Engine Diesel Fuel,A/T,White,Beige,None reported,Yes,15900.0,18,0.08354262775716943,10016.894736842105
Porsche,Macan S,2018,40950,Gasoline,340.0HP 3.0L V6 Cylinder Engine Gasoline Fuel,7-Speed A/T,Black,Black,None reported,Yes,39750.0,8,0.9706722668555102,4550.0
Mercedes-Benz,C-Class C 63 AMG,2014,42000,Gasoline,451.0HP 6.2L 8 Cylinder Engine Gasoline Fuel,7-Speed A/T,Gray,Black,None reported,Yes,45000.0,12,1.071403061831861,3230.769230769231
Nissan,Pathfinder S,2014,135000,Gasoline,260.0HP 3.5L V6 Cylinder Engine Gasoline Fuel,A/T,White,Brown,None reported,Yes,8500.0,12,0.06296249657409946,10384.615384615385
Jeep,Gladiator Overland,2020,20655,Gasoline,3.6L V6 24V MPFI DOHC,8-Speed Automatic,Firecracker Red Clearcoat,Black,None reported,Yes,42850.0,6,2.074457784663052,2950.714285714286
Porsche,911 Carrera S,2023,1877,Gasoline,443.0HP 3.0L Flat 6 Cylinder Engine Gasoline Fuel,8-Speed A/T,Red,Red,None reported,Yes,185950.0,3,99.01490947816826,469.25
Ford,F-250 XLT,2019,33000,Diesel,450.0HP 6.7L 8 Cylinder Engine Diesel Fuel,6-Speed A/T,Black,Gray,None reported,Yes,59000.0,7,1.7878246113754128,4125.0
Ford,Fusion SE,2016,68000,Gasoline,175.0HP 2.5L 4 Cylinder Engine Gasoline Fuel,A/T,Black,Black,None reported,Yes,12500.0,10,0.1838208261643211,6181.818181818182
Honda,Accord Sport,2013,405000,Gasoline,185.0HP 2.4L 4 Cylinder Engine Gasoline Fuel,CVT Transmission,Black,Black,None reported,Yes,6000.0,13,0.01481477823511547,28928.571428571428
BMW,330 i xDrive,2018,117000,Gasoline,248.0HP 2.0L 4 Cylinder Engine Gasoline Fuel,8-Speed A/T,Black,Beige,None reported,Yes,17000.0,8,0.14529790343672278,13000.0
Acura,MDX Sport,2007,183455,Gasoline,300.0HP 3.7L V6 Cylinder Engine Gasoline Fuel,5-Speed A/T,White,Beige,At least 1 accident or damage reported,Yes,7700.0,19,0.04197191697191697,9172.75
Chevrolet,Suburban Premier,2021,51890,Gasoline,5.3L V8 16V GDI OHV,10-Speed Automatic,Shadow Gray Metallic,Jet Black,None reported,Yes,59980.0,5,1.1558844500973193,8648.333333333334
Chevrolet,Suburban High Country,2021,59528,Gasoline,6.2L V8 16V GDI OHV,10-Speed Automatic,Satin Steel Metallic,Jet Black,None reported,Yes,68995.0,5,1.1590149338977642,9921.333333333334
Cadillac,CTS-V Base,2006,123000,Gasoline,400.0HP 6.0L 8 Cylinder Engine Gasoline Fuel,6-Speed M/T,Black,Black,None reported,Yes,15000.0,20,0.12195022804692644,5857.142857142857
Kia,Niro EV EX,2022,20000,Gasoline,201.0HP Electric Motor Electric Fuel System,1-Speed A/T,Silver,Black,None reported,Yes,29998.0,4,1.4998250087495626,4000.0
BMW,X3 xDrive30i,2021,38352,Gasoline,2.0L I4 16V GDI DOHC Turbo,8-Speed Automatic,Phytonic Blue Metallic,Canberra Beige,None reported,Yes,37400.0,5,0.9751518786014132,6392.0
Porsche,Taycan Base,2021,13344,Gasoline,321.0HP Electric Motor Electric Fuel System,2-Speed A/T,Black,Beige,At least 1 accident or damage reported,Yes,83499.0,5,6.256950168602473,2224.0
Honda,S2000 CR,2008,44300,Gasoline,237.0HP 2.2L 4 Cylinder Engine Gasoline Fuel,M/T,Yellow,Black,None reported,Yes,62000.0,18,1.3995169409268413,2331.5789473684213
Lexus,HS 250h Premium,2010,123500,Hybrid,147.0HP 2.4L 4 Cylinder Engine Gas/Electric Hybrid,A/T,Red,Black,At least 1 accident or damage reported,Yes,9500.0,16,0.07692245406919782,7264.705882352941
Lincoln,Navigator Base,2013,134000,E85 Flex Fuel,310.0HP 5.4L 8 Cylinder Engine Flex Fuel Capability,6-Speed A/T,Red,Black,None reported,Yes,21500.0,13,0.1604465638316132,9571.42857142857
Ford,F-150 XLT,2020,57000,Gasoline,375.0HP 3.5L V6 Cylinder Engine Gasoline Fuel,10-Speed A/T,Gray,Gray,At least 1 accident or damage reported,Yes,37500.0,6,0.6578831950316661,8142.857142857143
Kia,K5 GT-Line,2021,100312,Gasoline,1.6L I4 16V GDI DOHC Turbo,8-Speed Automatic,Wolf Gray,Black,None reported,Yes,19980.0,5,0.19917657731301028,16718.666666666668
Bentley,Continental GT W12,2021,16146,Gasoline,"6L W-12 port/direct injection, DOHC, variable valve control, twi",Automatic,Fountain Blue,Linen,None reported,Yes,239991.0,5,14.862884746392519,2691.0
Tesla,Model S Performance,2012,61000,Gasoline,416.0HP Electric Motor Electric Fuel System,A/T,Green,Black,None reported,Yes,29000.0,14,0.4754020425894657,4066.6666666666665
BMW,Z4 sDrive28i,2014,15889,Gasoline,240.0HP 2.0L 4 Cylinder Engine Gasoline Fuel,8-Speed A/T,Blue,Beige,None reported,Yes,34500.0,12,2.171176840780365,1222.2307692307693
BMW,528 i xDrive,2015,125500,Gasoline,240.0HP 2.0L 4 Cylinder Engine Gasoline Fuel,A/T,Black,Black,At least 1 accident or damage reported,Yes,12950.0,11,0.10318642879339607,10458.333333333334
Ford,Expedition Limited,2013,163500,E85 Flex Fuel,310.0HP 5.4L 8 Cylinder Engine Flex Fuel Capability,A/T,Gray,Black,None reported,Yes,16490.0,13,0.10085565225900758,11678.57142857143
Buick,Enclave Leather,2015,89726,Gasoline,288.0HP 3.6L V6 Cylinder Engine Gasoline Fuel,A/T,White,Brown,None reported,Yes,16000.0,11,0.17831867776700436,7477.166666666667
Mercedes-Benz,SL-Class SL600 Roadster,2005,93000,Gasoline,493.0HP 5.5L 12 Cylinder Engine Gasoline Fuel,A/T,Black,Black,None reported,Yes,22500.0,21,0.24193288244212427,4227.272727272727
MINI,Cooper S Base,2012,128000,Gasoline,181.0HP 1.6L 4 Cylinder Engine Gasoline Fuel,6-Speed A/T,Black,Black,None reported,Yes,8500.0,14,0.06640573120522496,8533.333333333334
Porsche,Cayenne Turbo,2017,70800,Gasoline,520.0HP 4.8L 8 Cylinder Engine Gasoline Fuel,Transmission w/Dual Shift Mode,White,Black,None reported,Yes,52999.0,9,0.7485628734057429,7080.0
Saturn,Vue Hybrid Base,2009,115000,Hybrid,172.0HP 2.4L 4 Cylinder Engine Gas/Electric Hybrid,A/T,Blue,Beige,None reported,Yes,4400.0,17,0.038260536864896826,6388.888888888889
RAM,2500 Laramie,2018,98650,Diesel,350.0HP 6.7L Straight 6 Cylinder Engine Diesel Fuel,6-Speed A/T,Black,Black,None reported,Yes,56750.0,8,0.5752602609198082,10961.111111111111
RAM,1500 Limited,2019,87768,Hybrid,395.0HP 5.7L 8 Cylinder Engine Gasoline/Mild Electric Hybrid,A/T,Silver,Black,None reported,Yes,44000.0,7,0.5013159543802481,10971.0
Chevrolet,Traverse RS,2023,6000,Gasoline,310.0HP 3.6L V6 Cylinder Engine Gasoline Fuel,9-Speed A/T,Gray,Black,None reported,Yes,48500.0,3,8.08198633561073,1500.0
Lexus,RX 350 F SPORT Appearance,2021,28262,Gasoline,3.5 Liter,Automatic,Obsidian,–,None reported,Yes,49998.0,5,1.7690266426069419,4710.333333333333
Mazda,CX-50 2.5 Turbo Premium Package,2023,16200,Gasoline,227.0HP 2.5L 4 Cylinder Engine Gasoline Fuel,6-Speed A/T,Blue,Beige,None reported,Yes,36900.0,3,2.277637182889945,4050.0
Cadillac,SRX Luxury Collection,2012,87500,E85 Flex Fuel,308.0HP 3.6L V6 Cylinder Engine Flex Fuel Capability,A/T,White,Beige,None reported,Yes,11499.0,14,0.13141564096410327,5833.333333333333
FIAT,500 Lounge,2013,85458,Gasoline,101.0HP 1.4L 4 Cylinder Engine Gasoline Fuel,A/T,White,Beige,None reported,Yes,9000.0,13,0.10531365918159585,6104.142857142857
Mercedes-Benz,EQS 450+ Base,2022,16500,Gasoline,329.0HP Electric Motor Electric Fuel System,A/T,Blue,White,None reported,Yes,69500.0,4,4.211865947518333,3300.0
MINI,Cooper S Clubman Base,2009,83853,Gasoline,172.0HP 1.6L 4 Cylinder Engine Gasoline Fuel,6-Speed M/T,Gray,Black,At least 1 accident or damage reported,Yes,6950.0,17,0.08288215231235242,4658.5
BMW,X6 M50i,2022,22500,Gasoline,523.0HP 4.4L 8 Cylinder Engine Gasoline Fuel,Transmission w/Dual Shift Mode,Black,–,At least 1 accident or damage reported,Yes,74999.0,4,3.333140749300031,4500.0
Lexus,LS 460 Base,2013,99524,Gasoline,386.0HP 4.6L 8 Cylinder Engine Gasoline Fuel,8-Speed A/T,Gray,Black,At least 1 accident or damage reported,Yes,24900.0,13,0.25018839487565936,7108.857142857143
Genesis,GV80 2.5T,2023,8100,Gasoline,300.0HP 2.5L 4 Cylinder Engine Gasoline Fuel,Transmission w/Dual Shift Mode,Silver,Beige,None reported,Yes,57300.0,3,7.073200839402543,2025.0
MINI,Hardtop Cooper S,2016,43073,Gasoline,2.0L I4 16V GDI DOHC Turbo,6-Speed Automatic,Volcanic Orange,Carbon Black,None reported,Yes,17999.0,10,0.4178622835120955,3915.7272727272725
Land,Rover Range Rover Velar R-Dynamic S,2023,12425,Gasoline,I4,Automatic,Firenze Red,Ebony,None reported,Yes,57619.0,3,4.636970867535812,3106.25
BMW,530 i xDrive,2020,23195,Gasoline,2.0L I4 16V GDI DOHC Turbo,8-Speed Automatic,Dark Graphite Metallic,Black,None reported,Yes,38900.0,6,1.6770132781514053,3313.5714285714284
Jeep,Grand Cherokee Laredo,2011,118000,Gasoline,360.0HP 5.7L 8 Cylinder Engine Gasoline Fuel,A/T,Gold,Black,At least 1 accident or damage reported,Yes,12500.0,15,0.10593130566690112,7375.0
Toyota,Tacoma SR5,2018,65290,Gasoline,278.0HP 3.5L V6 Cylinder Engine Gasoline Fuel,6-Speed A/T,Blue,Black,At least 1 accident or damage reported,Yes,26450.0,8,0.40510943315311454,7254.444444444444
Jeep,Gladiator Sport S,2020,13000,Gasoline,285.0HP 3.6L V6 Cylinder Engine Gasoline Fuel,8-Speed A/T,Gray,–,None reported,Yes,39500.0,6,3.038227828628567,1857.142857142857
Dodge,Challenger SRT Hellcat,2018,29475,Gasoline,707.0HP 6.2L 8 Cylinder Engine Gasoline Fuel,8-Speed A/T,Orange,Black,None reported,Yes,62999.0,8,2.137298140860361,3275.0
Jeep,Renegade Trailhawk,2017,78717,Gasoline,180.0HP 2.4L 4 Cylinder Engine Gasoline Fuel,A/T,Black,Black,None reported,Yes,17500.0,9,0.22231255875403338,7871.7
Ford,F-150 Lariat,2021,9142,Hybrid,430.0HP 3.5L V6 Cylinder Engine Gas/Electric Hybrid,10-Speed A/T,Black,Gray,None reported,Yes,61500.0,5,6.726457399103139,1523.6666666666667
Jaguar,XF Premium,2011,106000,Gasoline,385.0HP 5.0L 8 Cylinder Engine Gasoline Fuel,6-Speed A/T,Brown,Beige,At least 1 accident or damage reported,Yes,9400.0,15,0.0886784086942576,6625.0
RAM,1500 Laramie,2022,3521,Gasoline,5.7L V8 16V MPFI OHV,Automatic,Diamond Black,Black,None reported,Yes,51074.0,4,14.501419647927314,704.2
Volkswagen,Golf GTI 2.0T SE 4-Door,2016,90000,Gasoline,210.0HP 2.0L 4 Cylinder Engine Gasoline Fuel,6-Speed A/T,Gray,Black,None reported,Yes,16750.0,10,0.18610904323285296,8181.818181818182
Porsche,Macan Turbo,2016,46000,Gasoline,400.0HP 3.6L V6 Cylinder Engine Gasoline Fuel,Transmission w/Dual Shift Mode,Gray,–,None reported,Yes,38000.0,10,0.8260689985000326,4181.818181818182
BMW,X4 M Competition,2020,18362,Gasoline,503.0HP 3.0L Straight 6 Cylinder Engine Gasoline Fuel,A/T,Black,Orange,None reported,Yes,60000.0,6,3.2674399607907203,2623.1428571428573
Lexus,RX 350 Base,2013,164500,Gasoline,270.0HP 3.5L V6 Cylinder Engine Gasoline Fuel,6-Speed A/T,White,Black,At least 1 accident or damage reported,Yes,16500.0,13,0.10030334162102358,11750.0
GMC,Terrain SLT,2020,55018,Gasoline,170.0HP 1.5L 4 Cylinder Engine Gasoline Fuel,9-Speed A/T,Black,Black,At least 1 accident or damage reported,Yes,25500.0,6,0.4634762536578273,7859.714285714285
Nissan,Maxima SV,2022,36466,Gasoline,3.5L V6 24V GDI DOHC,Automatic CVT,Brilliant Silver Metallic,Charcoal,None reported,Yes,24980.0,4,0.6850028793155456,7293.2
Volvo,S60 B5 Inscription,2022,14280,Hybrid,247.0HP 2.0L 4 Cylinder Engine Gasoline/Mild Electric Hybrid,A/T,Blue,Black,None reported,Yes,36500.0,4,2.5558434283313494,2856.0
Subaru,Outback 2.5i Premium,2013,116000,Gasoline,173.0HP 2.5L 4 Cylinder Engine Gasoline Fuel,A/T,Blue,Beige,At least 1 accident or damage reported,Yes,12500.0,13,0.1077576917440367,8285.714285714286
RAM,1500 Laramie,2022,16184,Gasoline,5.7L V8 16V MPFI OHV,8-Speed Automatic,Granite Crystal Clearcoat Metallic,Black,None reported,Yes,46999.0,4,2.9038616002471422,3236.8
Ford,Explorer XLT,2020,45000,Gasoline,300.0HP 2.3L 4 Cylinder Engine Gasoline Fuel,10-Speed A/T,Silver,Black,None reported,Yes,33500.0,6,0.7444279016021866,6428.571428571428
Ford,F-150 Lariat,2013,102000,Gasoline,365.0HP 3.5L V6 Cylinder Engine Gasoline Fuel,6-Speed A/T,White,Black,None reported,Yes,23000.0,13,0.22548798541190773,7285.714285714285
Ford,Excursion XLS,2004,163000,Diesel,325.0HP 6.0L 8 Cylinder Engine Diesel Fuel,5-Speed A/T,Silver,Gray,At least 1 accident or damage reported,Yes,18000.0,22,0.11042877037564186,7086.95652173913
BMW,M8 Competition,2023,3500,Gasoline,617.0HP 4.4L 8 Cylinder Engine Gasoline Fuel,8-Speed A/T,Gray,Gray,None reported,Yes,129000.0,3,36.84661525278492,875.0
Porsche,Panamera GTS,2016,42526,Gasoline,440.0HP 4.8L 8 Cylinder Engine Gasoline Fuel,7-Speed A/T,Blue,Black,None reported,Yes,66200.0,10,1.5566581230747525,3866.0
Mazda,Mazda3 i Touring,2012,144900,Gasoline,155.0HP 2.0L 4 Cylinder Engine Gasoline Fuel,Transmission w/Dual Shift Mode,Black,–,None reported,Yes,6000.0,14,0.04140758172821444,9660.0
GMC,Sierra 1500 SLT,2016,85000,Gasoline,355.0HP 5.3L 8 Cylinder Engine Gasoline Fuel,A/T,White,Black,None reported,Yes,32750.0,10,0.3852895848284138,7727.272727272727
Mercedes-Benz,Sprinter 2500 Standard Roof,2022,16113,Diesel,188.0HP 3.0L V6 Cylinder Engine Diesel Fuel,A/T,Gray,Black,None reported,Yes,111000.0,4,6.888420007446941,3222.6
Mercedes-Benz,GL-Class GL 450,2011,93000,Gasoline,335.0HP 4.7L 8 Cylinder Engine Gasoline Fuel,A/T,Gray,Beige,At least 1 accident or damage reported,Yes,11900.0,15,0.1279556133805013,5812.5
RAM,1500 Big Horn,2022,11468,Gasoline,5.7L V8 16V MPFI OHV,Automatic,Bright White Clearcoat,Black,None reported,Yes,50204.0,4,4.377365071061122,2293.6
Lexus,NX 300 Base,2019,25470,Gasoline,235.0HP 2.0L 4 Cylinder Engine Gasoline Fuel,Transmission w/Dual Shift Mode,Silver,Red,None reported,Yes,32500.0,7,1.2759608967060578,3183.75
BMW,435 i xDrive,2014,90347,Gasoline,300.0HP 3.0L Straight 6 Cylinder Engine Gasoline Fuel,8-Speed A/T,Silver,Black,None reported,Yes,21800.0,12,0.2412892371718245,6949.7692307692305
GMC,Yukon SLE,2017,96000,Gasoline,355.0HP 5.3L 8 Cylinder Engine Gasoline Fuel,A/T,Gray,Black,None reported,Yes,34000.0,9,0.3541629774689847,9600.0
Honda,Pilot EX-L,2016,80500,Gasoline,280.0HP 3.5L V6 Cylinder Engine Gasoline Fuel,6-Speed A/T,Gray,Black,None reported,Yes,23000.0,10,0.2857107365125899,7318.181818181818
Audi,A5 Sportback S line Premium Plus,2021,35000,Hybrid,261.0HP 2.0L 4 Cylinder Engine Gasoline/Mild Electric Hybrid,7-Speed A/T,Black,Black,None reported,Yes,37499.0,5,1.071369389446016,5833.333333333333
Honda,Civic Sport,2020,121212,Gasoline,1.5L I4 16V GDI DOHC Turbo,Automatic CVT,White,Sport,At least 1 accident or damage reported,Yes,18387.0,6,0.1516916502355358,17316.0
Mercedes-Benz,G 550 4x4 Squared Base,2018,14381,Gasoline,4.0L V8 32V GDI DOHC Twin Turbo,7-Speed Automatic,Designo Magno Matte,Black,None reported,Yes,204900.0,8,14.24697538589904,1597.888888888889
Porsche,Panamera Platinum Edition,2022,13500,Gasoline,325.0HP 2.9L V6 Cylinder Engine Gasoline Fuel,8-Speed A/T,Green,Black,None reported,Yes,86999.0,4,6.4438930449596326,2700.0
BMW,740e xDrive iPerformance,2019,33214,Plug-In Hybrid,322.0HP 2.0L 4 Cylinder Engine Plug-In Electric/Gas,A/T,White,Black,None reported,Yes,43500.0,7,1.3096492548547343,4151.75
Ford,F-250 XLT,2017,29719,E85 Flex Fuel,385.0HP 6.2L 8 Cylinder Engine Flex Fuel Capability,A/T,White,Gray,None reported,Yes,31000.0,9,1.0430686406460297,2971.9
Lincoln,Corsair Standard,2022,4520,Gasoline,250.0HP 2.0L 4 Cylinder Engine Gasoline Fuel,8-Speed A/T,Beige,Beige,None reported,Yes,38500.0,4,8.51581508515815,904.0
Hyundai,Sonata Sport,2017,84129,Gasoline,2.4L I4 16V GDI DOHC,6-Speed Automatic,Phantom Black,Graphite,None reported,Yes,14599.0,9,0.17352906216569594,8412.9
Nissan,Maxima 3.5 SR,2019,72150,Gasoline,300.0HP 3.5L V6 Cylinder Engine Gasoline Fuel,CVT Transmission,White,Black,At least 1 accident or damage reported,Yes,26999.0,7,0.37420132777092485,9018.75
GMC,Yukon SLT,2015,94500,Gasoline,355.0HP 5.3L 8 Cylinder Engine Gasoline Fuel,A/T,White,Beige,At least 1 accident or damage reported,Yes,30000.0,11,0.31745695812742725,7875.0
Mercedes-Benz,GLS 550 Base 4MATIC,2017,88454,Gasoline,449.0HP 4.7L 8 Cylinder Engine Gasoline Fuel,9-Speed A/T,White,Beige,None reported,Yes,39999.0,9,0.45219603188061724,8845.4
Cadillac,CTS Base,2010,81696,Gasoline,270.0HP 3.0L V6 Cylinder Engine Gasoline Fuel,6-Speed A/T,Silver,Beige,At least 1 accident or damage reported,Yes,9499.0,16,0.11627109930597207,4805.64705882353
Cadillac,CTS Base,2005,94100,Gasoline,255.0HP 3.6L V6 Cylinder Engine Gasoline Fuel,6-Speed M/T,White,Beige,None reported,Yes,6099.0,21,0.06481333885931075,4277.272727272727
Ford,Explorer Limited,2022,17500,Hybrid,318.0HP 3.3L V6 Cylinder Engine Gas/Electric Hybrid,10-Speed A/T,White,Black,None reported,Yes,46000.0,4,2.628421233072396,3500.0
Acura,RDX,2016,132252,Gasoline,3.5 Liter,Automatic,Crystal Black,Black,None reported,Yes,18998.0,10,0.1436489153365141,12022.90909090909
Toyota,Highlander XLE,2022,4437,Gasoline,295.0HP 3.5L V6 Cylinder Engine Gasoline Fuel,Transmission w/Dual Shift Mode,Gray,Black,None reported,Yes,42000.0,4,9.46372239747634,887.4
Volkswagen,Golf GTI 2.0T SE 4-Door,2018,70500,Gasoline,220.0HP 2.0L 4 Cylinder Engine Gasoline Fuel,Transmission w/Dual Shift Mode,White,Black,None reported,Yes,23000.0,8,0.3262365072835846,7833.333333333333
Toyota,Corolla CE,2008,170000,Gasoline,126.0HP 1.8L 4 Cylinder Engine Gasoline Fuel,A/T,Gray,Gray,None reported,Yes,5199.0,18,0.030582173046040904,8947.368421052632
Honda,Element EX,2008,122000,Gasoline,166.0HP 2.4L 4 Cylinder Engine Gasoline Fuel,A/T,Blue,Gray,None reported,Yes,10500.0,18,0.08606486832075147,6421.0526315789475
Toyota,Camry Solara SE,2008,57852,Gasoline,210.0HP 3.3L V6 Cylinder Engine Gasoline Fuel,A/T,Silver,Gray,None reported,Yes,13900.0,18,0.2402641176775621,3044.842105263158
Hyundai,Genesis 4.6,2010,120321,Gasoline,378.0HP 4.6L 8 Cylinder Engine Gasoline Fuel,Transmission w/Dual Shift Mode,White,Beige,None reported,Yes,10500.0,16,0.08726583667159787,7077.705882352941
BMW,325 Ci,2004,178000,Gasoline,184.0HP 2.5L Straight 6 Cylinder Engine Gasoline Fuel,5-Speed A/T,Blue,Brown,None reported,Yes,5750.0,22,0.03230318930792524,7739.130434782609
Land,Rover Range Rover Sport HSE Dynamic,2019,77690,Gasoline,380.0HP 3.0L V6 Cylinder Engine Gasoline Fuel,8-Speed A/T,White,Beige,None reported,Yes,43500.0,7,0.5599104143337066,9711.25
Chevrolet,Corvette ZR-1,2009,18000,Gasoline,638.0HP 6.2L 8 Cylinder Engine Gasoline Fuel,6-Speed M/T,Gray,Black,None reported,Yes,78000.0,17,4.3330926059663355,1000.0
Lexus,NX 300 Base,2021,6449,Gasoline,2.0L I4 16V PDI DOHC Turbo,6-Speed Automatic,Silver,Black,At least 1 accident or damage reported,Yes,35999.0,5,5.581240310077519,1074.8333333333333
Volkswagen,Golf GTI 2.0T SE 4-Door,2019,33000,Gasoline,228.0HP 2.0L 4 Cylinder Engine Gasoline Fuel,6-Speed M/T,Black,Black,None reported,Yes,27500.0,7,0.8333080815732856,4125.0
Nissan,Armada LE,2009,87130,Gasoline,317.0HP 5.6L 8 Cylinder Engine Gasoline Fuel,A/T,Brown,Black,None reported,Yes,20000.0,17,0.22953942913543973,4840.555555555556
Toyota,Camry Solara SLE,2008,73000,Gasoline,210.0HP 3.3L V6 Cylinder Engine Gasoline Fuel,5-Speed A/T,Blue,Beige,At least 1 accident or damage reported,Yes,11500.0,18,0.157532088601526,3842.1052631578946
Porsche,Macan S,2020,22354,Gasoline,3.0L V6 24V GDI DOHC Turbo,7-Speed Automatic with Auto-Shift,Black,Black,None reported,Yes,54900.0,6,2.4558264370386937,3193.4285714285716
Tesla,Model Y Performance,2023,6188,Gasoline,455.0HP Electric Motor Electric Fuel System,A/T,Gray,White,None reported,Yes,53900.0,3,8.708999838423008,1547.0
GMC,Terrain SLT,2019,60807,Gasoline,2.0L I4 16V GDI DOHC Turbo,9-Speed Automatic,Red Quartz Tintcoat,Medium Ash Gray,At least 1 accident or damage reported,Yes,25925.0,7,0.42634192869359294,7600.875
Jeep,Compass Latitude,2014,105000,Gasoline,158.0HP 2.0L 4 Cylinder Engine Gasoline Fuel,A/T,Black,Black,None reported,Yes,10950.0,12,0.1042847210978943,8076.923076923077
Audi,Q7 3.0T Prestige,2018,63400,Gasoline,333.0HP 3.0L V6 Cylinder Engine Gasoline Fuel,A/T,Black,Black,None reported,Yes,29900.0,8,0.47160139429977443,7044.444444444444
Ford,F-250 Platinum,2022,4500,Gasoline,430.0HP 7.3L 8 Cylinder Engine Gasoline Fuel,10-Speed A/T,Black,Black,None reported,Yes,86500.0,4,19.217951566318597,900.0
Jeep,Gladiator Overland,2020,8025,Gasoline,3.6L V6 24V MPFI DOHC,8-Speed Automatic,Firecracker Red Clearcoat,Black,None reported,Yes,42433.0,6,5.2869424370794915,1146.4285714285713
Lincoln,Navigator L Reserve,2019,49131,Gasoline,3.5L V6 24V PDI DOHC Twin Turbo,10-Speed Automatic,Tan,–,None reported,Yes,55460.0,7,1.1287958967678906,6141.375
Tesla,Model X P100D,2017,100346,Gasoline,Electric Motor Electric Fuel System,1-Speed A/T,Silver,White,None reported,Yes,45999.0,9,0.4583993542407845,10034.6
Mercedes-Benz,CLS-Class CLS 400 4MATIC,2016,62285,Gasoline,329.0HP 3.0L V6 Cylinder Engine Gasoline Fuel,7-Speed A/T,Black,Black,At least 1 accident or damage reported,Yes,29950.0,10,0.4808464181356966,5662.272727272727
Lexus,RX 350 Base,2021,5040,Gasoline,295.0HP 3.5L V6 Cylinder Engine Gasoline Fuel,8-Speed A/T,Beige,Beige,At least 1 accident or damage reported,Yes,48900.0,5,9.700456258678834,840.0
RAM,1500 Laramie,2022,12940,Gasoline,5.7L V8 16V MPFI OHV,8-Speed Automatic,Bright White Clearcoat,Black,At least 1 accident or damage reported,Yes,46999.0,4,3.6317904335059112,2588.0
Mitsubishi,Outlander Sport ES,2015,98385,Gasoline,166.0HP 2.4L 4 Cylinder Engine Gasoline Fuel,CVT Transmission,Silver,Black,At least 1 accident or damage reported,Yes,10500.0,11,0.10672250116886549,8198.75
Hyundai,Sonata SE,2013,43903,Gasoline,200.0HP 2.4L 4 Cylinder Engine Gasoline Fuel,A/T,Red,Black,At least 1 accident or damage reported,Yes,12500.0,13,0.28471209912536444,3135.9285714285716
Ford,Mustang EcoBoost Premium,2017,41650,Gasoline,310.0HP 2.3L 4 Cylinder Engine Gasoline Fuel,A/T,Blue,Black,None reported,Yes,23600.0,9,0.566613046505486,4165.0
BMW,X5 PHEV xDrive45e,2022,31850,Plug-In Hybrid,389.0HP 3.0L Straight 6 Cylinder Engine Plug-In Electric/Gas,Transmission w/Dual Shift Mode,White,Black,None reported,Yes,60500.0,4,1.8994694044143041,6370.0
Hyundai,Sonata Hybrid Limited,2013,96419,Hybrid,199.0HP 2.4L 4 Cylinder Engine Gas/Electric Hybrid,6-Speed A/T,Black,Gray,At least 1 accident or damage reported,Yes,14999.0,13,0.15555901265297656,6887.071428571428
Honda,Odyssey EX-L,2007,170000,Gasoline,244.0HP 3.5L V6 Cylinder Engine Gasoline Fuel,A/T,Black,Beige,None reported,Yes,7700.0,19,0.04529385121263992,8500.0
Chevrolet,Colorado LT Crew Cab,2009,139000,Gasoline,300.0HP 5.3L 8 Cylinder Engine Gasoline Fuel,A/T,Black,Black,None reported,Yes,14500.0,17,0.10431579628923533,7722.222222222223
Buick,Enclave Premium,2016,134655,Gasoline,3.6L V6 24V GDI DOHC,6-Speed Automatic,Ebony Twilight Metallic,Ebony,None reported,Yes,18051.0,10,0.134052697243346,12241.363636363636
BMW,M235 i,2015,81000,Gasoline,320.0HP 3.0L Straight 6 Cylinder Engine Gasoline Fuel,6-Speed M/T,White,Red,None reported,Yes,27890.0,11,0.3443167368304095,6750.0
McLaren,720S Performance,2020,9989,Gasoline,710.0HP 4.0L 8 Cylinder Engine Gasoline Fuel,7-Speed A/T,Black,Black,None reported,Yes,324995.0,6,32.532032032032035,1427.0
Kia,Telluride SX,2022,46347,Gasoline,3.8L V6 24V GDI DOHC,8-Speed Automatic,Glacial White Pearl,Black,None reported,Yes,46120.0,4,0.9950806938810736,9269.4
Chevrolet,Corvette Base,2007,4048,Gasoline,400.0HP 6.0L 8 Cylinder Engine Gasoline Fuel,6-Speed M/T,Yellow,Gray,None reported,Yes,38000.0,19,9.38503334156582,202.4
Mercedes-Benz,S-Class S 63 AMG,2015,79876,Gasoline,577.0HP 5.5L 8 Cylinder Engine Gasoline Fuel,7-Speed A/T,Black,White,None reported,Yes,45750.0,11,0.5727556117530703,6656.333333333333
Toyota,Mirai Limited,2021,44000,not supported,182.0HP Electric Motor Hydrogen Fuel,A/T,Gray,Black,None reported,Yes,18500.0,5,0.4204449898865935,7333.333333333333
Alfa,Romeo Giulia Ti,2017,56910,Gasoline,280.0HP 2.0L 4 Cylinder Engine Gasoline Fuel,Transmission w/Dual Shift Mode,Blue,Black,None reported,Yes,23000.0,9,0.4041397972272496,5691.0
Land,Rover Range Rover Sport HSE,2019,65019,Gasoline,340.0HP 3.0L V6 Cylinder Engine Gasoline Fuel,A/T,Black,Beige,None reported,Yes,40500.0,7,0.6228852660719778,8127.375
Nissan,370Z Touring,2009,133409,Gasoline,332.0HP 3.7L V6 Cylinder Engine Gasoline Fuel,6-Speed M/T,Silver,Gray,At least 1 accident or damage reported,Yes,14999.0,17,0.11242785398395923,7411.611111111111
BMW,330 i xDrive,2018,74381,Gasoline,248.0HP 2.0L 4 Cylinder Engine Gasoline Fuel,8-Speed A/T,White,Brown,At least 1 accident or damage reported,Yes,22995.0,8,0.3091473743647657,8264.555555555555
Porsche,Macan,2023,2925,Gasoline,2.0L I4 16V GDI DOHC Turbo,7-Speed Automatic with Auto-Shift,Carrara White Metallic,Black,None reported,Yes,73300.0,3,25.051264524948735,731.25
BMW,128 i,2013,67874,Gasoline,230.0HP 3.0L Straight 6 Cylinder Engine Gasoline Fuel,6-Speed A/T,Gray,Black,None reported,Yes,18000.0,13,0.26519337016574585,4848.142857142857
Mercedes-Benz,AMG GLE 63 S Coupe 4MATIC,2018,71500,Gasoline,577.0HP 5.5L 8 Cylinder Engine Gasoline Fuel,7-Speed A/T,White,White,None reported,Yes,61000.0,8,0.8531349211899134,7944.444444444444
Jeep,Wrangler Sport,2014,71000,Gasoline,285.0HP 3.6L V6 Cylinder Engine Gasoline Fuel,5-Speed A/T,Gray,Black,None reported,Yes,22000.0,12,0.3098547907775947,5461.538461538462
Ford,F-150 Raptor,2018,64517,Gasoline,450.0HP 3.5L V6 Cylinder Engine Gasoline Fuel,10-Speed A/T,Black,Black,None reported,Yes,47995.0,8,0.7439009268731207,7168.555555555556
Dodge,Sprinter 2500 High Roof,2004,55000,Diesel,154.0HP 2.7L 5 Cylinder Engine Diesel Fuel,A/T,White,Gray,None reported,Yes,24000.0,22,0.43635570262358864,2391.304347826087
BMW,M550 i xDrive,2019,7580,Gasoline,456.0HP 4.4L 8 Cylinder Engine Gasoline Fuel,Transmission w/Dual Shift Mode,Black,Black,None reported,Yes,51500.0,7,6.79329903706635,947.5
Hyundai,Sonata GLS,2010,135000,Gasoline,168.0HP 2.4L 4 Cylinder Engine Gasoline Fuel,Transmission w/Dual Shift Mode,Blue,Gray,None reported,Yes,3999.0,16,0.029622002799979258,7941.176470588235
Honda,Accord EX-L,2019,62200,Gasoline,192.0HP 1.5L 4 Cylinder Engine Gasoline Fuel,A/T,White,Black,At least 1 accident or damage reported,Yes,21500.0,7,0.34565360685519525,7775.0
Cadillac,CTS 3.6L Premium,2014,69001,Gasoline,321.0HP 3.6L V6 Cylinder Engine Gasoline Fuel,6-Speed A/T,Red,Black,None reported,Yes,19500.0,12,0.2826005043332077,5307.7692307692305
Toyota,4Runner Venture Special Edition,2021,28567,Gasoline,"4L V-6 DOHC, VVT-i variable valve control, regular unleaded, eng",Automatic,–,Black/Graphite,None reported,Yes,44775.0,5,1.5673130775693083,4761.166666666667
Jaguar,XJ8 L,2006,78049,Gasoline,300.0HP 4.2L 8 Cylinder Engine Gasoline Fuel,6-Speed A/T,White,Beige,None reported,Yes,13980.0,20,0.17911595131326072,3716.6190476190477
Ford,F-150 Lariat,2021,36821,Gasoline,3.5L V6 24V PDI DOHC Twin Turbo,Automatic,Agate Black Metallic,Black,None reported,Yes,49273.0,5,1.338140242246483,6136.833333333333
Chevrolet,Suburban High Country,2021,23292,Gasoline,420.0HP 6.2L 8 Cylinder Engine Gasoline Fuel,10-Speed A/T,Brown,Black,None reported,Yes,73500.0,5,3.155454428369038,3882.0
Chevrolet,Suburban 1500 LTZ,2010,162671,E85 Flex Fuel,320.0HP 5.3L 8 Cylinder Engine Flex Fuel Capability,A/T,Black,Black,None reported,Yes,12000.0,16,0.07376807317792859,9568.882352941177
Land,Rover LR2 HSE,2010,100472,Gasoline,230.0HP 3.2L Straight 6 Cylinder Engine Gasoline Fuel,6-Speed A/T,Gray,Beige,None reported,Yes,9975.0,16,0.09928040369054372,5910.117647058823
Subaru,WRX Limited,2017,73120,Gasoline,268.0HP 2.0L 4 Cylinder Engine Gasoline Fuel,CVT Transmission,White,Black,At least 1 accident or damage reported,Yes,19950.0,9,0.2728354371521177,7312.0
Ford,Expedition Timberline,2022,23300,Gasoline,440.0HP 3.5L V6 Cylinder Engine Gasoline Fuel,10-Speed A/T,Green,Green,None reported,Yes,67500.0,4,2.8968713789107765,4660.0
Honda,Clarity Plug-In Hybrid Base,2018,71000,Plug-In Hybrid,212.0HP 1.5L 4 Cylinder Engine Plug-In Electric/Gas,A/T,Red,Beige,At least 1 accident or damage reported,Yes,17500.0,8,0.24647540175490487,7888.888888888889
RAM,3500 Laramie,2022,16648,Diesel,6.7L I6 24V DDI OHV Turbo Diesel,6-Speed Automatic,Flame Red Clearcoat,Black,None reported,Yes,70999.0,4,4.264460327947624,3329.6
Chevrolet,Silverado 2500 LT,2011,240000,Diesel,335.0HP 6.6L 8 Cylinder Engine Diesel Fuel,6-Speed A/T,White,Black,None reported,Yes,18500.0,15,0.07708301215411602,15000.0
Lexus,RX 450h Base,2013,119755,Hybrid,295.0HP 3.5L V6 Cylinder Engine Gas/Electric Hybrid,Transmission w/Dual Shift Mode,Silver,Black,None reported,Yes,19500.0,13,0.16283108988276163,8553.92857142857
Mercedes-Benz,M-Class ML 350 4MATIC,2015,88000,E85 Flex Fuel,302.0HP 3.5L V6 Cylinder Engine Flex Fuel Capability,A/T,Silver,Gray,None reported,Yes,19500.0,11,0.22158839104101088,7333.333333333333
BMW,X5 xDrive40i,2021,41000,Hybrid,335.0HP 3.0L Straight 6 Cylinder Engine Gasoline/Mild Electric Hybrid,8-Speed A/T,White,Black,None reported,Yes,50000.0,5,1.219482451647521,6833.333333333333
Chevrolet,Camaro 2SS,2022,7458,Gasoline,455.0HP 6.2L 8 Cylinder Engine Gasoline Fuel,6-Speed M/T,Red,Black,None reported,Yes,47500.0,4,6.368145864056844,1491.6
Jeep,Gladiator Sport S,2022,23000,Gasoline,285.0HP 3.6L V6 Cylinder Engine Gasoline Fuel,A/T,Green,Black,None reported,Yes,43000.0,4,1.869483935481066,4600.0
Ford,F-250 XLT,2017,244000,Diesel,440.0HP 6.7L 8 Cylinder Engine Diesel Fuel,6-Speed A/T,Red,Beige,None reported,Yes,35500.0,9,0.14549120700325,24400.0
RAM,1500 Rebel,2019,46000,Hybrid,305.0HP 3.6L V6 Cylinder Engine Gasoline/Mild Electric Hybrid,8-Speed A/T,White,–,None reported,Yes,37900.0,7,0.8238951327145062,5750.0
Audi,Q5 S line Premium Plus,2022,13133,Hybrid,2.0 Liter TFSI,Automatic,Silver,Black,None reported,Yes,42998.0,4,3.2737932084665755,2626.6
RAM,1500 SLT,2017,45000,Gasoline,395.0HP 5.7L 8 Cylinder Engine Gasoline Fuel,A/T,Black,Gray,None reported,Yes,29999.0,9,0.6666296304526567,4500.0
Mazda,CX-30 Premium Package,2021,18385,Gasoline,2.5L I4 16V GDI DOHC,6-Speed Automatic,Soul Red Crystal Metallic,White / Brown,None reported,Yes,29255.0,5,1.5911563145871859,3064.1666666666665
BMW,840 Gran Coupe i xDrive,2020,25793,Gasoline,3.0L I6 24V GDI DOHC Turbo,8-Speed Automatic,Black Sapphire Metallic,Black,None reported,Yes,52999.0,6,2.0547026440257423,3684.714285714286
Porsche,Boxster S,2005,44400,Gasoline,280.0HP 3.2L Flat 6 Cylinder Engine Gasoline Fuel,6-Speed M/T,Silver,Black,None reported,Yes,29800.0,21,0.6711560550438053,2018.1818181818182
Chevrolet,Malibu Limited LT,2016,104000,Gasoline,2.5L 4 Cylinder Engine Gasoline Fuel,6-Speed A/T,Silver,Gray,None reported,Yes,10500.0,10,0.10096056768684916,9454.545454545454
Cadillac,Escalade Premium Luxury,2023,600,Gasoline,420.0HP 6.2L 8 Cylinder Engine Gasoline Fuel,A/T,Black,Black,None reported,Yes,103000.0,3,171.38103161397672,150.0
MINI,Cooper S Base,2007,45000,Gasoline,172.0HP 1.6L 4 Cylinder Engine Gasoline Fuel,6-Speed M/T,Yellow,Black,None reported,Yes,7900.0,19,0.17555165440767984,2250.0
Jeep,Gladiator Mojave,2022,24500,Gasoline,285.0HP 3.6L V6 Cylinder Engine Gasoline Fuel,8-Speed A/T,Blue,Black,None reported,Yes,64000.0,4,2.612138280070201,4900.0
Buick,Encore GX Essence,2020,35569,Gasoline,1.3L I3 12V MPFI DOHC Turbo,Automatic CVT,Satin Steel Metallic,Ebony,None reported,Yes,21999.0,6,0.6184706213100928,5081.285714285715
Toyota,Highlander XLE,2020,35000,Gasoline,295.0HP 3.5L V6 Cylinder Engine Gasoline Fuel,A/T,Silver,Black,None reported,Yes,36999.0,6,1.0570840833119053,5000.0
Acura,MDX Touring,2003,165000,Gasoline,260.0HP 3.5L V6 Cylinder Engine Gasoline Fuel,A/T,Silver,Black,At least 1 accident or damage reported,Yes,4000.0,23,0.024242277319531397,6875.0
Land,Rover Range Rover Sport SE MHEV,2021,15000,Hybrid,355.0HP 3.0L Straight 6 Cylinder Engine Gasoline/Mild Electric Hybrid,A/T,Black,Black,None reported,Yes,69000.0,5,4.599693353776415,2500.0
BMW,535 i xDrive,2014,119750,Gasoline,300.0HP 3.0L Straight 6 Cylinder Engine Gasoline Fuel,8-Speed A/T,White,Beige,None reported,Yes,15499.0,12,0.1294268941386711,9211.538461538461
Nissan,350Z Touring,2007,90000,Gasoline,306.0HP 3.5L V6 Cylinder Engine Gasoline Fuel,M/T,White,Green,At least 1 accident or damage reported,Yes,12000.0,19,0.13333185186831256,4500.0
Ford,Transit Connect XLT,2015,112000,Gasoline,169.0HP 2.5L 4 Cylinder Engine Gasoline Fuel,A/T,White,Black,At least 1 accident or damage reported,Yes,14500.0,11,0.12946312979348398,9333.333333333334
Mercedes-Benz,SL-Class SL550 Roadster,2008,150000,Gasoline,382.0HP 5.5L 8 Cylinder Engine Gasoline Fuel,7-Speed A/T,Black,Beige,None reported,Yes,16800.0,18,0.11199925333831108,7894.736842105263
Porsche,911 Turbo S,2021,1912,Gasoline,640.0HP 3.8L Flat 6 Cylinder Engine Gasoline Fuel,8-Speed A/T,Silver,Black,None reported,Yes,240000.0,5,125.45739675901726,318.6666666666667
Hyundai,Sonata Sport 2.0T,2015,82900,Gasoline,245.0HP 2.0L 4 Cylinder Engine Gasoline Fuel,A/T,Black,Black,At least 1 accident or damage reported,Yes,13995.0,11,0.16881581645577254,6908.333333333333
Audi,TT 1.8T,2004,79500,Gasoline,180.0HP 1.8L 4 Cylinder Engine Gasoline Fuel,A/T,Silver,Black,None reported,Yes,12000.0,22,0.15094149759122527,3456.521739130435
Volvo,XC90 T6 Inscription,2019,60000,Gasoline,316.0HP 2.0L 4 Cylinder Engine Gasoline Fuel,8-Speed A/T,White,Black,None reported,Yes,37000.0,7,0.6166563890601823,7500.0
RAM,1500 Big Horn,2021,41800,Diesel,260.0HP 3.0L V6 Cylinder Engine Diesel Fuel,8-Speed A/T,White,Black,None reported,Yes,44900.0,5,1.074136982368843,6966.666666666667
Chevrolet,Tahoe LT,2021,71536,Gasoline,5.3L V8 16V GDI OHV,10-Speed Automatic,Black,Jet Black,None reported,Yes,49685.0,5,0.6945356948152704,11922.666666666666
Ford,Explorer XLT,2014,127558,Gasoline,3.5L V6 24V MPFI DOHC,6-Speed Automatic,Green,Charcoal Black,None reported,Yes,13715.0,12,0.10751887361926638,9812.153846153846
Ford,Mustang Mach-E Premium,2023,13232,Gasoline,346.0HP Electric Motor Electric Fuel System,1-Speed A/T,Gray,Black,None reported,Yes,45000.0,3,3.4005894355021535,3308.0
Chevrolet,Camaro 1SS,2017,39000,Gasoline,455.0HP 6.2L 8 Cylinder Engine Gasoline Fuel,8-Speed A/T,Yellow,Black,None reported,Yes,31500.0,9,0.8076715981641497,3900.0
Ford,Bronco Big Bend Advanced,2023,11500,Gasoline,315.0HP 2.7L V6 Cylinder Engine Gasoline Fuel,10-Speed A/T,Gray,Black,None reported,Yes,54490.0,3,4.737848882705852,2875.0
Chrysler,Pacifica Launch Edition,2020,22200,Gasoline,287.0HP 3.6L V6 Cylinder Engine Gasoline Fuel,9-Speed A/T,Black,Black,None reported,Yes,36800.0,6,1.657582991757128,3171.4285714285716
Tesla,Model Y Long Range,2023,7414,Gasoline,425.0HP Electric Motor Electric Fuel System,A/T,Black,White,None reported,Yes,56515.0,3,7.621712744436952,1853.5
Lamborghini,Huracan LP580-2,2017,14586,Gasoline,"5.2L V-10 gasoline direct injection, DOHC, variable valve contro",Automatic,Blue Caelum,Nero Ade,None reported,Yes,209991.0,9,14.39576335092891,1458.6
RAM,1500 Rebel,2021,32000,Hybrid,395.0HP 5.7L 8 Cylinder Engine Gasoline/Mild Electric Hybrid,8-Speed A/T,White,Black,None reported,Yes,50927.0,5,1.5914190181556827,5333.333333333333
Toyota,86 Base,2020,14700,Gasoline,200.0HP 2.0L 4 Cylinder Engine Gasoline Fuel,A/T,White,Black,None reported,Yes,27350.0,6,1.860417658662676,2100.0
BMW,X5 xDrive50i,2016,79995,Gasoline,445.0HP 4.4L 8 Cylinder Engine Gasoline Fuel,Transmission w/Dual Shift Mode,Black,Black,None reported,Yes,23995.0,10,0.29995249762488124,7272.272727272727
GMC,Yukon Denali,2018,76000,Gasoline,420.0HP 6.2L 8 Cylinder Engine Gasoline Fuel,A/T,Black,Black,None reported,Yes,44500.0,8,0.5855186115972159,8444.444444444445
Honda,Accord EX-L,2014,62000,Gasoline,185.0HP 2.4L 4 Cylinder Engine Gasoline Fuel,CVT Transmission,Gray,Black,At least 1 accident or damage reported,Yes,18987.0,12,0.306236996177481,4769.2307692307695
Maserati,Ghibli S Q4,2017,53500,Gasoline,404.0HP 3.0L V6 Cylinder Engine Gasoline Fuel,8-Speed A/T,Gray,Black,None reported,Yes,28700.0,9,0.5364385712416591,5350.0
Hyundai,Kona EV SEL,2022,9400,Gasoline,201.0HP Electric Motor Electric Fuel System,1-Speed A/T,Red,Black,None reported,Yes,31999.0,4,3.4037868311881714,1880.0
BMW,435 i,2014,86500,Gasoline,300.0HP 3.0L Straight 6 Cylinder Engine Gasoline Fuel,A/T,Silver,Black,None reported,Yes,20900.0,12,0.24161570386469522,6653.846153846154
Mercedes-Benz,GL-Class GL 450,2011,148000,Gasoline,335.0HP 4.7L 8 Cylinder Engine Gasoline Fuel,A/T,Black,Black,At least 1 accident or damage reported,Yes,9900.0,15,0.06689143992270323,9250.0
GMC,Sierra 1500 SLE,2014,100080,E85 Flex Fuel,285.0HP 4.3L V6 Cylinder Engine Flex Fuel Capability,6-Speed A/T,White,Gray,None reported,Yes,22989.0,12,0.22970393980875492,7698.461538461538
Dodge,Challenger SRT Demon,2018,2620,Gasoline,808.0HP 6.2L 8 Cylinder Engine Gasoline Fuel,8-Speed A/T,Black,Black,None reported,Yes,155700.0,8,59.4048073254483,291.1111111111111
BMW,X5 PHEV xDrive45e,2023,3099,Plug-In Hybrid,389.0HP 3.0L Straight 6 Cylinder Engine Plug-In Electric/Gas,8-Speed A/T,Black,Black,None reported,Yes,74995.0,3,24.191935483870967,774.75
Dodge,Durango R/T,2020,78000,Gasoline,360.0HP 5.7L 8 Cylinder Engine Gasoline Fuel,8-Speed A/T,Black,Red,At least 1 accident or damage reported,Yes,29500.0,6,0.37820027948359636,11142.857142857143
Ferrari,488 Spider Base,2019,9005,Gasoline,3.9L V8 32V GDI DOHC Twin Turbo,7-Speed Automatic with Auto-Shift,White,–,None reported,Yes,319900.0,7,35.52076393515434,1125.625
Ford,Bronco Sport Big Bend,2022,16700,Gasoline,181.0HP 1.5L 3 Cylinder Engine Gasoline Fuel,8-Speed A/T,Blue,Black,None reported,Yes,31000.0,4,1.8561762768696486,3340.0
Honda,Civic LX,2015,51300,Gasoline,143.0HP 1.8L 4 Cylinder Engine Gasoline Fuel,5-Speed M/T,Black,Black,None reported,Yes,17500.0,11,0.3411239546987388,4275.0
Ford,Shelby GT350 Base,2018,8237,Gasoline,526.0HP 5.2L 8 Cylinder Engine Gasoline Fuel,6-Speed M/T,Gray,Black,None reported,Yes,62900.0,8,7.6353483855304685,915.2222222222222
Volkswagen,Jetta S,2010,99000,Gasoline,170.0HP 2.5L 5 Cylinder Engine Gasoline Fuel,A/T,Gray,Black,At least 1 accident or damage reported,Yes,6000.0,16,0.060605448429813844,5823.529411764706
Mazda,CX-5 Grand Touring,2021,62377,Gasoline,2.5L I4 16V,6-Speed Automatic,Jet Black Mica,Black,None reported,Yes,26288.0,5,0.4214306325948251,10396.166666666666
Jeep,Wrangler Rubicon,2009,130000,Gasoline,202.0HP 3.8L V6 Cylinder Engine Gasoline Fuel,6-Speed M/T,Black,Gray,None reported,Yes,15500.0,17,0.11922985207806094,7222.222222222223
Ford,F-250 XLT,2016,94300,E85 Flex Fuel,385.0HP 6.2L 8 Cylinder Engine Flex Fuel Capability,6-Speed A/T,Silver,Gray,At least 1 accident or damage reported,Yes,28999.0,10,0.30751529676249456,8572.727272727272
Tesla,Model Y Performance,2022,24115,Gasoline,455.0HP Electric Motor Electric Fuel System,A/T,Gray,White,None reported,Yes,46500.0,4,1.928180461104661,4823.0
BMW,528 i,2016,82000,Gasoline,240.0HP 2.0L 4 Cylinder Engine Gasoline Fuel,8-Speed A/T,Silver,Black,At least 1 accident or damage reported,Yes,16995.0,10,0.2072535700784137,7454.545454545455
Kia,Rio S,2021,67686,Gasoline,120.0HP 1.6L 4 Cylinder Engine Gasoline Fuel,A/T,Silver,Black,None reported,Yes,15700.0,5,0.23195000517085998,11281.0
Tesla,Model S 85,2014,96800,Gasoline,362.0HP Electric Motor Electric Fuel System,A/T,Blue,Black,None reported,Yes,28450.0,12,0.2939019225008006,7446.153846153846
Tesla,Model 3 Standard Range,2020,23097,Gasoline,271.0HP Electric Motor Electric Fuel System,A/T,Black,Black,None reported,Yes,29900.0,6,1.294484370941207,3299.5714285714284
Ferrari,GTC4Lusso T,2018,31000,Gasoline,602.0HP 3.9L 8 Cylinder Engine Gasoline Fuel,A/T,White,Red,None reported,Yes,197499.0,8,6.370729976452372,3444.4444444444443
BMW,X5 M50i,2021,28898,Gasoline,523.0HP 4.4L 8 Cylinder Engine Gasoline Fuel,A/T,Black,Orange,None reported,Yes,71000.0,5,2.4568324163465864,4816.333333333333
Mazda,MX-5 Miata RF Club,2022,7250,Gasoline,181.0HP 2.0L 4 Cylinder Engine Gasoline Fuel,6-Speed M/T,Gray,Black,None reported,Yes,35619.0,4,4.912287960281341,1450.0
Ford,F-250 XLT,2014,59459,Diesel,400.0HP 6.7L 8 Cylinder Engine Diesel Fuel,6-Speed A/T,Black,Silver,At least 1 accident or damage reported,Yes,40999.0,12,0.6895223679784729,4573.7692307692305
Jeep,Wrangler Sahara,2012,78000,Gasoline,285.0HP 3.6L V6 Cylinder Engine Gasoline Fuel,5-Speed A/T,Beige,Black,At least 1 accident or damage reported,Yes,22000.0,14,0.2820476660555634,5200.0
RAM,1500 Laramie,2021,24213,Gasoline,395.0HP 5.7L 8 Cylinder Engine Gasoline Fuel,8-Speed A/T,White,Black,None reported,Yes,46500.0,5,1.9203766416122905,4035.5
RAM,1500 Laramie,2020,21165,Gasoline,5.7L V8 16V MPFI OHV,8-Speed Automatic,Bright White Clearcoat,Black,None reported,Yes,46105.0,6,2.178257582915997,3023.5714285714284
GMC,Yukon Denali,2016,107750,Gasoline,420.0HP 6.2L 8 Cylinder Engine Gasoline Fuel,8-Speed A/T,Black,Black,None reported,Yes,35500.0,10,0.32946329964455084,9795.454545454546
Ford,F-150 Lariat,2016,117000,Gasoline,365.0HP 3.5L V6 Cylinder Engine Gasoline Fuel,A/T,White,Black,None reported,Yes,26500.0,10,0.22649379065136196,10636.363636363636
Chevrolet,Corvette Base,2006,39132,Gasoline,400.0HP 6.0L 8 Cylinder Engine Gasoline Fuel,Transmission w/Dual Shift Mode,Red,Beige,None reported,Yes,35000.0,20,0.894385812485626,1863.4285714285713
BMW,Z4 2.5i,2004,94500,Gasoline,184.0HP 2.5L Straight 6 Cylinder Engine Gasoline Fuel,5-Speed M/T,Gray,Black,None reported,Yes,9000.0,22,0.09523708743822816,4108.695652173913
Subaru,Crosstrek 2.0i Premium,2017,50011,Gasoline,148.0HP 2.0L 4 Cylinder Engine Gasoline Fuel,A/T,Red,Beige,At least 1 accident or damage reported,Yes,21495.0,9,0.4297968487562985,5001.1
Lexus,GX 470 Base,2004,215000,Gasoline,235.0HP 4.7L 8 Cylinder Engine Gasoline Fuel,5-Speed A/T,White,Beige,At least 1 accident or damage reported,Yes,7350.0,22,0.034185887507499964,9347.826086956522
RAM,1500 Laramie,2022,16616,Gasoline,5.7L V8 16V MPFI OHV,8-Speed Automatic,Diamond Black,Black,None reported,Yes,45999.0,4,2.7681892038274056,3323.2
Ford,F-150 XLT,2022,33818,Gasoline,5.0L V8 32V PDI DOHC,Automatic,Agate Black Metallic,Black,None reported,Yes,46552.0,4,1.3765043318844437,6763.6
Jeep,Wagoneer Series III,2022,9099,Gasoline,5.7L V8 16V MPFI OHV,8-Speed Automatic,Velvet Red Pearlcoat,Global Black,None reported,Yes,68362.0,4,7.512307692307692,1819.8
Volkswagen,GTI Base,2008,95798,Gasoline,200.0HP 2.0L 4 Cylinder Engine Gasoline Fuel,6-Speed M/T,White,Black,None reported,Yes,9850.0,18,0.10281944487938287,5042.0
Mercedes-Benz,AMG GLE AMG GLE 63 S-Model 4MATIC,2016,35943,Gasoline,577.0HP 5.5L 8 Cylinder Engine Gasoline Fuel,7-Speed A/T,Black,White,None reported,Yes,51700.0,10,1.4383485421767193,3267.5454545454545
Mazda,Mazda6 iSport VE,2008,106000,Gasoline,156.0HP 2.3L 4 Cylinder Engine Gasoline Fuel,5-Speed A/T,Black,Beige,None reported,Yes,4300.0,18,0.04056565504099018,5578.9473684210525
Kia,Telluride EX X-Line,2023,10400,Gasoline,291.0HP 3.8L V6 Cylinder Engine Gasoline Fuel,8-Speed A/T,Green,Green,None reported,Yes,48000.0,3,4.61494087107009,2600.0
Chevrolet,Tahoe LT,2022,2894,Gasoline,355.0HP 5.3L 8 Cylinder Engine Gasoline Fuel,10-Speed A/T,Blue,Beige,None reported,Yes,63900.0,4,22.072538860103627,578.8
Dodge,Durango GT,2022,15592,Gasoline,3.6L V6 24V MPFI DOHC,8-Speed Automatic,DB Black Clearcoat,Black,None reported,Yes,39985.0,4,2.564291669338806,3118.4
Mercedes-Benz,AMG C 63 Base,2020,33548,Gasoline,469.0HP 4.0L 8 Cylinder Engine Gasoline Fuel,9-Speed A/T,Silver,Black,None reported,Yes,57999.0,6,1.7287847625860682,4792.571428571428
BMW,320 i xDrive,2016,185000,Gasoline,180.0HP 2.0L 4 Cylinder Engine Gasoline Fuel,8-Speed A/T,Black,Beige,At least 1 accident or damage reported,Yes,7500.0,10,0.04054032140366809,16818.18181818182
Porsche,Macan GTS,2023,6483,Gasoline,2.9L V6 24V GDI DOHC Twin Turbo,7-Speed Automatic with Auto-Shift,Chalk,Black,None reported,Yes,96900.0,3,14.944478716841456,1620.75
Honda,Pilot EX-L,2020,28886,Gasoline,3.5L V6 24V GDI SOHC,6-Speed Automatic,Gray,Gray,None reported,Yes,35645.0,6,1.233946065704296,4126.571428571428
Mercedes-Benz,GLE 350 Base,2020,26293,Gasoline,2.0 Liter Turbo,Automatic,designo Diamond White Bright,Macchiato/Magmagrey,None reported,Yes,49998.0,6,1.901498440708907,3756.1428571428573
Chevrolet,Camaro 2SS,2017,62000,Gasoline,455.0HP 6.2L 8 Cylinder Engine Gasoline Fuel,Transmission w/Dual Shift Mode,Blue,Black,None reported,Yes,34500.0,9,0.5564426380219674,6200.0
Jaguar,XF 35t Prestige,2017,101453,Gasoline,340.0HP 3.0L V6 Cylinder Engine Gasoline Fuel,A/T,White,Beige,At least 1 accident or damage reported,Yes,18500.0,9,0.18234865061998543,10145.3
RAM,3500 Laramie,2013,106385,Diesel,385.0HP 6.7L Straight 6 Cylinder Engine Diesel Fuel,6-Speed A/T,White,Black,At least 1 accident or damage reported,Yes,42900.0,13,0.40324854774124413,7598.928571428572
BMW,335 is,2012,86629,Gasoline,320.0HP 3.0L Straight 6 Cylinder Engine Gasoline Fuel,7-Speed A/T,White,Red,None reported,Yes,20995.0,14,0.2423525337642849,5775.266666666666
Audi,S6 4.0T Premium Plus,2018,61258,Gasoline,450.0HP 4.0L 8 Cylinder Engine Gasoline Fuel,7-Speed A/T,White,Black,None reported,Yes,49999.0,8,0.8161902740821757,6806.444444444444
Chrysler,300 S,2014,121500,Gasoline,363.0HP 5.7L 8 Cylinder Engine Gasoline Fuel,5-Speed A/T,Blue,Black,None reported,Yes,15999.0,12,0.13167792857671953,9346.153846153846
GMC,Sierra 1500 AT4,2022,100,Diesel,277.0HP 3.0L Straight 6 Cylinder Engine Diesel Fuel,10-Speed A/T,White,Black,None reported,Yes,62499.0,4,618.8019801980198,20.0
Chrysler,200 C,2015,170000,E85 Flex Fuel,295.0HP 3.6L V6 Cylinder Engine Flex Fuel Capability,9-Speed A/T,Silver,Black,At least 1 accident or damage reported,Yes,5995.0,11,0.035264498444126796,14166.666666666666
Ford,F-150 XLT SuperCab,2010,232000,Gasoline,292.0HP 4.6L 8 Cylinder Engine Gasoline Fuel,A/T,Blue,Gray,None reported,Yes,3000.0,16,0.012930978745781268,13647.058823529413
MINI,Cooper S Base,2006,95000,Gasoline,168.0HP 1.6L 4 Cylinder Engine Gasoline Fuel,6-Speed M/T,Gray,–,None reported,Yes,12500.0,20,0.13157756234144904,4523.809523809524
Toyota,Venza XLE,2013,103466,Gasoline,268.0HP 3.5L V6 Cylinder Engine Gasoline Fuel,A/T,White,Gray,At least 1 accident or damage reported,Yes,14200.0,13,0.13724182589617945,7390.428571428572
Toyota,Camry Hybrid Base,2011,133121,Hybrid,147.0HP 2.4L 4 Cylinder Engine Gas/Electric Hybrid,A/T,White,White,At least 1 accident or damage reported,Yes,7900.0,15,0.05934406033563198,8320.0625
Chevrolet,Tahoe LT,2012,162731,E85 Flex Fuel,320.0HP 5.3L 8 Cylinder Engine Flex Fuel Capability,A/T,Brown,Gray,None reported,Yes,14500.0,14,0.08910355676818327,10848.733333333334
Mercedes-Benz,CLS-Class CLS 63 AMG S-Model 4MATIC,2014,64500,Gasoline,577.0HP 5.5L 8 Cylinder Engine Gasoline Fuel,7-Speed A/T,Silver,Black,None reported,Yes,37500.0,12,0.5813863350955799,4961.538461538462
Ford,Shelby GT500 Base,2021,568,Gasoline,760.0HP 5.2L 8 Cylinder Engine Gasoline Fuel,7-Speed A/T,Orange,Black,None reported,Yes,90788.0,5,159.55711775043937,94.66666666666667
Porsche,Macan S,2015,80300,Gasoline,340.0HP 3.0L V6 Cylinder Engine Gasoline Fuel,7-Speed A/T,Gray,Beige,None reported,Yes,23999.0,11,0.2988630278576855,6691.666666666667
Ford,F-150 XLT SuperCab,2004,187000,Gasoline,300.0HP 5.4L 8 Cylinder Engine Gasoline Fuel,A/T,Beige,Beige,None reported,Yes,6299.0,22,0.03368431184859974,8130.434782608696
Subaru,Outback 2.5 i Special Edition,2009,181870,Gasoline,169.0HP 2.5L 4 Cylinder Engine Gasoline Fuel,A/T,Black,Black,None reported,Yes,6500.0,17,0.03573961764107527,10103.888888888889
GMC,Sierra 2500 AT4,2022,22600,Diesel,6.6L V8 32V DDI OHV Turbo Diesel,Automatic,Ebony Twilight Metallic,Jet Black,None reported,Yes,76740.0,4,3.3954249811955224,4520.0
BMW,X5 xDrive40i,2020,37000,Gasoline,335.0HP 3.0L Straight 6 Cylinder Engine Gasoline Fuel,8-Speed A/T,Black,Black,At least 1 accident or damage reported,Yes,50000.0,6,1.351314829328937,5285.714285714285
Porsche,Taycan Base,2022,9728,Gasoline,375.0HP Electric Motor Electric Fuel System,A/T,White,Beige,None reported,Yes,89000.0,4,9.147908315345873,1945.6
Lexus,GX 470 Base,2006,152000,Gasoline,263.0HP 4.7L 8 Cylinder Engine Gasoline Fuel,A/T,Blue,Gray,At least 1 accident or damage reported,Yes,13995.0,20,0.0920717626857718,7238.0952380952385
Ford,F-150 Heritage XL SuperCab Flareside,2004,60260,Gasoline,380.0HP 5.4L 8 Cylinder Engine Gasoline Fuel,4-Speed A/T,Blue,Gray,At least 1 accident or damage reported,Yes,30500.0,22,0.5061316606096812,2620.0
Mazda,MazdaSpeed Miata MX-5 Base,2004,33362,Gasoline,178.0HP 1.8L 4 Cylinder Engine Gasoline Fuel,6-Speed M/T,Silver,Black,At least 1 accident or damage reported,Yes,17599.0,22,0.5275005245331655,1450.5217391304348
GMC,Acadia Denali,2021,47907,Gasoline,3.6L V6 24V GDI DOHC,9-Speed Automatic,Ebony Twilight Metallic,Jet Black,None reported,Yes,38436.0,5,0.802287718126409,7984.5
Mercedes-Benz,Metris Base,2016,17340,Gasoline,208.0HP 2.0L 4 Cylinder Engine Gasoline Fuel,A/T,White,Black,None reported,Yes,29000.0,10,1.6723372354535493,1576.3636363636363
Ford,Expedition EL XLT,2011,195500,E85 Flex Fuel,310.0HP 5.4L 8 Cylinder Engine Flex Fuel Capability,6-Speed A/T,White,Beige,None reported,Yes,8999.0,15,0.046030455087186256,12218.75
RAM,1500 Big Horn,2015,140500,Gasoline,395.0HP 5.7L 8 Cylinder Engine Gasoline Fuel,8-Speed A/T,Red,Gray,At least 1 accident or damage reported,Yes,14000.0,11,0.09964341890805048,11708.333333333334
Jeep,Commander Base,2006,212500,Gasoline,210.0HP 3.7L V6 Cylinder Engine Gasoline Fuel,A/T,Black,Gray,None reported,Yes,6500.0,20,0.03058809135015835,10119.047619047618
Lexus,IS-F Base,2010,77400,Gasoline,416.0HP 5.0L 8 Cylinder Engine Gasoline Fuel,8-Speed A/T,White,Red,At least 1 accident or damage reported,Yes,34500.0,16,0.4457306753142724,4552.941176470588
Ford,Utility Police Interceptor Base,2017,118000,Gasoline,365.0HP 3.5L V6 Cylinder Engine Gasoline Fuel,6-Speed A/T,Black,Black,None reported,Yes,15000.0,9,0.12711756680028136,11800.0
Porsche,Carrera GT Base,2005,4400,Gasoline,605.0HP 5.7L 10 Cylinder Engine Gasoline Fuel,6-Speed M/T,Gray,Black,None reported,Yes,1599000.0,21,363.32651670074983,200.0
Cadillac,Escalade ESV Luxury,2016,146200,Gasoline,420.0HP 6.2L 8 Cylinder Engine Gasoline Fuel,8-Speed A/T,White,Beige,None reported,Yes,24500.0,10,0.16757751314970487,13290.90909090909
Tesla,Model Y Performance,2020,39000,Gasoline,455.0HP Electric Motor Electric Fuel System,1-Speed A/T,Silver,Black,None reported,Yes,43000.0,6,1.1025358324145536,5571.428571428572
Chevrolet,Avalanche 1500 LS,2005,130000,E85 Flex Fuel,295.0HP 5.3L 8 Cylinder Engine Flex Fuel Capability,A/T,Red,Gray,None reported,Yes,7200.0,21,0.0553841893523896,5909.090909090909
Ford,F-150 Lariat,2021,33080,Gasoline,325.0HP 2.7L V6 Cylinder Engine Gasoline Fuel,10-Speed A/T,White,Black,None reported,Yes,47850.0,5,1.4464496236510385,5513.333333333333
Mercedes-Benz,GLB 250 Base 4MATIC,2023,1219,Gasoline,2.0L I4 16V GDI DOHC Turbo,Automatic,Midnight Black,Classic Red,None reported,Yes,46479.0,3,38.09754098360656,304.75
Jeep,Wrangler Sport,2016,41000,Gasoline,285.0HP 3.6L V6 Cylinder Engine Gasoline Fuel,5-Speed A/T,White,Black,None reported,Yes,25000.0,10,0.6097412258237604,3727.2727272727275
Nissan,350Z Touring,2004,110897,Gasoline,287.0HP 3.5L V6 Cylinder Engine Gasoline Fuel,6-Speed M/T,Black,Orange,At least 1 accident or damage reported,Yes,11500.0,22,0.10369889447961189,4821.608695652174
Chevrolet,Corvette Z06,2016,49000,Gasoline,650.0HP 6.2L 8 Cylinder Engine Gasoline Fuel,7-Speed M/T,Orange,–,None reported,Yes,75000.0,10,1.530581008550846,4454.545454545455
Pontiac,Solstice GXP,2007,47000,Gasoline,260.0HP 2.0L 4 Cylinder Engine Gasoline Fuel,5-Speed M/T,Black,Black,None reported,Yes,13300.0,19,0.28297270270845304,2350.0
Hyundai,Sonata SE,2018,57690,Gasoline,185.0HP 2.4L 4 Cylinder Engine Gasoline Fuel,A/T,Gray,Gray,At least 1 accident or damage reported,Yes,15900.0,8,0.2756062470749337,6410.0
Mercedes-Benz,SLS AMG Base,2012,17941,Gasoline,6.2L V8 32V MPFI DOHC,7-Speed Automatic with Auto-Shift,Iridium Silver Metallic,Red,None reported,Yes,226000.0,14,12.596143127856426,1196.0666666666666
Lincoln,Navigator Reserve,2018,54000,Gasoline,450.0HP 3.5L V6 Cylinder Engine Gasoline Fuel,10-Speed A/T,Brown,Orange,At least 1 accident or damage reported,Yes,46500.0,8,0.8610951649043537,6000.0
Nissan,Maxima SL,2007,101600,Gasoline,255.0HP 3.5L V6 Cylinder Engine Gasoline Fuel,A/T,Silver,Black,None reported,Yes,6700.0,19,0.06594423283235401,5080.0
Ford,Ranger XLT,2021,89000,Gasoline,270.0HP 2.3L 4 Cylinder Engine Gasoline Fuel,10-Speed A/T,Black,Black,None reported,Yes,34000.0,5,0.3820181795710161,14833.333333333334
Tesla,Model 3 Long Range,2021,18000,Gasoline,Electric Motor Electric Fuel System,A/T,Black,Black,None reported,Yes,42500.0,5,2.3609799455585803,3000.0
Jaguar,XE 35t Premium,2017,55000,Gasoline,340.0HP 3.0L V6 Cylinder Engine Gasoline Fuel,A/T,Gray,Black,None reported,Yes,25000.0,9,0.45453719023290484,5500.0
Lincoln,MKZ Reserve,2017,71964,Gasoline,240.0HP 2.0L 4 Cylinder Engine Gasoline Fuel,6-Speed A/T,Blue,Black,None reported,Yes,18750.0,9,0.2605433196692837,7196.4
Cadillac,Escalade ESV Platinum,2020,92000,Gasoline,420.0HP 6.2L 8 Cylinder Engine Gasoline Fuel,A/T,Black,Black,None reported,Yes,50000.0,6,0.5434723535613744,13142.857142857143
Ford,Fusion SE,2012,160000,E85 Flex Fuel,240.0HP 3.0L V6 Cylinder Engine Flex Fuel Capability,A/T,Gray,Black,None reported,Yes,4500.0,14,0.028124824219848625,10666.666666666666
Mercedes-Benz,E-Class E 350,2012,95816,Gasoline,302.0HP 3.5L V6 Cylinder Engine Gasoline Fuel,7-Speed A/T,White,Beige,None reported,Yes,12000.0,14,0.12523873634115032,6387.733333333334
Jeep,Wrangler Unlimited Sport,2014,132600,Gasoline,285.0HP 3.6L V6 Cylinder Engine Gasoline Fuel,5-Speed A/T,White,–,At least 1 accident or damage reported,Yes,17000.0,12,0.1282041613562492,10200.0
Jeep,Wrangler Sport,2010,149460,Gasoline,202.0HP 3.8L V6 Cylinder Engine Gasoline Fuel,4-Speed A/T,Black,Black,None reported,Yes,10700.0,16,0.07159058215855642,8791.764705882353
Jeep,Wrangler Sport,2011,109646,Gasoline,3.8L V6 12V MPFI OHV,4-Speed Automatic,Mango Tango Pearlcoat,Black,None reported,Yes,16998.0,15,0.15502476127937836,6852.875
Acura,MDX 3.5L w/Technology Package,2019,90605,Gasoline,3.5 Liter,Automatic,White,Parchment,None reported,Yes,27698.0,7,0.3056971944462839,11325.625
Volkswagen,Jetta 1.4T S,2019,59000,Gasoline,147.0HP 1.4L 4 Cylinder Engine Gasoline Fuel,A/T,Gray,Black,None reported,Yes,17000.0,7,0.288130709648989,7375.0
Chevrolet,Corvette Z06,2016,41500,Gasoline,650.0HP 6.2L 8 Cylinder Engine Gasoline Fuel,7-Speed M/T,White,Black,None reported,Yes,66000.0,10,1.590323124743982,3772.7272727272725
Porsche,Cayman R,2012,54000,Gasoline,330.0HP 3.4L Flat 6 Cylinder Engine Gasoline Fuel,7-Speed A/T,Black,Gray,None reported,Yes,75000.0,14,1.3888631692005704,3600.0
Porsche,Cayenne Base,2018,70455,Gasoline,300.0HP 3.6L V6 Cylinder Engine Gasoline Fuel,8-Speed A/T,White,Black,None reported,Yes,45855.0,8,0.650831724764392,7828.333333333333
Subaru,Crosstrek 2.0i Limited,2018,84054,Gasoline,152.0HP 2.0L 4 Cylinder Engine Gasoline Fuel,CVT Transmission,Gray,Black,None reported,Yes,21499.0,8,0.25577300577003154,9339.333333333334
BMW,750 Li,2007,114528,Gasoline,360.0HP 4.8L 8 Cylinder Engine Gasoline Fuel,A/T,Black,Black,None reported,Yes,9000.0,19,0.07858271704109876,5726.4
Jeep,Wrangler Sahara,2013,111850,Gasoline,285.0HP 3.6L V6 Cylinder Engine Gasoline Fuel,A/T,Red,Black,At least 1 accident or damage reported,Yes,26500.0,13,0.23692233417671724,7989.285714285715
GMC,Sierra 2500 AT4,2020,52673,Diesel,445.0HP 6.6L 8 Cylinder Engine Diesel Fuel,6-Speed A/T,Black,Beige,None reported,Yes,69500.0,6,1.3194365341534724,7524.714285714285
BMW,X3 M AWD,2021,31500,Gasoline,473.0HP 3.0L Straight 6 Cylinder Engine Gasoline Fuel,8-Speed A/T,Black,Black,None reported,Yes,54500.0,5,1.7301038062283738,5250.0
BMW,335 i,2011,73000,Gasoline,300.0HP 3.0L Straight 6 Cylinder Engine Gasoline Fuel,Transmission w/Dual Shift Mode,Red,Beige,None reported,Yes,16000.0,15,0.21917507979342749,4562.5
Jeep,Wrangler Unlimited Sahara,2019,59692,Gasoline,285.0HP 3.6L V6 Cylinder Engine Gasoline Fuel,8-Speed A/T,Gray,Black,None reported,Yes,35900.0,7,0.60141055065083,7461.5
Toyota,Corolla S Plus,2016,68364,Gasoline,132.0HP 1.8L 4 Cylinder Engine Gasoline Fuel,Transmission w/Dual Shift Mode,White,Black,None reported,Yes,16000.0,10,0.23403788488261537,6214.909090909091
Land,Rover Discovery HSE LUXURY,2017,47200,Gasoline,340.0HP 3.0L V6 Cylinder Engine Gasoline Fuel,8-Speed A/T,Black,Beige,At least 1 accident or damage reported,Yes,29000.0,9,0.6143937628440076,4720.0
Mercedes-Benz,E-Class E 450 4MATIC,2021,18000,Hybrid,362.0HP 3.0L Straight 6 Cylinder Engine Gasoline/Mild Electric Hybrid,9-Speed A/T,Gray,Black,At least 1 accident or damage reported,Yes,62000.0,5,3.4442530970501637,3000.0
Ford,Fusion Hybrid Base,2012,158366,Hybrid,191.0HP 2.5L 4 Cylinder Engine Gas/Electric Hybrid,A/T,Gray,Black,At least 1 accident or damage reported,Yes,8250.0,14,0.05209418628881017,10557.733333333334
BMW,X1 xDrive 28i,2017,49700,Gasoline,228.0HP 2.0L 4 Cylinder Engine Gasoline Fuel,8-Speed A/T,Blue,Black,None reported,Yes,26000.0,9,0.5231283072775196,4970.0
GMC,Terrain SLE,2010,81500,Gasoline,182.0HP 2.4L 4 Cylinder Engine Gasoline Fuel,A/T,Brown,Gray,None reported,Yes,12250.0,16,0.15030490423430387,4794.117647058823
BMW,i3 120Ah w/Range Extender,2019,16975,Gasoline,170.0HP 0.65L Electric Motor Electric Fuel System,A/T,Black,Black,None reported,Yes,26990.0,7,1.5898916116870876,2121.875
Porsche,911 GT3,2018,5989,Gasoline,"4L H-6 gasoline direct injection, DOHC, VarioCam Plus variable v","Manual, 6-Spd",GT SILVER,BLACK,None reported,Yes,209000.0,8,34.891485809682806,665.4444444444445
Ford,Mustang SVT Cobra,2003,16100,Gasoline,390.0HP 4.6L 8 Cylinder Engine Gasoline Fuel,M/T,Red,Beige,None reported,Yes,35500.0,23,2.204831998012546,670.8333333333334
Land,Rover Range Rover Supercharged LWB,2020,54225,Gasoline,518.0HP 5.0L 8 Cylinder Engine Gasoline Fuel,A/T,White,White,None reported,Yes,67500.0,6,1.2447903219857632,7746.428571428572
RAM,2500 Big Horn,2016,89500,Gasoline,410.0HP 6.4L 8 Cylinder Engine Gasoline Fuel,A/T,Black,Gray,None reported,Yes,35000.0,10,0.391057083161082,8136.363636363636
Ford,E250 Cargo,2013,87501,E85 Flex Fuel,225.0HP 4.6L 8 Cylinder Engine Flex Fuel Capability,4-Speed A/T,White,Gray,At least 1 accident or damage reported,Yes,17777.0,13,0.2031610706041005,6250.071428571428
MINI,Countryman Cooper S ALL4,2018,12370,Gasoline,189.0HP 2.0L 4 Cylinder Engine Gasoline Fuel,8-Speed A/T,Blue,Black,None reported,Yes,28900.0,8,2.336108641176946,1374.4444444444443
RAM,1500 Classic Tradesman,2019,12466,Gasoline,395.0HP 5.7L 8 Cylinder Engine Gasoline Fuel,8-Speed A/T,Gray,Gray,None reported,Yes,28995.0,7,2.32573995347718,1558.25
Volvo,C70 T5,2011,199000,Gasoline,227.0HP 2.5L 5 Cylinder Engine Gasoline Fuel,Transmission w/Dual Shift Mode,Red,Beige,At least 1 accident or damage reported,Yes,5500.0,15,0.0276380520700901,12437.5
Mercedes-Benz,SL-Class SL600 Roadster,2007,78200,Gasoline,510.0HP 5.5L 12 Cylinder Engine Gasoline Fuel,5-Speed A/T,Black,Brown,At least 1 accident or damage reported,Yes,22999.0,19,0.29410109845142646,3910.0
Toyota,Camry Hybrid XLE,2018,22000,Hybrid,208.0HP 2.5L 4 Cylinder Engine Gas/Electric Hybrid,A/T,White,Beige,None reported,Yes,29500.0,8,1.3408481432662152,2444.4444444444443
GMC,Acadia SLE-2,2016,100795,Gasoline,3.6L V6 24V GDI DOHC,6-Speed Automatic,White Frost Tri-Coat,Ebony,At least 1 accident or damage reported,Yes,12995.0,10,0.1289237668161435,9163.181818181818
Chevrolet,Impala 1LT,2019,99941,Gasoline,3.6L V6 24V GDI DOHC,6-Speed Automatic,Silver Ice Metallic,Jet Black,None reported,Yes,17816.0,7,0.17826339276780534,12492.625
Jeep,Grand Cherokee L Laredo,2021,23588,Gasoline,3.6L V6 24V MPFI DOHC,8-Speed Automatic,Metallic,Global Black,None reported,Yes,38633.0,5,1.6377548857518336,3931.3333333333335
Jeep,Liberty Sport,2003,103000,Gasoline,210.0HP 3.7L V6 Cylinder Engine Gasoline Fuel,A/T,Black,Gray,None reported,Yes,5200.0,23,0.05048494674808982,4291.666666666667
Jaguar,XF Luxury,2009,91491,Gasoline,300.0HP 4.2L 8 Cylinder Engine Gasoline Fuel,6-Speed A/T,Blue,Beige,None reported,Yes,7000.0,17,0.07650942158877279,5082.833333333333
Honda,Civic Sport,2020,23131,Gasoline,2.0L I4 16V MPFI DOHC,Automatic CVT,Crystal Black Pearl,Black,At least 1 accident or damage reported,Yes,23739.0,6,1.026240705516168,3304.4285714285716
Subaru,Outback 2.5i Premium,2019,77000,Gasoline,175.0HP 2.5L 4 Cylinder Engine Gasoline Fuel,CVT Transmission,Gray,Gray,At least 1 accident or damage reported,Yes,18749.0,7,0.2434903442812431,9625.0
Land,Rover Range Rover Sport HSE Dynamic,2019,20500,Gasoline,380.0HP 3.0L V6 Cylinder Engine Gasoline Fuel,A/T,White,White,None reported,Yes,76000.0,7,3.7071362372567194,2562.5
Tesla,Model Y Long Range,2022,500,Gasoline,425.0HP Electric Motor Electric Fuel System,A/T,White,Black,None reported,Yes,45900.0,4,91.61676646706587,100.0
Lexus,ES 350 Base,2019,49810,Gasoline,302.0HP 3.5L V6 Cylinder Engine Gasoline Fuel,8-Speed A/T,Gray,Black,At least 1 accident or damage reported,Yes,33900.0,7,0.6805725642930276,6226.25
Honda,CR-V Touring,2022,20229,Gasoline,1.5L I4 16V GDI DOHC Turbo,Automatic CVT,Black,Black,None reported,Yes,36727.0,4,1.8154720711814138,4045.8
Alfa,Romeo Giulia Quadrifoglio,2021,10558,Gasoline,505.0HP 2.9L V6 Cylinder Engine Gasoline Fuel,8-Speed A/T,White,Black,None reported,Yes,75000.0,5,7.102945354673738,1759.6666666666667
BMW,330 i,2005,59300,Gasoline,225.0HP 3.0L Straight 6 Cylinder Engine Gasoline Fuel,M/T,Red,Black,None reported,Yes,30900.0,21,0.5210704709869985,2695.4545454545455
Maybach,Type 57 Base,2004,34254,Gasoline,543.0HP 5.5L 12 Cylinder Engine Gasoline Fuel,5-Speed A/T,Brown,–,None reported,Yes,64250.0,22,1.875638592906145,1489.304347826087
Lexus,ES 250 Base,2021,24364,Gasoline,2.5 Liter,Automatic,Eminent White Pearl,Chateau,None reported,Yes,37998.0,5,1.5595321157397908,4060.6666666666665
Mercedes-Benz,Sprinter 2500,2016,139200,Diesel,161.0HP 2.1L 4 Cylinder Engine Diesel Fuel,A/T,White,Black,At least 1 accident or damage reported,Yes,22000.0,10,0.15804484163188484,12654.545454545454
Mercedes-Benz,E-Class E 350,2012,82046,Gasoline,302.0HP 3.5L V6 Cylinder Engine Gasoline Fuel,7-Speed A/T,Black,Beige,None reported,Yes,13999.0,14,0.1706217168208466,5469.733333333334
RAM,1500 Tradesman/Express,2017,26269,E85 Flex Fuel,3.6L V6 24V MPFI DOHC Flexible Fuel,8-Speed Automatic,Bright White Clearcoat,Black,At least 1 accident or damage reported,Yes,25307.0,9,0.9633422154548915,2626.9
Mazda,CX-9 Touring,2016,127131,Gasoline,227.0HP 2.5L 4 Cylinder Engine Gasoline Fuel,A/T,Brown,–,At least 1 accident or damage reported,Yes,16770.0,10,0.1319101406412233,11557.363636363636
Porsche,911 Turbo S,2019,31000,Gasoline,580.0HP 3.8L Flat 6 Cylinder Engine Gasoline Fuel,Transmission w/Dual Shift Mode,White,Black,None reported,Yes,179900.0,7,5.803038611657689,3875.0
BMW,X3 xDrive30i,2021,27000,Gasoline,248.0HP 2.0L 4 Cylinder Engine Gasoline Fuel,8-Speed A/T,Black,Brown,None reported,Yes,38400.0,5,1.4221695492759527,4500.0
Jeep,Grand Cherokee Limited,2015,93400,E85 Flex Fuel,290.0HP 3.6L V6 Cylinder Engine Flex Fuel Capability,A/T,White,Black,None reported,Yes,18900.0,11,0.20235329386195008,7783.333333333333
BMW,X7 xDrive40i,2021,9200,Hybrid,335.0HP 3.0L Straight 6 Cylinder Engine Gasoline/Mild Electric Hybrid,8-Speed A/T,White,Brown,At least 1 accident or damage reported,Yes,71200.0,5,7.738289316378655,1533.3333333333333
Mercedes-Benz,SL-Class SL 550,2014,76850,Gasoline,429.0HP 4.7L 8 Cylinder Engine Gasoline Fuel,7-Speed A/T,Brown,Beige,At least 1 accident or damage reported,Yes,32999.0,12,0.42938933780952754,5911.538461538462
Bentley,Continental GT W12,2016,61160,Gasoline,582.0HP 6.0L 12 Cylinder Engine Gasoline Fuel,A/T,Black,Black,At least 1 accident or damage reported,Yes,98000.0,10,1.6023282810941613,5560.0
Jeep,Wrangler Unlimited,2005,146000,Gasoline,190.0HP 4.0L Straight 6 Cylinder Engine Gasoline Fuel,A/T,Red,Black,At least 1 accident or damage reported,Yes,15900.0,21,0.10890336367559127,6636.363636363636
Tesla,Model S 100D,2017,38957,Gasoline,Electric Motor Electric Fuel System,1-Speed A/T,Silver,Beige,None reported,Yes,46750.0,9,1.200010267467529,3895.7
Volkswagen,Golf SportWagen TSI SE,2017,33850,Gasoline,170.0HP 1.8L 4 Cylinder Engine Gasoline Fuel,6-Speed A/T,Blue,Beige,None reported,Yes,16500.0,9,0.4874302088564592,3385.0
Jeep,Wrangler Unlimited Sahara,2020,61830,Gasoline,2.0L I4 16V GDI DOHC Turbo,8-Speed Automatic,Granite Crystal Clearcoat Metallic,Black,At least 1 accident or damage reported,Yes,39860.0,6,0.6446604454076434,8832.857142857143
Kia,Sorento SXL,2017,108559,Gasoline,3.3L V6 24V GDI DOHC,6-Speed Automatic,Titanium Silver,Satin Black,None reported,Yes,15998.0,9,0.14736551215917465,10855.9
Lexus,LS 430 Base,2006,192000,Gasoline,278.0HP 4.3L 8 Cylinder Engine Gasoline Fuel,6-Speed A/T,Silver,Gray,At least 1 accident or damage reported,Yes,7390.0,20,0.038489382867797566,9142.857142857143
Mercedes-Benz,E-Class E 350 4MATIC,2014,83112,Gasoline,302.0HP 3.5L V6 Cylinder Engine Gasoline Fuel,7-Speed A/T,Black,Black,None reported,Yes,15500.0,12,0.1864930877239421,6393.2307692307695
Tesla,Model X 75D,2016,52000,Gasoline,518.0HP Electric Motor Electric Fuel System,A/T,Black,Beige,None reported,Yes,52000.0,10,0.9999807696005846,4727.272727272727
RAM,1500 Rebel,2020,57300,Gasoline,395.0HP 5.7L 8 Cylinder Engine Gasoline Fuel,8-Speed A/T,Black,Black,None reported,Yes,43500.0,6,0.7591490549903143,8185.714285714285
MINI,Cooper Base,2008,104500,Gasoline,118.0HP 1.6L 4 Cylinder Engine Gasoline Fuel,6-Speed A/T,Red,Black,At least 1 accident or damage reported,Yes,4100.0,18,0.039234074315078325,5500.0
Ford,Mustang GT Premium,2013,18000,Gasoline,412.0HP 5.0L 8 Cylinder Engine Gasoline Fuel,6-Speed A/T,Silver,Black,None reported,Yes,29000.0,13,1.6110216099105605,1285.7142857142858
Lincoln,Navigator Reserve,2019,39000,Gasoline,450.0HP 3.5L V6 Cylinder Engine Gasoline Fuel,10-Speed A/T,Black,Black,None reported,Yes,51999.0,7,1.3332735058075433,4875.0
Jeep,Gladiator Rubicon,2020,38000,Gasoline,285.0HP 3.6L V6 Cylinder Engine Gasoline Fuel,8-Speed A/T,Black,Black,None reported,Yes,45000.0,6,1.1841793637009552,5428.571428571428
Porsche,Cayman GT4,2016,15168,Gasoline,385.0HP 3.8L Flat 6 Cylinder Engine Gasoline Fuel,6-Speed M/T,White,Black,None reported,Yes,115000.0,10,7.581251236073571,1378.909090909091
Honda,Civic EX,2012,167506,Gasoline,140.0HP 1.8L 4 Cylinder Engine Gasoline Fuel,A/T,Black,–,None reported,Yes,6500.0,14,0.038804348474989106,11167.066666666668
Jeep,Grand Cherokee Laredo,2012,166000,E85 Flex Fuel,290.0HP 3.6L V6 Cylinder Engine Flex Fuel Capability,A/T,White,Gray,At least 1 accident or damage reported,Yes,13000.0,14,0.07831278124830574,11066.666666666666
Ford,Shelby GT500 Base,2021,19200,Gasoline,760.0HP 5.2L 8 Cylinder Engine Gasoline Fuel,Transmission w/Dual Shift Mode,Black,Black,None reported,Yes,82950.0,5,4.320087495442945,3200.0
Land,Rover Defender SE,2022,46000,Hybrid,395.0HP 3.0L Straight 6 Cylinder Engine Gasoline/Mild Electric Hybrid,8-Speed A/T,Green,Beige,None reported,Yes,75000.0,4,1.6303993391448013,9200.0
Hummer,H3 Base,2007,201000,Gasoline,242.0HP 3.7L 5 Cylinder Engine Gasoline Fuel,A/T,White,Black,At least 1 accident or damage reported,Yes,7200.0,19,0.03582071730986413,10050.0
Kia,Sportage LX,2014,87000,Gasoline,182.0HP 2.4L 4 Cylinder Engine Gasoline Fuel,A/T,Black,Black,At least 1 accident or damage reported,Yes,8900.0,12,0.1022976747393708,6692.307692307692
GMC,Yukon XL 1500 SLT,2015,145000,Gasoline,355.0HP 5.3L 8 Cylinder Engine Gasoline Fuel,6-Speed A/T,White,Beige,None reported,Yes,24950.0,11,0.17206777884290453,12083.333333333334
Jeep,Wrangler Unlimited Sport,2020,33060,Gasoline,285.0HP 3.6L V6 Cylinder Engine Gasoline Fuel,8-Speed A/T,White,Black,None reported,Yes,36500.0,6,1.1040198421100391,4722.857142857143
Tesla,Model S Long Range Plus,2021,10550,Gasoline,557.0HP Electric Motor Electric Fuel System,A/T,Gray,Black,None reported,Yes,67800.0,5,6.42593119135627,1758.3333333333333
Audi,A6 3.0T Prestige,2014,89500,Gasoline,310.0HP 3.0L V6 Cylinder Engine Gasoline Fuel,Transmission w/Dual Shift Mode,Gray,Black,None reported,Yes,18000.0,12,0.20111507133998502,6884.615384615385
Jeep,Wrangler 80th Anniversary,2021,27000,Hybrid,285.0HP 3.6L V6 Cylinder Engine Gasoline/Mild Electric Hybrid,8-Speed A/T,Red,Black,None reported,Yes,37500.0,5,1.3888374504647976,4500.0
Jeep,Wrangler Sport,2010,87250,Gasoline,202.0HP 3.8L V6 Cylinder Engine Gasoline Fuel,6-Speed M/T,Blue,Black,None reported,Yes,18500.0,16,0.21203195378849526,5132.35294117647
Volkswagen,CC 2.0T Sport,2016,76495,Gasoline,200.0HP 2.0L 4 Cylinder Engine Gasoline Fuel,A/T,White,Black,At least 1 accident or damage reported,Yes,13000.0,10,0.16994352645889982,6954.090909090909
Cadillac,SRX Luxury Collection,2016,70503,Gasoline,308.0HP 3.6L V6 Cylinder Engine Gasoline Fuel,6-Speed A/T,Silver,Beige,None reported,Yes,15500.0,10,0.21984568251446726,6409.363636363636
Porsche,Cayenne Turbo,2009,41965,Gasoline,500.0HP 4.8L 8 Cylinder Engine Gasoline Fuel,Transmission w/Dual Shift Mode,Black,Beige,At least 1 accident or damage reported,Yes,35000.0,17,0.8340084830577134,2331.3888888888887
Mitsubishi,Eclipse GT,2003,146000,Gasoline,200.0HP 3.0L V6 Cylinder Engine Gasoline Fuel,4-Speed A/T,Gray,Black,At least 1 accident or damage reported,Yes,4200.0,23,0.028766926253929768,6083.333333333333
Chevrolet,Corvette Stingray w/1LT,2023,9000,Gasoline,490.0HP 6.2L 8 Cylinder Engine Gasoline Fuel,8-Speed A/T,White,White,None reported,Yes,82500.0,3,9.1656482613043,2250.0
Toyota,GR86 Premium,2022,1050,Gasoline,228.0HP 2.4L 4 Cylinder Engine Gasoline Fuel,6-Speed A/T,Gray,Black,None reported,Yes,40000.0,4,38.05899143672693,210.0
Land,Rover Range Rover P525 Westminster,2021,22270,Gasoline,5.0L V8 32V GDI DOHC Supercharged,8-Speed Automatic,Gray,Ebony,None reported,Yes,89900.0,5,4.036639576130394,3711.6666666666665
Ford,Mustang GT Premium,2012,19900,Gasoline,412.0HP 5.0L 8 Cylinder Engine Gasoline Fuel,6-Speed A/T,White,Black,None reported,Yes,26500.0,14,1.3315913773177228,1326.6666666666667
Tesla,Model Y Long Range,2020,19800,Gasoline,425.0HP Electric Motor Electric Fuel System,1-Speed A/T,White,White,None reported,Yes,44990.0,6,2.272107469319731,2828.5714285714284
RAM,1500 Sport,2012,113500,Gasoline,390.0HP 5.7L 8 Cylinder Engine Gasoline Fuel,A/T,Black,Black,None reported,Yes,17900.0,14,0.15770786160474357,7566.666666666667
Lamborghini,Gallardo LP550-2,2013,22000,Gasoline,550.0HP 5.2L 10 Cylinder Engine Gasoline Fuel,6-Speed A/T,Black,Black,None reported,Yes,150000.0,13,6.817871914912958,1571.4285714285713
INFINITI,Q60 3.0t Red Sport 400,2022,3300,Gasoline,400.0HP 3.0L V6 Cylinder Engine Gasoline Fuel,Transmission w/Dual Shift Mode,Red,Black,None reported,Yes,54000.0,4,16.35867918812481,660.0
Volkswagen,e-Golf SE,2016,41615,Gasoline,115.0HP Electric Motor Electric Fuel System,1-Speed A/T,Blue,Gray,None reported,Yes,12000.0,10,0.28835063437139563,3783.181818181818
Tesla,Model X Long Range,2022,11860,Gasoline,670.0HP Electric Motor Electric Fuel System,A/T,White,White,None reported,Yes,92500.0,4,7.798667903212208,2372.0
BMW,M5 Base,2015,27000,Gasoline,560.0HP 4.4L 8 Cylinder Engine Gasoline Fuel,7-Speed A/T,Black,Black,None reported,Yes,52500.0,11,1.9443724306507166,2250.0
Kia,K5 GT-Line,2022,22101,Gasoline,1.6L I4 16V GDI DOHC Turbo,8-Speed Automatic,Glacial White Pearl,Black,At least 1 accident or damage reported,Yes,29430.0,4,1.3315537055470092,4420.2
Subaru,BRZ Limited,2013,46452,Gasoline,200.0HP 2.0L 4 Cylinder Engine Gasoline Fuel,6-Speed M/T,Gray,Black,None reported,Yes,22888.0,13,0.4927130648182034,3318.0
Lincoln,MKZ Reserve I,2019,36000,Gasoline,245.0HP 2.0L 4 Cylinder Engine Gasoline Fuel,6-Speed A/T,White,Beige,None reported,Yes,26500.0,7,0.7360906641482181,4500.0
Chevrolet,Corvette Grand Sport,2019,13100,Gasoline,460.0HP 6.2L 8 Cylinder Engine Gasoline Fuel,7-Speed M/T,Silver,Red,None reported,Yes,61950.0,7,4.728646668193267,1637.5
Audi,Q5 2.0T Premium Plus,2019,50000,Gasoline,248.0HP 2.0L 4 Cylinder Engine Gasoline Fuel,7-Speed A/T,White,Beige,At least 1 accident or damage reported,Yes,27000.0,7,0.5399892002159957,6250.0
Mazda,CX-9 Signature,2018,19500,Gasoline,227.0HP 2.5L 4 Cylinder Engine Gasoline Fuel,Transmission w/Dual Shift Mode,White,Brown,None reported,Yes,32250.0,8,1.653761345572022,2166.6666666666665
Ford,Mustang GT,2016,36000,Gasoline,435.0HP 5.0L 8 Cylinder Engine Gasoline Fuel,6-Speed M/T,Orange,Black,At least 1 accident or damage reported,Yes,31000.0,10,0.8610871920224438,3272.7272727272725
Rolls-Royce,Wraith Base,2016,21000,Gasoline,624.0HP 6.6L 12 Cylinder Engine Gasoline Fuel,A/T,Brown,Black,None reported,Yes,217000.0,10,10.332841293271748,1909.090909090909
Chevrolet,Camaro 1SS,2022,6640,Gasoline,455.0HP 6.2L 8 Cylinder Engine Gasoline Fuel,A/T,Orange,Black,None reported,Yes,51999.0,4,7.829995482608041,1328.0
BMW,X5 xDrive35i,2016,74850,Gasoline,300.0HP 3.0L Straight 6 Cylinder Engine Gasoline Fuel,A/T,White,Brown,At least 1 accident or damage reported,Yes,21900.0,10,0.29258126143939295,6804.545454545455
Nissan,Maxima SV,2014,117000,Gasoline,290.0HP 3.5L V6 Cylinder Engine Gasoline Fuel,Transmission w/Dual Shift Mode,White,Black,At least 1 accident or damage reported,Yes,10900.0,12,0.09316159690942813,9000.0
Toyota,Tundra TRD Pro,2016,51400,E85 Flex Fuel,381.0HP 5.7L 8 Cylinder Engine Flex Fuel Capability,6-Speed A/T,Black,Black,None reported,Yes,39900.0,10,0.7762494893095465,4672.727272727273
INFINITI,QX60 AUTOGRAPH,2022,6000,Gasoline,295.0HP 3.5L V6 Cylinder Engine Gasoline Fuel,9-Speed A/T,Gold,Brown,None reported,Yes,57999.0,4,9.664889185135811,1200.0
Mitsubishi,Lancer Evolution MR,2006,128000,Gasoline,286.0HP 2.0L 4 Cylinder Engine Gasoline Fuel,6-Speed M/T,Silver,Black,None reported,Yes,37999.0,20,0.29686486824321684,6095.238095238095
BMW,X3 xDrive30i,2021,15000,Gasoline,248.0HP 2.0L 4 Cylinder Engine Gasoline Fuel,Transmission w/Dual Shift Mode,White,Brown,None reported,Yes,39995.0,5,2.6661555896273583,2500.0
Toyota,Tundra SR5,2016,119000,Gasoline,381.0HP 5.7L 8 Cylinder Engine Gasoline Fuel,6-Speed A/T,Red,Black,None reported,Yes,29950.0,10,0.2516785573230477,10818.181818181818
Lincoln,Mark LT Base,2006,87500,Gasoline,300.0HP 5.4L 8 Cylinder Engine Gasoline Fuel,A/T,Silver,Black,At least 1 accident or damage reported,Yes,12999.0,20,0.1485583021908321,4166.666666666667
Ford,Flex SEL,2011,149000,Gasoline,262.0HP 3.5L V6 Cylinder Engine Gasoline Fuel,6-Speed A/T,Black,Beige,None reported,Yes,7999.0,15,0.05368420346172173,9312.5
Audi,Q5 2.0T Premium Plus,2015,54700,E85 Flex Fuel,220.0HP 2.0L 4 Cylinder Engine Flex Fuel Capability,8-Speed A/T,Gray,Brown,At least 1 accident or damage reported,Yes,20995.0,11,0.38381382424452937,4558.333333333333
Ford,F-150 XL,2021,45979,Gasoline,3.5L V6 24V PDI DOHC Twin Turbo,10-Speed Automatic,Agate Black Metallic,Black,None reported,Yes,38532.0,5,0.8380165289256198,7663.166666666667
Lincoln,Continental Reserve,2017,56846,Gasoline,335.0HP 2.7L V6 Cylinder Engine Gasoline Fuel,Transmission w/Dual Shift Mode,White,Beige,None reported,Yes,29000.0,9,0.5101412563547768,5684.6
Tesla,Model X 75D,2017,94100,Gasoline,518.0HP Electric Motor Electric Fuel System,A/T,Black,Orange,At least 1 accident or damage reported,Yes,49900.0,9,0.5302812935037885,9410.0
Jeep,Grand Cherokee Limited,2017,80150,Gasoline,293.0HP 3.6L V6 Cylinder Engine Gasoline Fuel,8-Speed A/T,Blue,Black,At least 1 accident or damage reported,Yes,22500.0,9,0.2807201407343639,8015.0
GMC,Terrain SLT-1,2013,11563,Gasoline,182.0HP 2.4L 4 Cylinder Engine Gasoline Fuel,A/T,Blue,Black,At least 1 accident or damage reported,Yes,12300.0,13,1.0636457973019717,825.9285714285714
Tesla,Model X Long Range,2022,7500,Gasoline,670.0HP Electric Motor Electric Fuel System,A/T,Silver,Black,None reported,Yes,84000.0,4,11.198506865751233,1500.0
Mercedes-Benz,AMG E 53 Base 4MATIC,2021,15615,Hybrid,429.0HP 3.0L Straight 6 Cylinder Engine Gasoline/Mild Electric Hybrid,9-Speed A/T,Gray,Black,None reported,Yes,78000.0,5,4.994877049180328,2602.5
Subaru,Impreza WRX Base,2013,113000,Gasoline,265.0HP 2.5L 4 Cylinder Engine Gasoline Fuel,5-Speed M/T,Blue,Black,At least 1 accident or damage reported,Yes,16000.0,13,0.14159166733037762,8071.428571428572
Kia,Optima S,2018,74000,Gasoline,185.0HP 2.4L 4 Cylinder Engine Gasoline Fuel,6-Speed A/T,White,Black,None reported,Yes,15000.0,8,0.20269996351400657,8222.222222222223
Mercedes-Benz,M-Class ML 350,2011,99200,Gasoline,268.0HP 3.5L V6 Cylinder Engine Gasoline Fuel,A/T,Black,Black,None reported,Yes,11900.0,15,0.11995846816060322,6200.0
Volkswagen,Beetle 2.0T S,2018,36824,Gasoline,174.0HP 2.0L 4 Cylinder Engine Gasoline Fuel,6-Speed A/T,Red,Red,None reported,Yes,23999.0,8,0.651704005431093,4091.5555555555557
Acura,RSX Base,2005,186040,Gasoline,160.0HP 2.0L 4 Cylinder Engine Gasoline Fuel,A/T,Gray,Beige,At least 1 accident or damage reported,Yes,6700.0,21,0.036013566901919467,8456.363636363636
GMC,Acadia SLE,2020,58000,Gasoline,310.0HP 3.6L V6 Cylinder Engine Gasoline Fuel,9-Speed A/T,Black,Black,None reported,Yes,27700.0,6,0.4775779727935725,8285.714285714286
Ford,F-150 Lariat,2020,31250,Gasoline,325.0HP 2.7L V6 Cylinder Engine Gasoline Fuel,A/T,Blue,Gray,None reported,Yes,42500.0,6,1.3599564813925955,4464.285714285715
Jeep,Gladiator Overland,2020,43000,Gasoline,285.0HP 3.6L V6 Cylinder Engine Gasoline Fuel,A/T,White,Beige,None reported,Yes,46500.0,6,1.081370200693007,6142.857142857143
Toyota,Tacoma TRD Sport,2020,41199,Gasoline,3.5 Liter,6 Speed Mt,Black,Black/Gun Metal,None reported,Yes,41598.0,6,1.0096601941747574,5885.571428571428
Kia,EV6 GT-Line,2022,22000,Gasoline,320.0HP Electric Motor Electric Fuel System,1-Speed A/T,Gray,Black,None reported,Yes,45000.0,4,2.0453615744738873,4400.0
Genesis,GV70 3.5T Sport,2022,12900,Gasoline,375.0HP 3.5L V6 Cylinder Engine Gasoline Fuel,8-Speed A/T,Gray,White,None reported,Yes,53000.0,4,4.108208665994884,2580.0
Ford,Explorer ST,2022,10500,Gasoline,400.0HP 3.0L V6 Cylinder Engine Gasoline Fuel,Transmission w/Dual Shift Mode,Black,Black,None reported,Yes,50000.0,4,4.7614512903533,2100.0
MINI,Countryman Cooper,2020,74725,Gasoline,1.5L I3 12V GDI DOHC Turbo,7-Speed Automatic with Auto-Shift,Black,Black,None reported,Yes,21612.0,6,0.28921660466236654,10675.0
Mazda,CX-5 Grand Touring,2021,61117,Gasoline,2.5L I4 16V GDI DOHC,6-Speed Automatic,Sonic Silver Metallic,Black,None reported,Yes,26485.0,5,0.4333420596223698,10186.166666666666
BMW,325 i,2003,142000,Gasoline,184.0HP 2.5L Straight 6 Cylinder Engine Gasoline Fuel,5-Speed M/T,Silver,Black,At least 1 accident or damage reported,Yes,4800.0,23,0.03380257885507849,5916.666666666667
Ford,Mustang EcoBoost Premium,2019,31000,–,–,6-Speed M/T,Gray,Black,None reported,Yes,34700.0,7,1.1193187316538176,3875.0
Toyota,Yaris L,2012,129355,Gasoline,106.0HP 1.5L 4 Cylinder Engine Gasoline Fuel,4-Speed A/T,Black,Gray,At least 1 accident or damage reported,Yes,7950.0,14,0.06145830112248369,8623.666666666666
Chevrolet,Express 1500 Base,2010,204000,E85 Flex Fuel,310.0HP 5.3L 8 Cylinder Engine Flex Fuel Capability,4-Speed A/T,White,Gray,At least 1 accident or damage reported,Yes,4900.0,16,0.024019490100538724,12000.0
Lincoln,Navigator L Select,2016,115600,Gasoline,380.0HP 3.5L V6 Cylinder Engine Gasoline Fuel,6-Speed A/T,Black,Black,None reported,Yes,22500.0,10,0.19463499450696795,10509.09090909091
Jeep,Wrangler Sahara Altitude,2023,1563,Hybrid,285.0HP 3.6L V6 Cylinder Engine Gasoline/Mild Electric Hybrid,A/T,Gray,Black,None reported,Yes,62500.0,3,39.9616368286445,390.75
Bentley,Continental GT Base,2007,72166,Gasoline,552.0HP 6.0L 12 Cylinder Engine Gasoline Fuel,A/T,Black,Black,At least 1 accident or damage reported,Yes,35995.0,19,0.4987736777197334,3608.3
Lexus,RX 350 F Sport,2018,26100,Gasoline,295.0HP 3.5L V6 Cylinder Engine Gasoline Fuel,8-Speed A/T,Gray,Red,None reported,Yes,37899.0,8,1.4520133328224971,2900.0
BMW,430 i,2017,58880,Gasoline,248.0HP 2.0L 4 Cylinder Engine Gasoline Fuel,8-Speed A/T,White,Brown,None reported,Yes,21000.0,9,0.35665155143424876,5888.0
Cadillac,Escalade Sport Platinum,2021,26000,Gasoline,420.0HP 6.2L 8 Cylinder Engine Gasoline Fuel,10-Speed A/T,Black,Black,None reported,Yes,104000.0,5,3.999846159763086,4333.333333333333
Honda,Civic EX,2008,190640,Gasoline,140.0HP 1.8L 4 Cylinder Engine Gasoline Fuel,5-Speed M/T,Silver,Silver,At least 1 accident or damage reported,Yes,5500.0,18,0.02885003750504876,10033.684210526315
Porsche,Cayenne AWD,2020,37500,Gasoline,335.0HP 3.0L V6 Cylinder Engine Gasoline Fuel,8-Speed A/T,White,Black,None reported,Yes,59900.0,6,1.597290738913629,5357.142857142857
Ford,Mustang Mach-E GT,2022,13856,Gasoline,480.0HP Electric Motor Electric Fuel System,1-Speed A/T,White,Black,None reported,Yes,54000.0,4,3.896947391210219,2771.2
Cadillac,ATS 2.5L Luxury,2013,225000,Gasoline,202.0HP 2.5L 4 Cylinder Engine Gasoline Fuel,6-Speed A/T,Blue,Black,None reported,Yes,13600.0,13,0.0604441758036631,16071.42857142857
Lexus,LS 460 Base,2014,123256,Gasoline,386.0HP 4.6L 8 Cylinder Engine Gasoline Fuel,8-Speed A/T,White,Beige,None reported,Yes,24995.0,12,0.2027876712884461,9481.23076923077
Cadillac,Escalade Premium Luxury,2021,11459,Gasoline,420.0HP 6.2L 8 Cylinder Engine Gasoline Fuel,10-Speed A/T,White,Brown,None reported,Yes,88900.0,5,7.7574171029668415,1909.8333333333333
Mercedes-Benz,C-Class C 300 4MATIC Sport,2016,67289,Gasoline,241.0HP 2.0L 4 Cylinder Engine Gasoline Fuel,7-Speed A/T,White,Gray,None reported,Yes,20490.0,10,0.30450289790459206,6117.181818181818
Hyundai,Veloster Base,2013,56837,Gasoline,132.0HP 1.6L 4 Cylinder Engine Gasoline Fuel,Transmission w/Dual Shift Mode,Silver,Black,At least 1 accident or damage reported,Yes,10500.0,13,0.18473556423519477,4059.785714285714
Mercedes-Benz,C-Class C 300 4MATIC,2019,59766,Gasoline,2.0L I4 16V GDI DOHC Turbo,9-Speed Automatic,Lunar Blue Metallic,Macchiato,None reported,Yes,26900.0,7,0.4500811484598524,7470.75
Kia,Stinger GT,2018,56300,Gasoline,365.0HP 3.3L V6 Cylinder Engine Gasoline Fuel,A/T,Silver,Black,None reported,Yes,29950.0,8,0.5319621321113301,6255.555555555556
Volvo,S60 R,2004,167000,Gasoline,300.0HP 2.5L 5 Cylinder Engine Gasoline Fuel,6-Speed M/T,Black,Beige,None reported,Yes,8000.0,22,0.04790390476703732,7260.869565217391
Chevrolet,Silverado 2500 LT,2015,122770,E85 Flex Fuel,360.0HP 6.0L 8 Cylinder Engine Flex Fuel Capability,A/T,Brown,Black,None reported,Yes,27499.0,11,0.22398612050076971,10230.833333333334
Land,Rover Range Rover 3.0L V6 Supercharged HSE,2019,59271,Gasoline,380.0HP 3.0L V6 Cylinder Engine Gasoline Fuel,A/T,Black,Black,None reported,Yes,54995.0,7,0.9278411391550817,7408.875
GMC,Sierra 1500 SLE,2015,102000,Gasoline,355.0HP 5.3L 8 Cylinder Engine Gasoline Fuel,6-Speed A/T,Silver,Black,At least 1 accident or damage reported,Yes,24500.0,11,0.24019372359094518,8500.0
Chevrolet,Silverado 1500 RST,2020,40929,Gasoline,5.3L V8 16V GDI OHV,Automatic,Cajun Red Tintcoat,Jet Black,At least 1 accident or damage reported,Yes,44800.0,6,1.0945516735890546,5847.0
Porsche,911 Turbo S,2019,22000,Gasoline,580.0HP 3.8L Flat 6 Cylinder Engine Gasoline Fuel,7-Speed A/T,White,Beige,None reported,Yes,174900.0,7,7.94963865278851,2750.0
Chevrolet,Suburban Z71,2022,19200,Gasoline,420.0HP 6.2L 8 Cylinder Engine Gasoline Fuel,10-Speed A/T,White,Black,None reported,Yes,69790.0,4,3.6347065257017865,3840.0
Mercedes-Benz,G-Class G 550 4MATIC,2019,32376,Gasoline,416.0HP 4.0L 8 Cylinder Engine Gasoline Fuel,A/T,Black,Black,None reported,Yes,128000.0,7,3.953423726719585,4047.0
Porsche,911 Carrera,2023,19800,Gasoline,379.0HP 3.0L Flat 6 Cylinder Engine Gasoline Fuel,8-Speed A/T,Silver,Black,None reported,Yes,134900.0,3,6.812787232968032,4950.0
Land,Rover Range Rover Sport HSE,2011,105000,Gasoline,375.0HP 5.0L 8 Cylinder Engine Gasoline Fuel,A/T,Black,Black,None reported,Yes,10000.0,15,0.09523718821725508,6562.5
Ford,F-250 Lariat,2016,122650,Diesel,440.0HP 6.7L 8 Cylinder Engine Diesel Fuel,6-Speed A/T,Gray,Black,None reported,Yes,38900.0,10,0.31716007207442254,11150.0
Subaru,BRZ Limited,2022,14000,Gasoline,228.0HP 2.4L 4 Cylinder Engine Gasoline Fuel,6-Speed M/T,White,Black,None reported,Yes,34999.0,4,2.4997500178558676,2800.0
Lexus,LS 460 Base,2008,100868,Gasoline,380.0HP 4.6L 8 Cylinder Engine Gasoline Fuel,8-Speed A/T,Black,Beige,None reported,Yes,15397.0,18,0.15264352774390547,5308.8421052631575
Land,Rover Range Rover Sport HSE,2013,111000,Gasoline,375.0HP 5.0L 8 Cylinder Engine Gasoline Fuel,6-Speed A/T,Black,Black,At least 1 accident or damage reported,Yes,15000.0,13,0.13513391771245303,7928.571428571428
Cadillac,Escalade Sport Platinum,2021,38500,Gasoline,420.0HP 6.2L 8 Cylinder Engine Gasoline Fuel,A/T,White,Black,At least 1 accident or damage reported,Yes,94995.0,5,2.467338510688034,6416.666666666667
Nissan,Pathfinder S,2020,41250,Gasoline,284.0HP 3.5L V6 Cylinder Engine Gasoline Fuel,CVT Transmission,White,–,None reported,Yes,21865.0,6,0.5300477564180263,5892.857142857143
MINI,Cooper S Base,2006,99600,Gasoline,168.0HP 1.6L 4 Cylinder Engine Gasoline Fuel,6-Speed A/T,Orange,Black,None reported,Yes,5500.0,20,0.05522032911316151,4742.857142857143
Acura,ILX 2.0L w/Premium Package,2013,198000,Gasoline,150.0HP 2.0L 4 Cylinder Engine Gasoline Fuel,Transmission w/Dual Shift Mode,White,Black,At least 1 accident or damage reported,Yes,11000.0,13,0.05555527497335872,14142.857142857143
Lexus,RX 350 Base,2021,20598,Gasoline,3.5L V6 24V PDI DOHC,8-Speed Automatic,Atomic Silver,Gray,At least 1 accident or damage reported,Yes,42599.0,5,2.068013010340308,3433.0
Porsche,911 Carrera S,2013,52044,Gasoline,400.0HP 3.8L Flat 6 Cylinder Engine Gasoline Fuel,7-Speed M/T,White,Gray,None reported,Yes,76500.0,13,1.4698818330291095,3717.4285714285716
MINI,Hardtop Cooper S,2022,23777,Gasoline,189.0HP 2.0L 4 Cylinder Engine Gasoline Fuel,6-Speed M/T,Gray,Black,None reported,Yes,30000.0,4,1.2616704516780217,4755.4
Ford,F-150 Platinum,2018,60660,Gasoline,375.0HP 3.5L V6 Cylinder Engine Gasoline Fuel,A/T,Gold,Black,At least 1 accident or damage reported,Yes,46900.0,8,0.7731491403043141,6740.0
BMW,i3 Base,2015,26000,Gasoline,170.0HP 0.65L Electric Motor Electric Fuel System,1-Speed A/T,White,Beige,None reported,Yes,14999.0,11,0.5768624283681397,2166.6666666666665
Mazda,CX-5 Touring,2018,61000,Gasoline,187.0HP 2.5L 4 Cylinder Engine Gasoline Fuel,Transmission w/Dual Shift Mode,Gray,Black,None reported,Yes,21800.0,8,0.3573711906362191,6777.777777777777
Lexus,RX 350 F Sport Performance,2020,53750,Gasoline,295.0HP 3.5L V6 Cylinder Engine Gasoline Fuel,A/T,Black,Red,None reported,Yes,32600.0,6,0.6065003441796432,7678.571428571428
BMW,X5 M50i,2023,13735,Gasoline,4.4L V8 32V GDI DOHC Twin Turbo,8-Speed Automatic,Black Sapphire Metallic,Black,None reported,Yes,77897.0,3,5.6710104834012816,3433.75
Mercedes-Benz,E-Class E 300,2019,32580,Gasoline,2.0 Liter Turbo,Automatic,Obsidian Black Metallic,Beige,None reported,Yes,33998.0,7,1.0434916055369694,4072.5
Porsche,911 Carrera Cabriolet,2006,96275,Gasoline,325.0HP 3.6L Flat 6 Cylinder Engine Gasoline Fuel,6-Speed M/T,Silver,Black,At least 1 accident or damage reported,Yes,52500.0,20,0.5453072416801695,4584.523809523809
Ford,F-350 Lariat,2015,162000,Diesel,440.0HP 6.7L 8 Cylinder Engine Diesel Fuel,Transmission w/Dual Shift Mode,Red,Beige,None reported,Yes,32000.0,11,0.1975296448787353,13500.0
BMW,X3 xDrive30i,2019,92040,Gasoline,2.0L I4 16V GDI DOHC Turbo,8-Speed Automatic,Alpine White,Black,None reported,Yes,24999.0,7,0.27160721852218034,11505.0
RAM,1500 SLT,2017,73690,Gasoline,395.0HP 5.7L 8 Cylinder Engine Gasoline Fuel,8-Speed A/T,Blue,Gray,At least 1 accident or damage reported,Yes,27000.0,9,0.3663948107638653,7369.0
Toyota,Tacoma Base,2009,48750,Gasoline,159.0HP 2.7L 4 Cylinder Engine Gasoline Fuel,M/T,Brown,Silver,None reported,Yes,17900.0,17,0.36717195544706777,2708.3333333333335
Cadillac,SRX Performance Collection,2011,124542,Gasoline,265.0HP 3.0L V6 Cylinder Engine Gasoline Fuel,6-Speed A/T,Gray,Beige,None reported,Yes,8450.0,15,0.06784805247986639,7783.875
Ford,Mustang GT Premium,2010,69000,Gasoline,315.0HP 4.6L 8 Cylinder Engine Gasoline Fuel,5-Speed A/T,White,Black,None reported,Yes,20000.0,16,0.2898508717264967,4058.823529411765
Dodge,Ram 2500 Laramie Quad Cab,2004,148000,Diesel,250.0HP 5.9L Straight 6 Cylinder Engine Diesel Fuel,4-Speed A/T,Black,Beige,None reported,Yes,19000.0,22,0.12837751096276376,6434.782608695652
BMW,650 i,2006,122141,Gasoline,360.0HP 4.8L 8 Cylinder Engine Gasoline Fuel,6-Speed M/T,Silver,Black,None reported,Yes,10500.0,20,0.08596551554747753,5816.238095238095
Subaru,Impreza WRX,2012,106000,Gasoline,265.0HP 2.5L 4 Cylinder Engine Gasoline Fuel,M/T,Black,Black,None reported,Yes,15000.0,14,0.1415080989801983,7066.666666666667
Ford,Edge Titanium,2017,113294,Gasoline,245.0HP 2.0L 4 Cylinder Engine Gasoline Fuel,6-Speed A/T,Gray,Black,At least 1 accident or damage reported,Yes,16500.0,9,0.14563749503508538,11329.4
Kia,Telluride SX,2021,24423,Gasoline,3.8L V6 24V GDI DOHC,8-Speed Automatic,Black,Black,None reported,Yes,44315.0,5,1.8144038650507697,4070.5
Tesla,Model S Long Range,2022,28000,Gasoline,670.0HP Electric Motor Electric Fuel System,1-Speed A/T,Gray,White,None reported,Yes,68750.0,4,2.4552694546623335,5600.0
RAM,1500 Rebel,2018,54800,Gasoline,395.0HP 5.7L 8 Cylinder Engine Gasoline Fuel,A/T,White,Black,At least 1 accident or damage reported,Yes,37050.0,8,0.6760825532380796,6088.888888888889
Ford,Explorer XLT,2017,161000,Gasoline,290.0HP 3.5L V6 Cylinder Engine Gasoline Fuel,6-Speed A/T,Gray,Black,None reported,Yes,17500.0,9,0.10869497704983198,16100.0
Mercedes-Benz,AMG GLE 43 4MATIC Coupe,2019,28755,Gasoline,385.0HP 3.0L V6 Cylinder Engine Gasoline Fuel,9-Speed A/T,Black,Black,None reported,Yes,61350.0,7,2.13346779802476,3594.375
Audi,Q5 2.0T Premium Plus,2016,52105,E85 Flex Fuel,220.0HP 2.0L 4 Cylinder Engine Flex Fuel Capability,A/T,White,Beige,At least 1 accident or damage reported,Yes,20499.0,10,0.3934095881472383,4736.818181818182
Nissan,Armada Platinum,2018,119950,Gasoline,390.0HP 5.6L 8 Cylinder Engine Gasoline Fuel,Transmission w/Dual Shift Mode,Black,Black,None reported,Yes,20999.0,8,0.17506315078657117,13327.777777777777
Mercedes-Benz,SL-Class SL500 Roadster,2003,80081,Gasoline,302.0HP 5.0L 8 Cylinder Engine Gasoline Fuel,5-Speed A/T,White,Beige,None reported,Yes,12500.0,23,0.15609000774206438,3336.7083333333335
Bentley,Bentayga V8,2021,24500,Gasoline,542.0HP 4.0L 8 Cylinder Engine Gasoline Fuel,8-Speed A/T,White,White,None reported,Yes,165000.0,5,6.734419003305987,4083.3333333333335
Jeep,Gladiator Overland,2021,4100,Gasoline,285.0HP 3.6L V6 Cylinder Engine Gasoline Fuel,A/T,Black,Black,None reported,Yes,55000.0,5,13.411363082175079,683.3333333333334
BMW,M2 CS,2020,9670,Gasoline,444.0HP 3.0L Straight 6 Cylinder Engine Gasoline Fuel,Transmission w/Dual Shift Mode,Blue,Black,None reported,Yes,103500.0,6,10.702099059042498,1381.4285714285713
Dodge,Charger SE,2017,63250,Gasoline,292.0HP 3.6L V6 Cylinder Engine Gasoline Fuel,A/T,Red,Black,None reported,Yes,18650.0,9,0.2948569983083271,6325.0
Lincoln,MKX Black Label,2017,69431,Gasoline,335.0HP 2.7L V6 Cylinder Engine Gasoline Fuel,6-Speed A/T,Silver,Black,None reported,Yes,26500.0,9,0.3816683949763798,6943.1
Toyota,Tundra SR5,2015,108044,Gasoline,5.7L V8 32V MPFI DOHC,6-Speed Automatic,Black,–,None reported,Yes,31380.0,11,0.2904345411634041,9003.666666666666
BMW,335 i,2008,98000,Gasoline,300.0HP 3.0L Straight 6 Cylinder Engine Gasoline Fuel,Transmission w/Dual Shift Mode,Black,Brown,None reported,Yes,13998.0,18,0.14283527719104908,5157.894736842105
BMW,X1 xDrive28i,2019,52253,Gasoline,228.0HP 2.0L 4 Cylinder Engine Gasoline Fuel,Transmission w/Dual Shift Mode,White,Black,None reported,Yes,34500.0,7,0.6602365369158342,6531.625
Ford,F-350 Platinum,2022,23850,Diesel,475.0HP 6.7L 8 Cylinder Engine Diesel Fuel,10-Speed A/T,Silver,Black,None reported,Yes,99750.0,4,4.182214582197812,4770.0
Mercedes-Benz,Sprinter High Roof,2015,1500,Diesel,188.0HP 3.0L V6 Cylinder Engine Diesel Fuel,A/T,White,Gray,None reported,Yes,39500.0,11,26.31578947368421,125.0
Dodge,Challenger GT,2021,40000,Gasoline,303.0HP 3.6L V6 Cylinder Engine Gasoline Fuel,A/T,Black,Black,None reported,Yes,32500.0,5,0.8124796880077998,6666.666666666667
Audi,S4 3.0 Prestige,2012,38718,Gasoline,333.0HP 3.0L V6 Cylinder Engine Gasoline Fuel,7-Speed A/T,Black,Black,None reported,Yes,31000.0,14,0.800640512409928,2581.2
Toyota,Tacoma TRD Sport,2018,84184,Gasoline,3.5 Liter,Automatic,Magnetic Gray Metallic,Graphite w/Gun Metal,None reported,Yes,35998.0,8,0.4276058680287462,9353.777777777777
Mercedes-Benz,Sprinter 2500 Standard Roof,2021,13344,Diesel,188.0HP 3.0L V6 Cylinder Engine Diesel Fuel,7-Speed A/T,Red,Black,None reported,Yes,56500.0,5,4.233795428999625,2224.0
INFINITI,Q50 3.0t Red Sport 400,2018,51850,Gasoline,400.0HP 3.0L V6 Cylinder Engine Gasoline Fuel,Transmission w/Dual Shift Mode,Black,Black,None reported,Yes,28900.0,8,0.5573662995892076,5761.111111111111
Ford,Expedition Max Limited,2021,30918,Gasoline,375.0HP 3.5L V6 Cylinder Engine Gasoline Fuel,10-Speed A/T,White,Beige,None reported,Yes,51999.0,5,1.6817814288948543,5153.0
Chevrolet,Corvette Stingray w/3LT,2023,1100,Gasoline,490.0HP 6.2L 8 Cylinder Engine Gasoline Fuel,8-Speed A/T,Gray,Beige,None reported,Yes,92000.0,3,83.56039963669392,275.0
Mercedes-Benz,C-Class C 300,2019,40000,Gasoline,255.0HP 2.0L 4 Cylinder Engine Gasoline Fuel,A/T,Blue,Black,None reported,Yes,27900.0,7,0.6974825629359266,5000.0
Jeep,Grand Cherokee Limited,2005,100500,Gasoline,325.0HP 5.7L 8 Cylinder Engine Gasoline Fuel,A/T,Black,Gray,None reported,Yes,9998.0,21,0.09948159719803783,4568.181818181818
Dodge,Charger SRT Hellcat,2020,54320,Gasoline,707.0HP 6.2L 8 Cylinder Engine Gasoline Fuel,8-Speed A/T,Gray,Black,At least 1 accident or damage reported,Yes,67000.0,6,1.2334088105889067,7760.0
Mercedes-Benz,C-Class C 300 4MATIC,2018,49000,Gasoline,241.0HP 2.0L 4 Cylinder Engine Gasoline Fuel,A/T,Black,Black,None reported,Yes,23450.0,8,0.4785616620068978,5444.444444444444
Porsche,911 Carrera S,2020,28000,Gasoline,443.0HP 3.0L Flat 6 Cylinder Engine Gasoline Fuel,8-Speed A/T,Gray,Black,None reported,Yes,134999.0,6,4.821220670690333,4000.0
Porsche,911 GT3,2022,1750,Gasoline,502.0HP 4.0L Flat 6 Cylinder Engine Gasoline Fuel,7-Speed A/T,White,Black,None reported,Yes,275000.0,4,157.0531125071388,350.0
Cadillac,DTS Luxury,2007,130000,Gasoline,275.0HP 4.6L 8 Cylinder Engine Gasoline Fuel,A/T,Gold,Beige,At least 1 accident or damage reported,Yes,3499.0,19,0.02691517757555711,6500.0
Maserati,Grecale Modena,2023,3721,Gasoline,2.0L I4 16V GDI DOHC Turbo,8-Speed Automatic,White,Red,None reported,Yes,69645.0,3,18.711714132186998,930.25
Mercedes-Benz,S-Class S 550,2016,78101,Gasoline,449.0HP 4.7L 8 Cylinder Engine Gasoline Fuel,7-Speed A/T,Black,Black,None reported,Yes,34500.0,10,0.44173004532534377,7100.090909090909
Chevrolet,Malibu 1LT,2017,54000,Gasoline,160.0HP 1.5L 4 Cylinder Engine Gasoline Fuel,A/T,Gray,Gray,At least 1 accident or damage reported,Yes,16000.0,9,0.296290809429455,5400.0
Nissan,Quest SL,2011,185000,Gasoline,260.0HP 3.5L V6 Cylinder Engine Gasoline Fuel,A/T,White,Gray,At least 1 accident or damage reported,Yes,7500.0,15,0.04054032140366809,11562.5
Mercedes-Benz,SLK-Class SLK 250,2015,49000,Gasoline,201.0HP 1.8L 4 Cylinder Engine Gasoline Fuel,7-Speed A/T,Blue,Beige,None reported,Yes,23500.0,11,0.47958204934593174,4083.3333333333335
GMC,Sierra 2500 Denali,2024,2043,Gasoline,401.0HP 6.6L 8 Cylinder Engine Gasoline Fuel,10-Speed A/T,White,Black,None reported,Yes,81500.0,2,39.87279843444227,681.0
Lexus,RX 350 Base,2016,71750,Gasoline,295.0HP 3.5L V6 Cylinder Engine Gasoline Fuel,8-Speed A/T,Black,Brown,None reported,Yes,28000.0,10,0.3902384635754205,6522.727272727273
Chevrolet,Corvette Stingray w/3LT,2020,5194,Gasoline,6.2L V8 16V GDI OHV,8-Speed Automatic with Auto-Shift,Arctic White,Tension,None reported,Yes,87500.0,6,16.843118383060634,742.0
BMW,330 i,2019,42200,Gasoline,255.0HP 2.0L 4 Cylinder Engine Gasoline Fuel,8-Speed A/T,White,Black,None reported,Yes,27500.0,7,0.6516433259875358,5275.0
Mercedes-Benz,GLC 300 Base,2020,42717,Gasoline,255.0HP 2.0L 4 Cylinder Engine Gasoline Fuel,A/T,Gold,Beige,None reported,Yes,33500.0,6,0.7842127440423241,6102.428571428572
Tesla,Model S 75D,2016,102260,Gasoline,518.0HP Electric Motor Electric Fuel System,1-Speed A/T,White,Black,None reported,Yes,31300.0,10,0.3060795415652106,9296.363636363636
Chevrolet,Corvette Stingray w/2LT,2022,11089,Gasoline,6.2L V8 16V GDI OHV,8-Speed Manual,Silver Flare Metallic,Adrenaline Red,None reported,Yes,80900.0,4,7.294860234445446,2217.8
Jaguar,XF 25t Prestige,2018,37777,Gasoline,247.0HP 2.0L 4 Cylinder Engine Gasoline Fuel,Transmission w/Dual Shift Mode,Black,Black,None reported,Yes,32500.0,8,0.8602890571231934,4197.444444444444
Ford,F-150 XLT,2021,35921,Gasoline,2.7L V6 24V PDI DOHC Twin Turbo,10-Speed Automatic,Antimatter Blue Metallic,Black,None reported,Yes,42995.0,5,1.1968988363676856,5986.833333333333
Ford,Bronco Outer Banks,2023,1800,Gasoline,275.0HP 2.3L 4 Cylinder Engine Gasoline Fuel,10-Speed A/T,Gray,Blue,None reported,Yes,54900.0,3,30.48306496390894,450.0
Scion,FR-S Monogram,2014,163019,Gasoline,200.0HP 2.0L 4 Cylinder Engine Gasoline Fuel,6-Speed M/T,Black,Black,At least 1 accident or damage reported,Yes,8900.0,12,0.054594528278738806,12539.923076923076
Mercedes-Benz,C-Class C 300 4MATIC,2020,14220,Gasoline,255.0HP 2.0L 4 Cylinder Engine Gasoline Fuel,9-Speed A/T,Blue,Beige,None reported,Yes,35500.0,6,2.496308276492511,2031.4285714285713
Chevrolet,Tahoe Premier,2019,48879,Gasoline,5.3L V8 16V GDI OHV,Automatic,Silver Ice Metallic,Jet Black,None reported,Yes,49573.0,7,1.0141775777414075,6109.875
Ford,F-150 Lariat,2016,25000,E85 Flex Fuel,385.0HP 5.0L 8 Cylinder Engine Flex Fuel Capability,6-Speed A/T,Gray,Black,None reported,Yes,65000.0,10,2.5998960041598336,2272.7272727272725
BMW,i3 Base w/Range Extender,2014,74500,Gasoline,170.0HP 0.65L Electric Motor Electric Fuel System,A/T,White,Gray,None reported,Yes,11499.0,12,0.15434692151783197,5730.7692307692305
INFINITI,G37 Journey,2013,33300,Gasoline,328.0HP 3.7L V6 Cylinder Engine Gasoline Fuel,A/T,Gray,Black,None reported,Yes,21990.0,13,0.660340530314405,2378.5714285714284
Ford,Expedition XLT,2007,123921,Gasoline,300.0HP 5.4L 8 Cylinder Engine Gasoline Fuel,6-Speed A/T,White,Beige,None reported,Yes,6900.0,19,0.05568018592340343,6196.05
BMW,X3 sDrive30i,2021,12800,Gasoline,248.0HP 2.0L 4 Cylinder Engine Gasoline Fuel,A/T,Blue,Blue,None reported,Yes,39990.0,5,3.1239746894773845,2133.3333333333335
Aston,Martin Vantage GT Base,2015,21100,Gasoline,430.0HP 4.7L 8 Cylinder Engine Gasoline Fuel,6-Speed M/T,Black,Black,None reported,Yes,80000.0,11,3.7912895123453865,1758.3333333333333
Chevrolet,Tahoe LT,2009,104733,E85 Flex Fuel,320.0HP 5.3L 8 Cylinder Engine Flex Fuel Capability,6-Speed A/T,Black,Black,None reported,Yes,15000.0,17,0.14321996677296772,5818.5
Ford,Transit-250 Base,2020,53000,Gasoline,310.0HP 3.5L V6 Cylinder Engine Gasoline Fuel,A/T,White,Black,At least 1 accident or damage reported,Yes,38500.0,6,0.7264013886530443,7571.428571428572
Lexus,ES 250 Base,2021,17570,Gasoline,2.5 Liter,Automatic,Emin White,Black,None reported,Yes,39998.0,5,2.276364464173923,2928.3333333333335
RAM,1500 Rebel,2020,63875,Hybrid,395.0HP 5.7L 8 Cylinder Engine Gasoline/Mild Electric Hybrid,8-Speed A/T,Gray,Black,At least 1 accident or damage reported,Yes,41900.0,6,0.6559584194376604,9125.0
Ford,Maverick XL,2023,12500,Hybrid,191.0HP 2.5L 4 Cylinder Engine Gas/Electric Hybrid,A/T,Silver,Black,None reported,Yes,29999.0,3,2.3997280217582593,3125.0
Chevrolet,Camaro 1SS,2022,7000,Gasoline,455.0HP 6.2L 8 Cylinder Engine Gasoline Fuel,6-Speed M/T,Blue,Black,None reported,Yes,50000.0,4,7.14183688044565,1400.0
Chevrolet,Corvette Stingray w/3LT,2023,9000,Gasoline,490.0HP 6.2L 8 Cylinder Engine Gasoline Fuel,8-Speed A/T,Blue,Black,None reported,Yes,92000.0,3,10.22108654593934,2250.0
Pontiac,Solstice GXP,2007,7800,Gasoline,260.0HP 2.0L 4 Cylinder Engine Gasoline Fuel,5-Speed A/T,Silver,Black,None reported,Yes,19000.0,19,2.4355851813870015,390.0
Cadillac,XTS Luxury,2017,69289,Gasoline,304.0HP 3.6L V6 Cylinder Engine Gasoline Fuel,6-Speed A/T,Gray,Black,At least 1 accident or damage reported,Yes,20997.0,9,0.3030307403665753,6928.9
Toyota,Highlander Limited,2011,106000,Gasoline,270.0HP 3.5L V6 Cylinder Engine Gasoline Fuel,5-Speed A/T,White,Gray,At least 1 accident or damage reported,Yes,16600.0,15,0.15660229620475277,6625.0
Lincoln,Navigator Reserve,2020,68000,Gasoline,450.0HP 3.5L V6 Cylinder Engine Gasoline Fuel,10-Speed A/T,Black,Gray,At least 1 accident or damage reported,Yes,55999.0,6,0.8235025955500654,9714.285714285714
Toyota,Highlander Hybrid Limited Platinum,2019,13828,Hybrid,306.0HP 3.5L V6 Cylinder Engine Gas/Electric Hybrid,CVT Transmission,Blue,Black,None reported,Yes,43000.0,7,3.1094077662882347,1728.5
Audi,A3 2.0T Tech Premium,2018,39600,Gasoline,220.0HP 2.0L 4 Cylinder Engine Gasoline Fuel,Transmission w/Dual Shift Mode,White,Black,None reported,Yes,26999.0,8,0.6817757127345269,4400.0
Jeep,Wrangler SE,2003,92000,Gasoline,150.0HP 2.4L 4 Cylinder Engine Gasoline Fuel,M/T,Gold,Black,None reported,Yes,12500.0,23,0.1358680883903436,3833.3333333333335
Toyota,Tacoma SR,2022,5020,Gasoline,278.0HP 3.5L V6 Cylinder Engine Gasoline Fuel,A/T,Black,Gray,None reported,Yes,36500.0,4,7.269468233419637,1004.0
Chevrolet,Trailblazer SS,2007,107800,Gasoline,395.0HP 6.0L 8 Cylinder Engine Gasoline Fuel,A/T,Black,Black,At least 1 accident or damage reported,Yes,15000.0,19,0.13914527694548287,5390.0
Audi,A5 2.0T Premium Plus,2019,23827,Gasoline,248.0HP 2.0L 4 Cylinder Engine Gasoline Fuel,7-Speed A/T,Gray,Black,None reported,Yes,34995.0,7,1.4686503273459794,2978.375
Audi,A6 55 Premium,2020,25300,Hybrid,335.0HP 3.0L V6 Cylinder Engine Gasoline/Mild Electric Hybrid,7-Speed A/T,White,Beige,None reported,Yes,39900.0,6,1.5770127662938225,3614.285714285714
Mercedes-Benz,Sprinter 2500,2016,399000,Diesel,188.0HP 3.0L V6 Cylinder Engine Diesel Fuel,5-Speed A/T,Silver,–,At least 1 accident or damage reported,Yes,24500.0,10,0.06140335487880983,36272.72727272727
Porsche,911 Carrera,2005,46200,Gasoline,325.0HP 3.6L Flat 6 Cylinder Engine Gasoline Fuel,6-Speed M/T,Silver,Black,None reported,Yes,49999.0,21,1.0822060128568645,2100.0
Chevrolet,Corvette Stingray w/2LT,2022,3158,Gasoline,490.0HP 6.2L 8 Cylinder Engine Gasoline Fuel,8-Speed A/T,Red,Red,None reported,Yes,85989.0,4,27.220322886989553,631.6
GMC,Acadia SLE,2021,26000,Gasoline,228.0HP 2.0L 4 Cylinder Engine Gasoline Fuel,A/T,White,Black,None reported,Yes,30900.0,5,1.1884158301603784,4333.333333333333
Porsche,911 Carrera,2020,12758,Gasoline,379.0HP 3.0L Flat 6 Cylinder Engine Gasoline Fuel,8-Speed A/T,Silver,Black,None reported,Yes,107900.0,6,8.456775609373775,1822.5714285714287
Chevrolet,Corvette Base,2007,123500,Gasoline,400.0HP 6.0L 8 Cylinder Engine Gasoline Fuel,Transmission w/Dual Shift Mode,Red,Beige,At least 1 accident or damage reported,Yes,27000.0,19,0.21862171156508856,6175.0
Ford,Mustang GT Premium,2018,26840,Gasoline,460.0HP 5.0L 8 Cylinder Engine Gasoline Fuel,6-Speed M/T,White,Black,None reported,Yes,42500.0,8,1.5833985320964197,2982.222222222222
Ford,Edge SEL,2021,17836,Gasoline,2.0L I4 16V GDI DOHC Turbo,8-Speed Automatic,Silver,Ebony,None reported,Yes,31933.0,5,1.790267421651623,2972.6666666666665
Cadillac,Escalade Luxury,2012,114500,E85 Flex Fuel,403.0HP 6.2L 8 Cylinder Engine Flex Fuel Capability,A/T,Black,Black,None reported,Yes,16100.0,14,0.14061012567575829,7633.333333333333
Chevrolet,Corvette Stingray w/3LT,2022,5400,Gasoline,490.0HP 6.2L 8 Cylinder Engine Gasoline Fuel,8-Speed A/T,White,Black,None reported,Yes,89900.0,4,16.645065728568785,1080.0
Toyota,Corolla LE,2016,17500,Gasoline,132.0HP 1.8L 4 Cylinder Engine Gasoline Fuel,A/T,Red,Gray,None reported,Yes,15100.0,10,0.8628078395520256,1590.909090909091
Chevrolet,Express 2500 Work Van,2017,56000,Gasoline,285.0HP 4.8L 8 Cylinder Engine Gasoline Fuel,A/T,Blue,–,None reported,Yes,44600.0,9,0.7964143497437546,5600.0
Chevrolet,Trax LS,2020,20800,Gasoline,138.0HP 1.4L 4 Cylinder Engine Gasoline Fuel,6-Speed A/T,Black,Beige,None reported,Yes,19000.0,6,0.913417624152685,2971.4285714285716
Volkswagen,Golf Auto TSI S,2015,107543,Gasoline,170.0HP 1.8L 4 Cylinder Engine Gasoline Fuel,Transmission w/Dual Shift Mode,Black,Black,None reported,Yes,13200.0,11,0.12274045971881277,8961.916666666666
Nissan,Pathfinder Silver,2012,206000,Gasoline,266.0HP 4.0L V6 Cylinder Engine Gasoline Fuel,Transmission w/Dual Shift Mode,Black,Black,None reported,Yes,5000.0,14,0.024271726836277492,13733.333333333334
Ford,F-150 Platinum,2018,37100,E85 Flex Fuel,395.0HP 5.0L 8 Cylinder Engine Flex Fuel Capability,10-Speed A/T,Black,Black,None reported,Yes,46000.0,8,1.2398587639147194,4122.222222222223
Land,Rover Range Rover Velar P380 SE R-Dynamic,2019,19813,Gasoline,380.0HP 3.0L V6 Cylinder Engine Gasoline Fuel,8-Speed A/T,Silver,Beige,None reported,Yes,51900.0,7,2.6193600484505906,2476.625
Kia,Sportage LX,2010,208321,Gasoline,173.0HP 2.7L V6 Cylinder Engine Gasoline Fuel,A/T,White,Beige,None reported,Yes,3500.0,16,0.016800913969719954,12254.176470588236
Lexus,LS 460 Base,2012,200000,Gasoline,380.0HP 4.6L 8 Cylinder Engine Gasoline Fuel,Transmission w/Dual Shift Mode,White,Beige,At least 1 accident or damage reported,Yes,9995.0,14,0.04997475012624937,13333.333333333334
MINI,Cooper S Base,2012,66000,Gasoline,181.0HP 1.6L 4 Cylinder Engine Gasoline Fuel,6-Speed A/T,White,Black,None reported,Yes,10999.0,14,0.16664899016681564,4400.0
Bentley,Bentayga Activity Edition,2018,41000,Gasoline,600.0HP 6.0L 12 Cylinder Engine Gasoline Fuel,8-Speed A/T,Gray,Gray,None reported,Yes,113000.0,8,2.756030340723397,4555.555555555556
Volvo,XC60 T6 Inscription,2019,20623,Gasoline,330.0HP 2.0L 4 Cylinder Engine Gasoline Fuel,A/T,Silver,Black,None reported,Yes,36800.0,7,1.7843289371605897,2577.875
Ford,Explorer Limited,2018,86000,Gasoline,290.0HP 3.5L V6 Cylinder Engine Gasoline Fuel,Transmission w/Dual Shift Mode,Black,Black,None reported,Yes,26900.0,8,0.31278706061557426,9555.555555555555
Porsche,Cayenne Turbo GT,2022,1766,Gasoline,4.0L,Automatic,Custom Color,Black,None reported,Yes,209995.0,4,118.84267119411432,353.2
Mercedes-Benz,G-Class G 550 4MATIC,2016,51354,Gasoline,416.0HP 4.0L 8 Cylinder Engine Gasoline Fuel,7-Speed A/T,Blue,Black,None reported,Yes,73000.0,10,1.4214779476195112,4668.545454545455
Jeep,Wrangler Unlimited Rubicon 392,2021,38000,Gasoline,470.0HP 6.4L 8 Cylinder Engine Gasoline Fuel,Transmission w/Dual Shift Mode,Gray,Black,None reported,Yes,72980.0,5,1.9204757769532381,6333.333333333333
Toyota,Avalon Hybrid XLE Premium,2015,161000,Hybrid,200.0HP 2.5L 4 Cylinder Engine Gas/Electric Hybrid,CVT Transmission,Blue,Gray,None reported,Yes,11500.0,11,0.07142812777560388,13416.666666666666
Nissan,Juke SL,2012,74750,Gasoline,188.0HP 1.6L 4 Cylinder Engine Gasoline Fuel,CVT Transmission,Black,Black,None reported,Yes,12500.0,14,0.16722184318604433,4983.333333333333
Porsche,911 Carrera 4,2013,67522,Gasoline,350.0HP 3.4L Flat 6 Cylinder Engine Gasoline Fuel,7-Speed A/T,Gray,Black,At least 1 accident or damage reported,Yes,59500.0,13,0.8811812271374199,4823.0
MINI,Cooper S Base,2012,152000,Gasoline,181.0HP 1.6L 4 Cylinder Engine Gasoline Fuel,6-Speed A/T,White,Black,None reported,Yes,9000.0,14,0.05921013677541595,10133.333333333334
Subaru,Ascent Touring 7-Passenger,2019,71273,Gasoline,260.0HP 2.4L 4 Cylinder Engine Gasoline Fuel,CVT Transmission,Black,Brown,None reported,Yes,23900.0,7,0.3353256446951202,8909.125
Subaru,WRX STI Base,2017,37800,Gasoline,305.0HP 2.5L 4 Cylinder Engine Gasoline Fuel,6-Speed M/T,Blue,Black,None reported,Yes,32500.0,9,0.8597656146662787,3780.0
Land,Rover Range Rover Sport HSE,2019,42000,Gasoline,340.0HP 3.0L V6 Cylinder Engine Gasoline Fuel,Transmission w/Dual Shift Mode,White,Black,None reported,Yes,48990.0,7,1.166400799980953,5250.0
Kia,Sorento Plug-In Hybrid SX Prestige,2022,10101,Plug-In Hybrid,261.0HP 1.6L 4 Cylinder Engine Plug-In Electric/Gas,6-Speed A/T,White,–,None reported,Yes,44990.0,4,4.453573549792121,2020.2
Chevrolet,Corvette Stingray w/2LT,2022,7900,Gasoline,490.0HP 6.2L 8 Cylinder Engine Gasoline Fuel,8-Speed A/T,White,Red,None reported,Yes,92500.0,4,11.707378812808505,1580.0
Tesla,Model 3 Performance,2020,45468,Gasoline,455.0HP Electric Motor Electric Fuel System,1-Speed A/T,Silver,White,None reported,Yes,45999.0,6,1.011656293298731,6495.428571428572
Nissan,Armada SV,2017,187141,Gasoline,390.0HP 5.6L 8 Cylinder Engine Gasoline Fuel,A/T,Black,Black,None reported,Yes,16995.0,9,0.0908133930384414,18714.1
Porsche,Cayenne Turbo S,2014,99100,Gasoline,550.0HP 4.8L 8 Cylinder Engine Gasoline Fuel,8-Speed A/T,White,Black,None reported,Yes,32000.0,12,0.3229028970444294,7623.076923076923
Subaru,Outback Touring XT,2021,33500,Gasoline,260.0HP 2.4L 4 Cylinder Engine Gasoline Fuel,CVT Transmission,Blue,Brown,None reported,Yes,34000.0,5,1.0148950777588728,5583.333333333333
Acura,RLX Advance Package,2016,102665,Gasoline,310.0HP 3.5L V6 Cylinder Engine Gasoline Fuel,6-Speed A/T,Black,Black,None reported,Yes,15450.0,10,0.15048799018175443,9333.181818181818
BMW,330 i xDrive,2017,59203,Gasoline,248.0HP 2.0L 4 Cylinder Engine Gasoline Fuel,A/T,White,–,None reported,Yes,23000.0,9,0.3884872643740288,5920.3
Mercedes-Benz,SL-Class SL550 Roadster,2009,60100,Gasoline,382.0HP 5.5L 8 Cylinder Engine Gasoline Fuel,7-Speed A/T,Black,Black,None reported,Yes,27000.0,17,0.44924377298214674,3338.8888888888887
Audi,SQ8 4.0T Premium Plus,2021,43238,Gasoline,500.0HP 4.0L 8 Cylinder Engine Gasoline Fuel,Transmission w/Dual Shift Mode,Black,Red,None reported,Yes,76400.0,5,1.7669233793565993,7206.333333333333
MINI,Cooper S Base,2007,118000,Gasoline,172.0HP 1.6L 4 Cylinder Engine Gasoline Fuel,A/T,Beige,Black,None reported,Yes,3600.0,19,0.030508216032067523,5900.0
Ford,Mustang EcoBoost,2021,17300,Gasoline,310.0HP 2.3L 4 Cylinder Engine Gasoline Fuel,10-Speed A/T,Yellow,Black,None reported,Yes,31000.0,5,1.7918039419686724,2883.3333333333335
Audi,RS 7 4.0T Prestige,2016,64800,Gasoline,560.0HP 4.0L 8 Cylinder Engine Gasoline Fuel,8-Speed A/T,White,Brown,None reported,Yes,50000.0,10,0.7715930309717443,5890.909090909091
Mercedes-Benz,GLC 300 GLC 300,2022,1408,Gasoline,2.0 Liter Turbo,Automatic,Lunar Blue Metallic,–,None reported,Yes,46798.0,4,33.21362668559262,281.6
Volkswagen,Touareg TDI Lux,2015,15167,Diesel,240.0HP 3.0L V6 Cylinder Engine Diesel Fuel,8-Speed A/T,Gold,Black,None reported,Yes,35000.0,11,2.307489451476793,1263.9166666666667
Porsche,Cayenne GTS,2016,64600,Gasoline,440.0HP 3.6L V6 Cylinder Engine Gasoline Fuel,8-Speed A/T,White,Red,None reported,Yes,41000.0,10,0.6346650980634975,5872.727272727273
Jeep,Grand Wagoneer Series III,2022,31112,Gasoline,471.0HP 6.4L 8 Cylinder Engine Gasoline Fuel,8-Speed A/T,Black,Black,None reported,Yes,83000.0,4,2.6676951756500498,6222.4
Tesla,Model X 100D,2018,23250,Gasoline,518.0HP Electric Motor Electric Fuel System,1-Speed A/T,Gray,White,None reported,Yes,57000.0,8,2.4515074620446433,2583.3333333333335
MINI,Cooper S Base,2011,63500,Gasoline,181.0HP 1.6L 4 Cylinder Engine Gasoline Fuel,6-Speed M/T,Silver,Black,None reported,Yes,10500.0,15,0.16535172674446072,3968.75
RAM,1500 Laramie,2022,13464,Gasoline,5.7L V8 16V MPFI OHV,8-Speed Automatic,Diamond Black,Black,None reported,Yes,46999.0,4,3.490456739695507,2692.8
Jeep,Cherokee X,2022,9601,Gasoline,3.2L V6 24V MPFI DOHC,Automatic,Sting Gray Clearcoat,Black,None reported,Yes,33498.0,4,3.4886481982920223,1920.2
BMW,ALPINA B7 xDrive,2013,135000,Gasoline,445.0HP 4.4L 8 Cylinder Engine Gasoline Fuel,A/T,Black,Black,At least 1 accident or damage reported,Yes,14000.0,13,0.10370293553381087,9642.857142857143
Volvo,XC90 3.2 Premier Plus,2013,208864,Gasoline,240.0HP 3.2L Straight 6 Cylinder Engine Gasoline Fuel,6-Speed A/T,White,Beige,At least 1 accident or damage reported,Yes,7500.0,13,0.03590836186053192,14918.857142857143
INFINITI,Q50 3.0T Premium,2016,49872,Gasoline,300.0HP 3.0L V6 Cylinder Engine Gasoline Fuel,7-Speed A/T,Gray,Black,At least 1 accident or damage reported,Yes,21500.0,10,0.43109498125238105,4533.818181818182
MINI,Cooper Base,2009,90367,Gasoline,118.0HP 1.6L 4 Cylinder Engine Gasoline Fuel,6-Speed M/T,Red,Black,None reported,Yes,9250.0,17,0.10235924220963173,5020.388888888889
Porsche,911 Carrera 4S,2014,36670,Gasoline,400.0HP 3.8L Flat 6 Cylinder Engine Gasoline Fuel,Transmission w/Dual Shift Mode,White,Black,None reported,Yes,82499.0,12,2.2497068528264843,2820.769230769231
Jeep,Grand Wagoneer Base,2023,3752,Gasoline,6.4L V8 16V MPFI OHV,8-Speed Automatic,Ember Pearlcoat,Global Black,None reported,Yes,84620.0,3,22.547295496935785,938.0
Lexus,RX 350 Base,2021,30761,Gasoline,3.5L V6 24V PDI DOHC,8-Speed Automatic,Eminent White Pearl,Black,None reported,Yes,44950.0,5,1.4612183863207855,5126.833333333333
RAM,1500 Laramie,2022,13438,Gasoline,5.7L V8 16V MPFI OHV,8-Speed Automatic,Diamond Black,Black,None reported,Yes,46599.0,4,3.467445494456433,2687.6
Jeep,Gladiator Overland,2020,9100,Gasoline,285.0HP 3.6L V6 Cylinder Engine Gasoline Fuel,8-Speed A/T,Red,Black,None reported,Yes,49895.0,6,5.482364575321394,1300.0
Chrysler,200 Limited,2017,100600,–,–,A/T,Black,Black,None reported,Yes,10000.0,9,0.09940259043150665,10060.0
Ford,Fusion Hybrid Base,2011,223824,Hybrid,156.0HP 2.5L 4 Cylinder Engine Gas/Electric Hybrid,A/T,White,Brown,At least 1 accident or damage reported,Yes,4500.0,15,0.02010499273986373,13989.0
Audi,A6 2.0T Premium Plus,2016,96000,Gasoline,252.0HP 2.0L 4 Cylinder Engine Gasoline Fuel,8-Speed A/T,Black,Black,None reported,Yes,21990.0,10,0.2290601139571463,8727.272727272728
Chevrolet,Silverado 1500 Z71 Extended Cab,2004,185000,Gasoline,295.0HP 5.3L 8 Cylinder Engine Gasoline Fuel,4-Speed A/T,Red,Gray,At least 1 accident or damage reported,Yes,10500.0,22,0.056756449965135326,8043.478260869565
Porsche,Taycan Base,2021,6900,Gasoline,375.0HP Electric Motor Electric Fuel System,2-Speed A/T,White,Beige,None reported,Yes,79999.0,5,11.592377916244022,1150.0
Honda,Accord Hybrid Touring,2017,96400,Hybrid,212.0HP 2.0L 4 Cylinder Engine Gas/Electric Hybrid,CVT Transmission,White,Beige,At least 1 accident or damage reported,Yes,18500.0,9,0.19190672295930541,9640.0
RAM,2500 SLT,2018,67865,Gasoline,410.0HP 6.4L 8 Cylinder Engine Gasoline Fuel,6-Speed A/T,White,Gray,None reported,Yes,36500.0,8,0.5378245365868034,7540.555555555556
Land,Rover Range Rover Sport Supercharged,2015,64300,E85 Flex Fuel,550.0HP 5.0L 8 Cylinder Engine Flex Fuel Capability,Transmission w/Dual Shift Mode,Blue,Black,None reported,Yes,44850.0,11,0.6975008164725276,5358.333333333333
Chevrolet,Colorado ZR2,2018,76500,Gasoline,308.0HP 3.6L V6 Cylinder Engine Gasoline Fuel,8-Speed A/T,White,Black,None reported,Yes,33500.0,8,0.4379027725127776,8500.0
GMC,Sierra 2500 Denali,2017,96343,Diesel,445.0HP 6.6L 8 Cylinder Engine Diesel Fuel,6-Speed A/T,Blue,Beige,At least 1 accident or damage reported,Yes,53000.0,9,0.5501120983143735,9634.3
Subaru,Crosstrek 2.0i Limited,2018,74600,Gasoline,152.0HP 2.0L 4 Cylinder Engine Gasoline Fuel,Transmission w/Dual Shift Mode,Blue,Black,None reported,Yes,24000.0,8,0.321711505207705,8288.888888888889
Subaru,Outback 2.5i Limited,2014,157530,Gasoline,2.5L H4 16V MPFI DOHC,Automatic CVT,Twilight Blue Metallic,Black,At least 1 accident or damage reported,Yes,9995.0,12,0.0634478293161346,12117.692307692309
Tesla,Model X Plaid,2022,15000,Gasoline,1020.0HP Electric Motor Electric Fuel System,A/T,White,White,None reported,Yes,95999.0,4,6.399506699553363,3000.0
Jeep,Wrangler Unlimited Rubicon,2012,80000,Gasoline,285.0HP 3.6L V6 Cylinder Engine Gasoline Fuel,A/T,Orange,Black,None reported,Yes,30000.0,14,0.37499531255859303,5333.333333333333
Tesla,Model S 100D,2018,83424,Gasoline,518.0HP Electric Motor Electric Fuel System,1-Speed A/T,Gray,Beige,None reported,Yes,45000.0,8,0.5394066526820498,9269.333333333334
Mercedes-Benz,C-Class C 300 4MATIC,2021,19000,Gasoline,255.0HP 2.0L 4 Cylinder Engine Gasoline Fuel,A/T,Blue,Beige,None reported,Yes,37999.0,5,1.9998421135729698,3166.6666666666665
Porsche,911 Carrera S,2013,64000,Gasoline,400.0HP 3.8L Flat 6 Cylinder Engine Gasoline Fuel,7-Speed A/T,Gray,Black,At least 1 accident or damage reported,Yes,67000.0,13,1.0468586428337057,4571.428571428572
Mercedes-Benz,GLS 450 Base 4MATIC,2019,34068,Gasoline,362.0HP 3.0L V6 Cylinder Engine Gasoline Fuel,9-Speed A/T,White,Beige,None reported,Yes,46900.0,7,1.3766180398602836,4258.5
Buick,Envision Preferred,2021,20104,Gasoline,2.0L I4 16V GDI DOHC Turbo,9-Speed Automatic,Burnished Bronze Metallic,Ebony,None reported,Yes,33295.0,5,1.656055707535439,3350.6666666666665
Nissan,Armada Platinum,2022,8400,Gasoline,400.0HP 5.6L 8 Cylinder Engine Gasoline Fuel,7-Speed A/T,Red,Beige,None reported,Yes,59950.0,4,7.136055231520057,1680.0
Porsche,911 Turbo,2021,11938,Gasoline,572.0HP 3.8L Flat 6 Cylinder Engine Gasoline Fuel,Transmission w/Dual Shift Mode,Black,–,None reported,Yes,209000.0,5,17.50565373984421,1989.6666666666667
Chevrolet,Corvette Stingray w/2LT,2021,24670,Gasoline,490.0HP 6.2L 8 Cylinder Engine Gasoline Fuel,Transmission w/Dual Shift Mode,White,Brown,None reported,Yes,72500.0,5,2.9386729358355965,4111.666666666667
Ford,Mustang Shelby GT500,2013,16478,Gasoline,650.0HP 5.8L 8 Cylinder Engine Gasoline Fuel,6-Speed M/T,White,Black,None reported,Yes,66400.0,13,4.029370714242369,1177.0
Ford,F-150 XL,2018,52500,E85 Flex Fuel,395.0HP 5.0L 8 Cylinder Engine Flex Fuel Capability,A/T,Gray,Gray,None reported,Yes,35000.0,8,0.6666539684958381,5833.333333333333
Porsche,Cayenne Turbo,2004,92500,Gasoline,450.0HP 4.5L 8 Cylinder Engine Gasoline Fuel,Transmission w/Dual Shift Mode,Silver,Black,None reported,Yes,12000.0,22,0.1297283272613269,4021.7391304347825
Mitsubishi,Eclipse Spyder GT,2008,62930,Gasoline,260.0HP 3.8L V6 Cylinder Engine Gasoline Fuel,A/T,Gray,Black,At least 1 accident or damage reported,Yes,10000.0,18,0.1589041966598338,3312.1052631578946
Lexus,GX 470 Base,2007,116600,Gasoline,263.0HP 4.7L 8 Cylinder Engine Gasoline Fuel,5-Speed A/T,White,Gray,None reported,Yes,19975.0,19,0.1713107091705903,5830.0
Dodge,Dakota Big Horn/Lone Star,2010,172024,Gasoline,210.0HP 3.7L V6 Cylinder Engine Gasoline Fuel,4-Speed A/T,Red,Brown,At least 1 accident or damage reported,Yes,7500.0,16,0.04359831419851766,10119.058823529413
Jeep,Wrangler Sport,2012,57237,Gasoline,285.0HP 3.6L V6 Cylinder Engine Gasoline Fuel,A/T,Black,Black,None reported,Yes,22500.0,14,0.3930954959991614,3815.8
Subaru,Outback Limited,2020,44600,Gasoline,182.0HP 2.5L 4 Cylinder Engine Gasoline Fuel,CVT Transmission,Silver,Gray,None reported,Yes,28300.0,6,0.6345149211901079,6371.428571428572
Jeep,Wrangler Unlimited Rubicon,2013,181830,Gasoline,285.0HP 3.6L V6 Cylinder Engine Gasoline Fuel,6-Speed M/T,Black,Black,None reported,Yes,21000.0,13,0.11549185782402341,12987.857142857143
Subaru,Ascent Touring 7-Passenger,2021,39948,Gasoline,2.4L H4 16V GDI DOHC Turbo,Automatic CVT,Ice Silver Metallic,Black,None reported,Yes,36791.0,5,0.9209492102430599,6658.0
Ford,F-350 XL,2017,156453,Diesel,440.0HP 6.7L 8 Cylinder Engine Diesel Fuel,6-Speed A/T,White,Beige,None reported,Yes,40000.0,9,0.25566620220639935,15645.3
Porsche,Cayenne Turbo S,2014,156193,Gasoline,550.0HP 4.8L 8 Cylinder Engine Gasoline Fuel,8-Speed A/T,Silver,Black,None reported,Yes,36000.0,12,0.23048260496561968,12014.846153846154
BMW,X1 xDrive28i,2020,27989,Gasoline,228.0HP 2.0L 4 Cylinder Engine Gasoline Fuel,A/T,Gray,Black,None reported,Yes,29000.0,6,1.0360843158270812,3998.4285714285716
Toyota,4Runner Limited,2014,146700,Gasoline,270.0HP 4.0L V6 Cylinder Engine Gasoline Fuel,5-Speed A/T,Blue,Black,At least 1 accident or damage reported,Yes,24999.0,12,0.1704078363474005,11284.615384615385
GMC,Yukon Denali,2019,88450,Gasoline,420.0HP 6.2L 8 Cylinder Engine Gasoline Fuel,10-Speed A/T,Black,Beige,At least 1 accident or damage reported,Yes,42900.0,7,0.4850143017037682,11056.25
Toyota,C-HR LE,2020,14065,Gasoline,2.0L I4 16V MPFI DOHC,Automatic CVT,Gray,Black,At least 1 accident or damage reported,Yes,27671.0,6,1.9672259348784302,2009.2857142857142
Subaru,Outback Limited XT,2020,36844,Gasoline,2.4L H4 16V GDI DOHC Turbo,Automatic CVT,Magnetite Gray Metallic,Black,At least 1 accident or damage reported,Yes,30427.0,6,0.8258108291491383,5263.428571428572
Chevrolet,Silverado 1500 LT Trail Boss,2020,49000,Gasoline,355.0HP 5.3L 8 Cylinder Engine Gasoline Fuel,A/T,White,Black,None reported,Yes,44900.0,6,0.9163078304524398,7000.0
BMW,X5 xDrive50i,2013,58000,Gasoline,400.0HP 4.4L 8 Cylinder Engine Gasoline Fuel,8-Speed A/T,White,Black,None reported,Yes,17900.0,13,0.3086153687005396,4142.857142857143
Audi,A6 55 Prestige,2021,22800,Hybrid,335.0HP 3.0L V6 Cylinder Engine Gasoline/Mild Electric Hybrid,A/T,Blue,Brown,None reported,Yes,52000.0,5,2.2806017279943864,3800.0
Subaru,Outback 2.5i Limited,2014,78007,Gasoline,173.0HP 2.5L 4 Cylinder Engine Gasoline Fuel,A/T,Blue,Black,None reported,Yes,14750.0,12,0.18908317095682495,6000.538461538462
Ford,F-250 King Ranch,2020,36500,Diesel,475.0HP 6.7L 8 Cylinder Engine Diesel Fuel,10-Speed A/T,Gray,Brown,None reported,Yes,69900.0,6,1.9150160269581655,5214.285714285715
Honda,CR-V EX,2004,156350,Gasoline,160.0HP 2.4L 4 Cylinder Engine Gasoline Fuel,A/T,Brown,Beige,At least 1 accident or damage reported,Yes,3990.0,22,0.025519504192489974,6797.826086956522
Lexus,GX 460 Luxury,2021,17710,Gasoline,301.0HP 4.6L 8 Cylinder Engine Gasoline Fuel,A/T,White,Red,None reported,Yes,59000.0,5,3.3312630568573205,2951.6666666666665
Ford,Explorer XLT,2013,149000,Gasoline,290.0HP 3.5L V6 Cylinder Engine Gasoline Fuel,A/T,Brown,Beige,At least 1 accident or damage reported,Yes,7850.0,13,0.05268421017308609,10642.857142857143
Subaru,Forester 2.5i Limited,2015,90000,Gasoline,170.0HP 2.5L 4 Cylinder Engine Gasoline Fuel,CVT Transmission,Silver,Gray,None reported,Yes,16000.0,11,0.17777580249108343,7500.0
Ford,Bronco Wildtrak Advanced,2022,9990,Gasoline,315.0HP 2.7L V6 Cylinder Engine Gasoline Fuel,Transmission w/Dual Shift Mode,Silver,Black,None reported,Yes,64500.0,4,6.4558102292062856,1998.0
Mercedes-Benz,A-Class A 220 4MATIC,2019,28663,Gasoline,2.0L I4 16V GDI DOHC Turbo,7-Speed Automatic with Auto-Shift,Jupiter Red,Black,None reported,Yes,29500.0,7,1.0291655037677923,3582.875
Lexus,NX 200t Base,2015,124250,Gasoline,235.0HP 2.0L 4 Cylinder Engine Gasoline Fuel,A/T,Gray,Orange,At least 1 accident or damage reported,Yes,17900.0,11,0.14406322685531706,10354.166666666666
Ford,F-250 Lariat,2017,50780,Diesel,440.0HP 6.7L 8 Cylinder Engine Diesel Fuel,6-Speed A/T,White,Black,None reported,Yes,61000.0,9,1.2012366830113625,5078.0
Porsche,911 Carrera C4S,2006,65000,Gasoline,355.0HP 3.8L Flat 6 Cylinder Engine Gasoline Fuel,6-Speed M/T,Blue,Gray,None reported,Yes,43000.0,20,0.6615282841802433,3095.2380952380954
Tesla,Model 3 Long Range,2022,22457,Gasoline,Electric,Automatic,Midnight Silver Metallic,Black,None reported,Yes,40036.0,4,1.78270549470122,4491.4
Toyota,Camry XSE,2022,19361,Gasoline,3.5 Liter,Automatic,Red,Black,None reported,Yes,38298.0,4,1.9779981406879454,3872.2
BMW,i3 94 Ah,2017,43000,Gasoline,170.0HP 0.65L Electric Motor Electric Fuel System,1-Speed A/T,Black,–,None reported,Yes,16500.0,9,0.38371200669751865,4300.0
Porsche,Taycan Turbo,2020,2076,Gasoline,Electric,Automatic,Gray,Red,None reported,Yes,115998.0,6,55.848820414058736,296.57142857142856
Porsche,911 GT3,2018,9712,Gasoline,4.0L H6 24V GDI DOHC,7-Speed Automatic with Auto-Shift,Red,Black,None reported,Yes,188900.0,8,19.44816225676928,1079.111111111111
Mercedes-Benz,E-Class E55 AMG,2005,131000,Gasoline,469.0HP 5.4L 8 Cylinder Engine Gasoline Fuel,5-Speed A/T,Gray,Black,None reported,Yes,16500.0,21,0.12595323699819086,5954.545454545455
Toyota,Highlander XLE,2022,31000,Gasoline,295.0HP 3.5L V6 Cylinder Engine Gasoline Fuel,Transmission w/Dual Shift Mode,Gray,Gray,None reported,Yes,43000.0,4,1.3870520305796588,6200.0
Volvo,S60 Recharge Plug-In Hybrid T8 Inscription,2021,24158,Plug-In Hybrid,400.0HP 2.0L 4 Cylinder Engine Plug-In Electric/Gas,8-Speed A/T,Gray,Black,None reported,Yes,44900.0,5,1.8585206341322074,4026.3333333333335
Audi,A6 3.0T Premium Plus,2016,72865,Gasoline,333.0HP 3.0L V6 Cylinder Engine Gasoline Fuel,A/T,Black,Black,At least 1 accident or damage reported,Yes,22000.0,10,0.30192407981774766,6624.090909090909
Mercedes-Benz,E-Class E 350 4MATIC,2014,89563,Gasoline,302.0HP 3.5L V6 Cylinder Engine Gasoline Fuel,7-Speed A/T,Blue,Black,None reported,Yes,18995.0,12,0.21208297976865706,6889.461538461538
Nissan,Juke SL,2012,72639,Gasoline,188.0HP 1.6L 4 Cylinder Engine Gasoline Fuel,CVT Transmission,Black,Black,At least 1 accident or damage reported,Yes,15000.0,14,0.2064977973568282,4842.6
Mercedes-Benz,CLS-Class CLS 550,2012,79000,Gasoline,402.0HP 4.6L 8 Cylinder Engine Gasoline Fuel,7-Speed A/T,Black,Black,None reported,Yes,19999.0,14,0.25314869432032505,5266.666666666667
Audi,A3 2.0T Premium,2012,111564,Gasoline,200.0HP 2.0L 4 Cylinder Engine Gasoline Fuel,6-Speed A/T,White,Black,None reported,Yes,11200.0,14,0.10038990722896966,7437.6
Lexus,GX 460 Base,2018,75000,Gasoline,301.0HP 4.6L 8 Cylinder Engine Gasoline Fuel,6-Speed A/T,White,Beige,At least 1 accident or damage reported,Yes,38095.0,8,0.507926560979187,8333.333333333334
Ford,Mustang Premium,2007,169613,Gasoline,210.0HP 4.0L V6 Cylinder Engine Gasoline Fuel,A/T,Black,Black,At least 1 accident or damage reported,Yes,5900.0,19,0.03478486445694341,8480.65
Honda,Pilot EX-L,2011,175000,Gasoline,250.0HP 3.5L V6 Cylinder Engine Gasoline Fuel,5-Speed A/T,Black,Gray,None reported,Yes,9000.0,15,0.0514282775526997,10937.5
BMW,540 i,2017,98500,Gasoline,335.0HP 3.0L Straight 6 Cylinder Engine Gasoline Fuel,8-Speed A/T,Black,Black,None reported,Yes,24500.0,9,0.2487284393051847,9850.0
Chrysler,300 S,2012,53000,Gasoline,292.0HP 3.6L V6 Cylinder Engine Gasoline Fuel,Transmission w/Dual Shift Mode,Black,Black,At least 1 accident or damage reported,Yes,13750.0,14,0.25942906737608723,3533.3333333333335
RAM,2500 Longhorn,2015,72200,Diesel,370.0HP 6.7L Straight 6 Cylinder Engine Diesel Fuel,6-Speed A/T,Black,Black,None reported,Yes,52500.0,11,0.7271367432584036,6016.666666666667
Acura,TSX Base,2005,151600,Gasoline,200.0HP 2.4L 4 Cylinder Engine Gasoline Fuel,6-Speed M/T,Black,Black,None reported,Yes,7899.0,21,0.052103877942757636,6890.909090909091
Lotus,Evora 2+2,2011,20000,Gasoline,276.0HP 3.5L V6 Cylinder Engine Gasoline Fuel,6-Speed M/T,White,Red,None reported,Yes,51000.0,15,2.5498725063746814,1250.0
Chevrolet,Avalanche 1500 LT,2010,170000,E85 Flex Fuel,320.0HP 5.3L 8 Cylinder Engine Flex Fuel Capability,A/T,Black,Black,At least 1 accident or damage reported,Yes,9000.0,16,0.05294086505373498,10000.0
Ford,F-150 XLT,2019,69800,E85 Flex Fuel,395.0HP 5.0L 8 Cylinder Engine Flex Fuel Capability,10-Speed A/T,Silver,Gray,None reported,Yes,34600.0,7,0.4956949040844687,8725.0
Toyota,Tundra SR5,2020,26300,Gasoline,381.0HP 5.7L 8 Cylinder Engine Gasoline Fuel,6-Speed A/T,Gray,Gray,At least 1 accident or damage reported,Yes,46199.0,6,1.7565491806395195,3757.1428571428573
Honda,Fit Sport,2007,156111,Gasoline,109.0HP 1.5L 4 Cylinder Engine Gasoline Fuel,Transmission w/Dual Shift Mode,Red,Black,At least 1 accident or damage reported,Yes,5200.0,19,0.033309418878753716,7805.55
Chevrolet,Silverado 2500 LTZ,2016,172600,Diesel,397.0HP 6.6L 8 Cylinder Engine Diesel Fuel,A/T,Red,Black,At least 1 accident or damage reported,Yes,32500.0,10,0.1882955486932289,15690.90909090909
Honda,Accord Crosstour EX-L,2010,145000,Gasoline,271.0HP 3.5L V6 Cylinder Engine Gasoline Fuel,A/T,Green,Black,None reported,Yes,9000.0,16,0.062068537458362355,8529.411764705883
RAM,1500 TRX,2021,15183,Gasoline,702.0HP 6.2L 8 Cylinder Engine Gasoline Fuel,8-Speed A/T,Black,Black,None reported,Yes,90000.0,5,5.927291886195996,2530.5
Buick,Envision Essence,2020,28548,Gasoline,2.5L I4 16V GDI DOHC,6-Speed Automatic,Ebony Twilight Metallic,Ebony,None reported,Yes,32063.0,6,1.1230866229990542,4078.285714285714
Volkswagen,Atlas 3.6L SEL Premium R-Line,2022,14000,Gasoline,276.0HP 3.6L V6 Cylinder Engine Gasoline Fuel,8-Speed A/T,Gray,Black,None reported,Yes,46900.0,4,3.3497607313763305,2800.0
Mercedes-Benz,CLS 450 Base,2019,67000,Hybrid,369.0HP 3.0L Straight 6 Cylinder Engine Gasoline/Mild Electric Hybrid,Transmission w/Dual Shift Mode,Yellow,Black,None reported,Yes,44500.0,7,0.6641691915046044,8375.0
Jeep,Wrangler Unlimited Sport,2017,84786,Gasoline,285.0HP 3.6L V6 Cylinder Engine Gasoline Fuel,5-Speed A/T,Gray,Black,None reported,Yes,23500.0,9,0.27716513144703786,8478.6
Mercedes-Benz,S-Class S 63 AMG,2008,93000,Gasoline,518.0HP 6.2L 8 Cylinder Engine Gasoline Fuel,A/T,Black,Black,None reported,Yes,17800.0,18,0.19139579144310276,4894.736842105263
Hyundai,Genesis Coupe 3.8 Track,2010,127500,Gasoline,306.0HP 3.8L V6 Cylinder Engine Gasoline Fuel,6-Speed M/T,Blue,Black,At least 1 accident or damage reported,Yes,6000.0,16,0.04705845444349456,7500.0
Ford,Mustang Mach-E GT,2022,8000,Gasoline,480.0HP Electric Motor Electric Fuel System,1-Speed A/T,Blue,Black,None reported,Yes,60999.0,4,7.623922009748782,1600.0
GMC,Canyon Elevation Standard,2022,16500,Gasoline,308.0HP 3.6L V6 Cylinder Engine Gasoline Fuel,8-Speed A/T,Gray,Gray,None reported,Yes,32900.0,4,1.9938185564511242,3300.0
Jaguar,XK Base,2013,55700,Gasoline,385.0HP 5.0L 8 Cylinder Engine Gasoline Fuel,6-Speed A/T,Black,Black,None reported,Yes,27200.0,13,0.48832157411895655,3978.5714285714284
Ford,F-250 LARIAT,2021,42245,Diesel,Intercooled Turbo Diesel V-8 6.7 L/406,Automatic,Agate Black Metallic,Black,None reported,Yes,76598.0,5,1.81314207262226,7040.833333333333
Toyota,RAV4 Base,2009,78500,Gasoline,179.0HP 2.5L 4 Cylinder Engine Gasoline Fuel,4-Speed A/T,Silver,–,None reported,Yes,12000.0,17,0.1528642947223602,4361.111111111111
Ford,Expedition Platinum,2018,48619,Gasoline,400.0HP 3.5L V6 Cylinder Engine Gasoline Fuel,10-Speed A/T,Gray,White,None reported,Yes,51499.0,8,1.059214315096668,5402.111111111111
Jeep,Wrangler Unlimited 4xe Sahara,2021,51105,Hybrid,2.0L I4 16V GDI DOHC Turbo Hybrid,8-Speed Automatic,Black Clearcoat,Black,None reported,Yes,42700.0,5,0.8355183344421399,8517.5
Ford,F-150 XLT,2016,25880,E85 Flex Fuel,282.0HP 3.5L V6 Cylinder Engine Flex Fuel Capability,6-Speed A/T,Red,Gray,None reported,Yes,25500.0,10,0.9852787759360149,2352.7272727272725
Tesla,Model S Plaid,2021,20100,Gasoline,1020.0HP Electric Motor Electric Fuel System,A/T,Red,Black,None reported,Yes,69995.0,5,3.4821650664146064,3350.0
Toyota,Tacoma SR5,2018,25083,Gasoline,3.5L V6 24V PDI DOHC,6-Speed Automatic,Red,Gray,At least 1 accident or damage reported,Yes,34955.0,8,1.393517780258332,2787.0
Toyota,Highlander Hybrid Limited Platinum,2019,46000,Hybrid,306.0HP 3.5L V6 Cylinder Engine Gas/Electric Hybrid,CVT Transmission,Silver,Black,None reported,Yes,40000.0,7,0.8695463142105606,5750.0
Jeep,Liberty Sport,2008,141485,Gasoline,210.0HP 3.7L V6 Cylinder Engine Gasoline Fuel,A/T,Black,Gray,At least 1 accident or damage reported,Yes,6500.0,18,0.0459409411531883,7446.578947368421
Toyota,Sequoia Limited,2018,63990,Gasoline,381.0HP 5.7L 8 Cylinder Engine Gasoline Fuel,6-Speed A/T,White,Gray,At least 1 accident or damage reported,Yes,48000.0,8,0.7501054835836289,7110.0
Ford,Transit-350 Base,2020,19400,Gasoline,310.0HP 3.5L V6 Cylinder Engine Gasoline Fuel,A/T,White,Black,None reported,Yes,58000.0,6,2.9895366218236172,2771.4285714285716
Subaru,BRZ Limited,2013,129858,Gasoline,200.0HP 2.0L 4 Cylinder Engine Gasoline Fuel,6-Speed A/T,Silver,Black,At least 1 accident or damage reported,Yes,13490.0,13,0.1038819026790596,9275.57142857143
Volvo,XC60 3.2,2012,102000,Gasoline,240.0HP 3.2L Straight 6 Cylinder Engine Gasoline Fuel,6-Speed A/T,Blue,Beige,None reported,Yes,10800.0,14,0.10588131488906971,6800.0
Subaru,Impreza WRX Sti Special Edition,2010,8700,Gasoline,305.0HP 2.5L 4 Cylinder Engine Gasoline Fuel,6-Speed M/T,Gray,Black,None reported,Yes,39900.0,16,4.585679806918745,511.7647058823529
Chevrolet,Bolt EV LT,2018,49279,Gasoline,200.0HP Electric Motor Electric Fuel System,1-Speed A/T,Red,Gray,None reported,Yes,17500.0,8,0.35511363636363635,5475.444444444444
Chevrolet,Monte Carlo Supercharged SS,2004,148800,Gasoline,240.0HP 3.8L V6 Cylinder Engine Gasoline Fuel,A/T,Red,Black,None reported,Yes,6500.0,22,0.04368250213372222,6469.565217391304
Cadillac,Escalade Platinum Edition,2012,160249,E85 Flex Fuel,403.0HP 6.2L 8 Cylinder Engine Flex Fuel Capability,A/T,Black,Black,None reported,Yes,12900.0,14,0.08049921996879875,10683.266666666666
Chrysler,300M Base,2004,45000,Gasoline,250.0HP 3.5L V6 Cylinder Engine Gasoline Fuel,A/T,Gray,Gray,None reported,Yes,6000.0,22,0.13333037043621254,1956.5217391304348
Chevrolet,Silverado 2500 LT H/D Extended Cab,2006,169000,Diesel,360.0HP 6.6L 8 Cylinder Engine Diesel Fuel,6-Speed A/T,White,Gray,None reported,Yes,19500.0,20,0.11538393263945183,8047.619047619048
Mercedes-Benz,AMG C 63 S,2017,46000,Gasoline,503.0HP 4.0L 8 Cylinder Engine Gasoline Fuel,7-Speed A/T,Gray,Black,None reported,Yes,56000.0,9,1.217364839894785,4600.0
Ferrari,488 Spider Base,2019,13900,Gasoline,660.0HP 3.9L 8 Cylinder Engine Gasoline Fuel,Transmission w/Dual Shift Mode,Red,Black,None reported,Yes,315000.0,7,22.660240270484138,1737.5
Acura,TLX V6 Tech,2015,38000,Gasoline,290.0HP 3.5L V6 Cylinder Engine Gasoline Fuel,9-Speed A/T,White,Black,None reported,Yes,21900.0,11,0.5763006236677982,3166.6666666666665
Chevrolet,Corvette Z06,2006,42000,Gasoline,505.0HP 7.0L 8 Cylinder Engine Gasoline Fuel,6-Speed M/T,Orange,Black,None reported,Yes,42000.0,20,0.9999761910430705,2000.0
Lexus,NX 350h Premium,2024,300,Hybrid,240.0HP 2.5L 4 Cylinder Engine Gas/Electric Hybrid,A/T,Black,Black,None reported,Yes,50999.0,2,169.43189368770763,100.0
Mercedes-Benz,SLK-Class SLK 350,2008,120800,Gasoline,268.0HP 3.5L V6 Cylinder Engine Gasoline Fuel,7-Speed A/T,Red,Beige,None reported,Yes,13900.0,18,0.11506527263847154,6357.894736842105
Jeep,Wrangler Unlimited Sahara,2020,76313,Gasoline,2.0L I4 16V GDI DOHC Turbo,8-Speed Automatic,Hellayella Clearcoat,Black,None reported,Yes,35234.0,6,0.4616977225672878,10901.857142857143
Chevrolet,Silverado 1500 LT,2012,104000,E85 Flex Fuel,315.0HP 5.3L 8 Cylinder Engine Flex Fuel Capability,6-Speed A/T,Blue,Gray,At least 1 accident or damage reported,Yes,16500.0,14,0.15865232065076298,6933.333333333333
Lexus,GX 460 Base,2010,97097,Gasoline,301.0HP 4.6L 8 Cylinder Engine Gasoline Fuel,A/T,Red,Beige,At least 1 accident or damage reported,Yes,22000.0,16,0.22657521267173372,5711.588235294118
Jeep,Wrangler Unlimited X,2008,136731,Gasoline,202.0HP 3.8L V6 Cylinder Engine Gasoline Fuel,A/T,Yellow,Gray,None reported,Yes,15900.0,18,0.11628587309481321,7196.368421052632
RAM,1500 Tradesman/Express,2017,40200,Gasoline,395.0HP 5.7L 8 Cylinder Engine Gasoline Fuel,A/T,Blue,Gray,At least 1 accident or damage reported,Yes,24000.0,9,0.5970000746250094,4020.0
Ford,Explorer ST,2021,39105,Gasoline,3.0L V6 24V GDI DOHC Twin Turbo,10-Speed Automatic,Black,–,None reported,Yes,44605.0,5,1.1406178080090013,6517.5
Mercedes-Benz,G 550 4x4 Squared Base,2017,23567,Gasoline,416.0HP 4.0L 8 Cylinder Engine Gasoline Fuel,Transmission w/Dual Shift Mode,White,Black,At least 1 accident or damage reported,Yes,215000.0,9,9.12253903598099,2356.7
BMW,M4 Competition,2021,12500,Gasoline,503.0HP 3.0L Straight 6 Cylinder Engine Gasoline Fuel,8-Speed A/T,Gray,Blue,At least 1 accident or damage reported,Yes,90000.0,5,7.199424046076314,2083.3333333333335
Chevrolet,Colorado ZR2,2019,38900,Gasoline,308.0HP 3.6L V6 Cylinder Engine Gasoline Fuel,8-Speed A/T,White,Black,None reported,Yes,34700.0,7,0.8920079175342536,4862.5
Lincoln,Navigator L Select,2016,84272,Gasoline,380.0HP 3.5L V6 Cylinder Engine Gasoline Fuel,6-Speed A/T,Black,Black,At least 1 accident or damage reported,Yes,25221.0,10,0.2992773486169948,7661.090909090909
Mercedes-Benz,E-Class E 350,2016,58375,Gasoline,302.0HP 3.5L V6 Cylinder Engine Gasoline Fuel,A/T,White,Beige,None reported,Yes,24999.0,10,0.4282410579690284,5306.818181818182
Ford,Mustang Shelby GT500,2007,7346,Gasoline,500.0HP 5.4L 8 Cylinder Engine Gasoline Fuel,6-Speed M/T,Red,Black,None reported,Yes,40999.0,19,5.5803729413366,367.3
Dodge,Charger SRT8,2008,98231,Gasoline,425.0HP 6.1L 8 Cylinder Engine Gasoline Fuel,5-Speed A/T,Blue,Black,At least 1 accident or damage reported,Yes,15500.0,18,0.15778972229008878,5170.0526315789475
Jaguar,XK Base,2007,56000,Gasoline,300.0HP 4.2L 8 Cylinder Engine Gasoline Fuel,A/T,White,Beige,None reported,Yes,18000.0,19,0.3214228317351476,2800.0
Honda,Civic EX,2020,13935,Gasoline,174.0HP 1.5L 4 Cylinder Engine Gasoline Fuel,CVT Transmission,Gray,Black,None reported,Yes,26000.0,6,1.8656716417910448,1990.7142857142858
Subaru,Impreza 2.0i,2019,30000,Gasoline,152.0HP 2.0L 4 Cylinder Engine Gasoline Fuel,CVT Transmission,Gray,Black,At least 1 accident or damage reported,Yes,21250.0,7,0.708309723009233,3750.0
Saab,9-3 Aero,2009,106000,Gasoline,280.0HP 2.8L V6 Cylinder Engine Gasoline Fuel,6-Speed A/T,Red,Black,None reported,Yes,12950.0,17,0.12216865878623787,5888.888888888889
BMW,650 Gran Coupe i xDrive,2014,82978,Gasoline,445.0HP 4.4L 8 Cylinder Engine Gasoline Fuel,8-Speed A/T,Black,White,None reported,Yes,18700.0,12,0.22535822316489715,6382.923076923077
Jeep,Wrangler Unlimited Sport,2018,58500,Gasoline,285.0HP 3.6L V6 Cylinder Engine Gasoline Fuel,8-Speed A/T,Black,Black,None reported,Yes,35000.0,8,0.5982803712757047,6500.0
Ford,F-350 King Ranch,2015,92421,Diesel,440.0HP 6.7L 8 Cylinder Engine Diesel Fuel,6-Speed A/T,White,Brown,None reported,Yes,51900.0,11,0.5615546082101665,7701.75
Mazda,CX-30 Preferred,2020,9927,Gasoline,2.5L I4 16V GDI DOHC,6-Speed Automatic,Snowflake White Pearl,Black,None reported,Yes,27518.0,6,2.7717566478646254,1418.142857142857
Lexus,RX 330 Base,2006,110250,Gasoline,230.0HP 3.3L V6 Cylinder Engine Gasoline Fuel,A/T,White,Beige,None reported,Yes,11000.0,20,0.09977233766587151,5250.0
INFINITI,QX56 Base,2011,103010,Gasoline,400.0HP 5.6L 8 Cylinder Engine Gasoline Fuel,7-Speed A/T,Black,Beige,None reported,Yes,13500.0,15,0.13105396511052217,6438.125
Hyundai,Veloster Value Edition,2017,55359,Gasoline,1.6L I4 16V GDI DOHC,6-Speed Automatic with Auto-Shift,Ironman Silver,Black,None reported,Yes,15599.0,9,0.2817738439306358,5535.9
Rivian,R1S Launch Edition,2022,7800,Gasoline,835.0HP Electric Motor Electric Fuel System,1-Speed A/T,Green,Black,None reported,Yes,92500.0,4,11.857454172541981,1560.0
Land,Rover Range Rover HSE SWB,2020,41500,Hybrid,395.0HP 3.0L Straight 6 Cylinder Engine Gasoline/Mild Electric Hybrid,8-Speed A/T,Gray,Gray,None reported,Yes,68000.0,6,1.6385147345847089,5928.571428571428
BMW,M4 Base,2020,28000,Gasoline,425.0HP 3.0L Straight 6 Cylinder Engine Gasoline Fuel,7-Speed A/T,White,White,None reported,Yes,59900.0,6,2.139209313953073,4000.0
Mercedes-Benz,E-Class E 350,2014,53500,Gasoline,302.0HP 3.5L V6 Cylinder Engine Gasoline Fuel,A/T,Black,Brown,None reported,Yes,24500.0,12,0.45793536569409915,4115.384615384615
Honda,Accord Hybrid Base,2021,33523,Hybrid,2.0L I4 16V MPFI DOHC Hybrid,Automatic CVT,Lunar Silver Metallic,Gray,None reported,Yes,28748.0,5,0.8575349003698842,5587.166666666667
Toyota,Prius v Three,2016,86300,Hybrid,134.0HP 1.8L 4 Cylinder Engine Gas/Electric Hybrid,A/T,Gray,Black,At least 1 accident or damage reported,Yes,18000.0,10,0.20857232245281052,7845.454545454545
Subaru,WRX Premium,2022,7738,Gasoline,271.0HP 2.4L 4 Cylinder Engine Gasoline Fuel,Transmission w/Dual Shift Mode,Orange,Black,At least 1 accident or damage reported,Yes,33000.0,4,4.264116810957488,1547.6
Bentley,Bentayga Speed,2020,22001,Gasoline,6.0L W12 48V PDI DOHC Twin Turbo,8-Speed Automatic,Beluga Black,Hotspur Hide,None reported,Yes,173995.0,6,7.908144714116898,3143.0
Ford,Explorer ST,2022,14361,Gasoline,400.0HP 3.0L V6 Cylinder Engine Gasoline Fuel,10-Speed A/T,Black,Black,None reported,Yes,51500.0,4,3.5858515527085366,2872.2
Chevrolet,Suburban LT,2016,98000,E85 Flex Fuel,355.0HP 5.3L 8 Cylinder Engine Flex Fuel Capability,Transmission Overdrive Switch,Gray,Gray,At least 1 accident or damage reported,Yes,30000.0,10,0.306119325313007,8909.09090909091
Chevrolet,Silverado 1500 Limited Custom,2022,30455,Gasoline,2.7 Liter DOHC Turbo,Automatic,Summit White,Jet Black,None reported,Yes,37698.0,4,1.2377856579984239,6091.0
Ford,Explorer Platinum,2020,64552,Gasoline,3.0L V6 24V GDI DOHC Twin Turbo,10-Speed Automatic,Iconic Silver Metallic,Ebony,At least 1 accident or damage reported,Yes,36750.0,6,0.569299645252738,9221.714285714286
Lexus,RX 350 Base,2017,103866,Gasoline,295.0HP 3.5L V6 Cylinder Engine Gasoline Fuel,8-Speed A/T,Beige,Beige,At least 1 accident or damage reported,Yes,24700.0,9,0.2378041148776801,10386.6
Land,Rover Range Rover 3.0L V6 Supercharged HSE,2019,35650,Gasoline,380.0HP 3.0L V6 Cylinder Engine Gasoline Fuel,8-Speed A/T,Black,Black,At least 1 accident or damage reported,Yes,57999.0,7,1.6268547866820005,4456.25
Ford,Explorer Platinum,2021,64957,Gasoline,3.0L V6 24V GDI DOHC Twin Turbo,10-Speed Automatic,Black,Light Slate,None reported,Yes,39979.0,5,0.6154592198035653,10826.166666666666
Dodge,Challenger SRT8 392,2012,33700,–,–,6-Speed M/T,Black,Black,None reported,Yes,33500.0,14,0.9940357852882704,2246.6666666666665
Chevrolet,Equinox 2LT,2012,96653,Gasoline,264.0HP 3.0L V6 Cylinder Engine Gasoline Fuel,6-Speed A/T,Black,Brown,At least 1 accident or damage reported,Yes,7500.0,14,0.07759637469737414,6443.533333333334
Dodge,Challenger SXT,2022,29500,Gasoline,303.0HP 3.6L V6 Cylinder Engine Gasoline Fuel,8-Speed A/T,Gray,Black,None reported,Yes,31000.0,4,1.0508118368868853,5900.0
Porsche,911 Carrera,2021,7400,Gasoline,379.0HP 3.0L Flat 6 Cylinder Engine Gasoline Fuel,8-Speed A/T,Red,Black,None reported,Yes,116999.0,5,15.808539386569382,1233.3333333333333
Volvo,XC70 T6 Platinum,2012,69000,Gasoline,300.0HP 3.0L Straight 6 Cylinder Engine Gasoline Fuel,A/T,Silver,Black,At least 1 accident or damage reported,Yes,15900.0,14,0.23043144302256488,4600.0
Lexus,GX 470 Base,2005,198000,Gasoline,270.0HP 4.7L 8 Cylinder Engine Gasoline Fuel,5-Speed A/T,Gray,Gray,At least 1 accident or damage reported,Yes,15500.0,21,0.07828243291700547,9000.0
Porsche,911 Carrera GTS,2015,23600,Gasoline,430.0HP 3.8L Flat 6 Cylinder Engine Gasoline Fuel,7-Speed M/T,Red,Black,None reported,Yes,132900.0,11,5.631117325537054,1966.6666666666667
Volvo,XC70 3.2,2008,170000,Gasoline,235.0HP 3.2L Straight 6 Cylinder Engine Gasoline Fuel,6-Speed A/T,White,Beige,None reported,Yes,7000.0,18,0.0411762283751272,8947.368421052632
Nissan,350Z NISMO,2008,76500,Gasoline,306.0HP 3.5L V6 Cylinder Engine Gasoline Fuel,6-Speed M/T,Silver,Red,At least 1 accident or damage reported,Yes,28000.0,18,0.36600828747336633,4026.315789473684
Porsche,911 Turbo,2007,73500,Gasoline,480.0HP 3.6L Flat 6 Cylinder Engine Gasoline Fuel,5-Speed A/T,Black,Black,None reported,Yes,75499.0,19,1.027183303628522,3675.0
Land,Rover Range Rover SWB,2020,29000,Hybrid,355.0HP 3.0L Straight 6 Cylinder Engine Gasoline/Mild Electric Hybrid,A/T,Black,Black,None reported,Yes,70000.0,6,2.413709872073377,4142.857142857143
Porsche,Cayenne E-Hybrid S Platinum Edition,2017,69404,Plug-In Hybrid,416.0HP 3.0L V6 Cylinder Engine Plug-In Electric/Gas,8-Speed A/T,Black,Beige,At least 1 accident or damage reported,Yes,29500.0,9,0.4250414235285642,6940.4
Lexus,IS 350 Base,2007,103000,Gasoline,306.0HP 3.5L V6 Cylinder Engine Gasoline Fuel,6-Speed A/T,Red,Beige,At least 1 accident or damage reported,Yes,12900.0,19,0.12524150250968438,5150.0
Porsche,Macan S,2015,70500,Gasoline,340.0HP 3.0L V6 Cylinder Engine Gasoline Fuel,Transmission w/Dual Shift Mode,Silver,Black,At least 1 accident or damage reported,Yes,26500.0,11,0.3758811931745649,5875.0
Land,Rover Range Rover 5.0L Supercharged,2016,64000,Gasoline,510.0HP 5.0L 8 Cylinder Engine Gasoline Fuel,Transmission w/Dual Shift Mode,White,White,None reported,Yes,36995.0,10,0.5780378431587007,5818.181818181818
GMC,Savana 2500 Work Van,2018,63460,E85 Flex Fuel,341.0HP 6.0L 8 Cylinder Engine Flex Fuel Capability,A/T,White,Beige,None reported,Yes,33000.0,8,0.5200044121586486,7051.111111111111
Toyota,4Runner SR5,2018,32199,Gasoline,270.0HP 4.0L V6 Cylinder Engine Gasoline Fuel,A/T,Silver,Black,None reported,Yes,35500.0,8,1.1024844720496894,3577.6666666666665
Hyundai,Palisade SEL,2020,69487,Gasoline,291.0HP 3.8L V6 Cylinder Engine Gasoline Fuel,A/T,White,Black,None reported,Yes,32000.0,6,0.46051116739580933,9926.714285714286
GMC,Sierra 2500 Denali,2015,86000,Diesel,397.0HP 6.6L 8 Cylinder Engine Diesel Fuel,A/T,Gray,Brown,None reported,Yes,49000.0,11,0.5697608167346891,7166.666666666667
Genesis,GV70 3.5T Sport,2022,8730,Gasoline,3.5L V6 24V PDI DOHC Twin Turbo,8-Speed Automatic,Alta White,Red,None reported,Yes,48219.0,4,5.522735081892108,1746.0
Chevrolet,Impala 1LT,2017,70000,Gasoline,305.0HP 3.6L V6 Cylinder Engine Gasoline Fuel,6-Speed A/T,White,Gray,At least 1 accident or damage reported,Yes,17900.0,9,0.2557106327052471,7000.0
Audi,A4 2.0T Premium Plus,2015,83420,E85 Flex Fuel,220.0HP 2.0L 4 Cylinder Engine Flex Fuel Capability,8-Speed A/T,Red,Gray,At least 1 accident or damage reported,Yes,16000.0,11,0.19179822826386642,6951.666666666667
Nissan,Altima 2.5 S,2003,189000,Gasoline,175.0HP 2.5L 4 Cylinder Engine Gasoline Fuel,A/T,Silver,Beige,At least 1 accident or damage reported,Yes,2899.0,23,0.015338543182311204,7875.0
Porsche,911 Carrera 4S,2017,31500,Gasoline,420.0HP 3.0L Flat 6 Cylinder Engine Gasoline Fuel,7-Speed A/T,Blue,Red,None reported,Yes,97555.0,9,3.096885813148789,3150.0
BMW,X1 xDrive 28i,2015,85766,Gasoline,240.0HP 2.0L 4 Cylinder Engine Gasoline Fuel,A/T,Gray,Black,None reported,Yes,13000.0,11,0.1515734489955344,7147.166666666667
GMC,Yukon Denali,2018,92800,Gasoline,420.0HP 6.2L 8 Cylinder Engine Gasoline Fuel,10-Speed A/T,White,Black,None reported,Yes,34000.0,8,0.3663753623344576,10311.111111111111
Land,Rover Defender SE,2021,13970,Hybrid,395.0HP 3.0L Straight 6 Cylinder Engine Gasoline/Mild Electric Hybrid,A/T,Gray,Black,None reported,Yes,75500.0,5,5.404051249015819,2328.3333333333335
Porsche,911 Turbo S,2023,154,Gasoline,3.8L H6 24V GDI DOHC Twin Turbo,8-Speed Automatic with Auto-Shift,Python Green,Black,None reported,Yes,274900.0,3,1773.5483870967741,38.5
Scion,xB Base,2011,95426,Gasoline,158.0HP 2.4L 4 Cylinder Engine Gasoline Fuel,A/T,Green,Gray,None reported,Yes,8000.0,15,0.08383371582466179,5964.125
Mazda,CX-30 Select,2020,23162,Gasoline,2.5L I4 16V GDI DOHC,6-Speed Automatic,Soul Red Crystal Metallic,Black,None reported,Yes,25495.0,6,1.1006778051202348,3308.8571428571427
BMW,M4 Competition,2023,3950,Gasoline,503.0HP 3.0L Straight 6 Cylinder Engine Gasoline Fuel,A/T,White,Blue,None reported,Yes,83500.0,3,21.133890154391292,987.5
Porsche,911 Carrera 4S,2006,80000,Gasoline,355.0HP 3.8L Flat 6 Cylinder Engine Gasoline Fuel,6-Speed M/T,Black,Beige,None reported,Yes,43000.0,20,0.5374932813339833,3809.5238095238096
Ford,F-250 Lariat,2015,94634,E85 Flex Fuel,385.0HP 6.2L 8 Cylinder Engine Flex Fuel Capability,A/T,White,Black,At least 1 accident or damage reported,Yes,32500.0,11,0.34342473714798966,7886.166666666667
Chevrolet,Corvette Base,2007,65000,Gasoline,400.0HP 6.0L 8 Cylinder Engine Gasoline Fuel,6-Speed A/T,Silver,Beige,At least 1 accident or damage reported,Yes,33885.0,19,0.5212996723127337,3250.0
Lexus,LS 460 L,2008,100000,Gasoline,380.0HP 4.6L 8 Cylinder Engine Gasoline Fuel,A/T,Black,Black,At least 1 accident or damage reported,Yes,11500.0,18,0.11499885001149988,5263.1578947368425
Toyota,Sienna XSE 25th Anniversary,2023,500,Hybrid,245.0HP 2.5L 4 Cylinder Engine Gas/Electric Hybrid,A/T,White,Black,None reported,Yes,59500.0,3,118.7624750499002,125.0
Mercedes-Benz,AMG G 63 Base,2021,7856,Gasoline,4.0L V8 32V GDI DOHC Twin Turbo,9-Speed Automatic,China Blue,Black,None reported,Yes,425000.0,5,54.09189257986509,1309.3333333333333
Audi,A4 2.0T Premium quattro,2011,181000,Gasoline,211.0HP 2.0L 4 Cylinder Engine Gasoline Fuel,A/T,White,Black,None reported,Yes,5500.0,15,0.030386572449875967,11312.5
Mercedes-Benz,GLC 300 Base 4MATIC,2018,48700,Gasoline,241.0HP 2.0L 4 Cylinder Engine Gasoline Fuel,9-Speed A/T,Blue,Brown,None reported,Yes,27900.0,8,0.5728835136855506,5411.111111111111
Porsche,911 Turbo Cabriolet,2009,13500,Gasoline,480.0HP 3.6L Flat 6 Cylinder Engine Gasoline Fuel,6-Speed M/T,Gray,Black,None reported,Yes,130000.0,17,9.6289163765647,750.0
Toyota,86 860 Special Edition,2017,87500,Gasoline,200.0HP 2.0L 4 Cylinder Engine Gasoline Fuel,6-Speed A/T,Silver,Black,None reported,Yes,20000.0,9,0.22856881635638449,8750.0
Tesla,Model 3 Long Range,2018,36187,Gasoline,271.0HP Electric Motor Electric Fuel System,1-Speed A/T,White,Black,None reported,Yes,28895.0,8,0.7984691057809219,4020.777777777778
Hyundai,Tucson SEL,2022,13666,Gasoline,2.5L I4 16V PDI DOHC,8-Speed Automatic,Portofino Gray,Black,None reported,Yes,27999.0,4,2.048657349820736,2733.2
Porsche,911 Carrera S,2007,50500,Gasoline,355.0HP 3.8L Flat 6 Cylinder Engine Gasoline Fuel,6-Speed M/T,Silver,Black,None reported,Yes,56000.0,19,1.108888932892418,2525.0
Lincoln,Nautilus Reserve,2021,19291,Gasoline,2.0L I4 16V GDI DOHC Turbo,8-Speed Automatic,Black,Ebony,None reported,Yes,44340.0,5,2.298362015343147,3215.1666666666665
Ford,Mustang Boss 302,2012,1295,Gasoline,444.0HP 5.0L 8 Cylinder Engine Gasoline Fuel,M/T,Silver,Black,None reported,Yes,49990.0,14,38.57253086419753,86.33333333333333
Cadillac,Escalade Premium Luxury,2017,55000,Gasoline,420.0HP 6.2L 8 Cylinder Engine Gasoline Fuel,8-Speed A/T,White,Beige,At least 1 accident or damage reported,Yes,49900.0,9,0.9072562317048781,5500.0
MINI,Cooper Base,2010,74000,Gasoline,118.0HP 1.6L 4 Cylinder Engine Gasoline Fuel,6-Speed M/T,Yellow,Black,None reported,Yes,9650.0,16,0.1304036431940109,4352.941176470588
Dodge,Durango R/T,2022,14976,Gasoline,5.7L V8 16V MPFI OHV,8-Speed Automatic,White Knuckle Clearcoat,Black,None reported,Yes,49999.0,4,3.3383855244708553,2995.2
BMW,X5 xDrive35i,2018,25348,Gasoline,3.0L I6 24V GDI DOHC Turbo,8-Speed Automatic,Imperial Blue Metallic,Black,At least 1 accident or damage reported,Yes,33889.0,8,1.336896919010612,2816.4444444444443
Chevrolet,Corvette Base,2010,23133,Gasoline,430.0HP 6.2L 8 Cylinder Engine Gasoline Fuel,6-Speed M/T,White,Black,None reported,Yes,35000.0,16,1.512924699576381,1360.764705882353
Jaguar,XE 20d Prestige,2018,34322,Diesel,2.0 Liter,Automatic,Blue,Beige,None reported,Yes,29998.0,8,0.8739912012353233,3813.5555555555557
Dodge,Challenger R/T,2021,39960,Gasoline,375.0HP 5.7L 8 Cylinder Engine Gasoline Fuel,8-Speed A/T,White,Gray,At least 1 accident or damage reported,Yes,28500.0,5,0.7131953654813443,6660.0
BMW,550 i xDrive,2016,76400,Gasoline,445.0HP 4.4L 8 Cylinder Engine Gasoline Fuel,8-Speed A/T,Black,Black,At least 1 accident or damage reported,Yes,31300.0,10,0.4096805015641157,6945.454545454545
Ford,Explorer XLT,2022,18533,Gasoline,2.3L I4 16V GDI DOHC Turbo,10-Speed Automatic,White,Ebony,None reported,Yes,38978.0,4,2.1030538469839213,3706.6
GMC,Yukon XL Denali,2023,7500,Gasoline,420.0HP 6.2L 8 Cylinder Engine Gasoline Fuel,10-Speed A/T,Gray,Black,None reported,Yes,92888.0,3,12.383415544594055,1875.0
INFINITI,QX80 SENSORY,2022,26520,Gasoline,400.0HP 5.6L 8 Cylinder Engine Gasoline Fuel,7-Speed A/T,Blue,Brown,At least 1 accident or damage reported,Yes,64000.0,4,2.4131820067116623,5304.0
Land,Rover Range Rover 3.0L Supercharged,2014,59500,E85 Flex Fuel,340.0HP 3.0L V6 Cylinder Engine Flex Fuel Capability,A/T,Red,Black,None reported,Yes,33800.0,12,0.5680576797028621,4576.923076923077
Honda,Pilot EX-L,2020,44000,Gasoline,280.0HP 3.5L V6 Cylinder Engine Gasoline Fuel,A/T,White,Black,None reported,Yes,34999.0,6,0.7954137405968046,6285.714285714285
Toyota,4Runner Limited,2016,82260,Gasoline,4.0L V6 24V MPFI DOHC,5-Speed Automatic,Nautical Blue Pearl,Black,None reported,Yes,31906.0,10,0.38786302135884565,7478.181818181818
Porsche,911 Carrera Cabriolet,2006,52744,Gasoline,325.0HP 3.6L Flat 6 Cylinder Engine Gasoline Fuel,Transmission w/Dual Shift Mode,Gray,Black,At least 1 accident or damage reported,Yes,37500.0,20,0.7109678642525358,2511.6190476190477
BMW,i8 Base,2019,28200,Plug-In Hybrid,369.0HP 1.5L 3 Cylinder Engine Plug-In Electric/Gas,Transmission w/Dual Shift Mode,Gray,Beige,At least 1 accident or damage reported,Yes,79950.0,7,2.8350058508563527,3525.0
Chevrolet,Suburban Premier,2018,84224,Gasoline,5.3L V8 16V GDI OHV,6-Speed Automatic,Tungsten Metallic,Jet Black,None reported,Yes,43775.0,8,0.5197387948946275,9358.222222222223
BMW,X2 xDrive28i,2018,66690,Gasoline,228.0HP 2.0L 4 Cylinder Engine Gasoline Fuel,Transmission w/Dual Shift Mode,Gray,Black,At least 1 accident or damage reported,Yes,24900.0,8,0.37336372224138187,7410.0
Mercedes-Benz,AMG C 43 Base 4MATIC,2018,41500,Gasoline,362.0HP 3.0L V6 Cylinder Engine Gasoline Fuel,9-Speed A/T,White,Brown,At least 1 accident or damage reported,Yes,39848.0,8,0.9601696344666394,4611.111111111111
BMW,750 i xDrive,2014,85095,Gasoline,445.0HP 4.4L 8 Cylinder Engine Gasoline Fuel,8-Speed A/T,Black,Brown,At least 1 accident or damage reported,Yes,24900.0,12,0.29261069850521765,6545.7692307692305
Volvo,S60 T5 Premier Plus,2015,39000,Gasoline,250.0HP 2.5L 5 Cylinder Engine Gasoline Fuel,Transmission w/Dual Shift Mode,Silver,Gray,At least 1 accident or damage reported,Yes,17900.0,11,0.4589625907028025,3250.0
Tesla,Model Y Long Range,2022,20500,Gasoline,425.0HP Electric Motor Electric Fuel System,1-Speed A/T,Gray,Black,None reported,Yes,46500.0,4,2.2681820399004926,4100.0
Ford,F-350 Platinum,2019,112000,Diesel,450.0HP 6.7L 8 Cylinder Engine Diesel Fuel,6-Speed A/T,Black,Black,None reported,Yes,61995.0,7,0.5535218435549683,14000.0
Volkswagen,ID.4 Pro S,2023,1716,Gasoline,Battery Electric,Automatic,Gray,Gray w/Blue Bolsters,None reported,Yes,39998.0,3,23.295282469423412,429.0
Audi,A3 2.0T Premium,2016,90360,Gasoline,220.0HP 2.0L 4 Cylinder Engine Gasoline Fuel,A/T,Black,Black,At least 1 accident or damage reported,Yes,15499.0,10,0.17152311284735672,8214.545454545454
Ford,Explorer Limited,2020,82146,Gasoline,2.3L I4 16V GDI DOHC Turbo,10-Speed Automatic,Gray,Ebony,None reported,Yes,30825.0,6,0.37524194431933,11735.142857142857
Ford,Mustang GT Premium,2020,16850,Gasoline,460.0HP 5.0L 8 Cylinder Engine Gasoline Fuel,10-Speed A/T,Blue,Black,At least 1 accident or damage reported,Yes,41000.0,6,2.4330900243309004,2407.1428571428573
Honda,S2000 Base,2003,101000,Gasoline,240.0HP 2.0L 4 Cylinder Engine Gasoline Fuel,6-Speed M/T,Silver,Black,None reported,Yes,28000.0,23,0.27722497797051515,4208.333333333333
BMW,M235 i,2015,68750,Gasoline,320.0HP 3.0L Straight 6 Cylinder Engine Gasoline Fuel,6-Speed M/T,Red,Black,None reported,Yes,25999.0,11,0.3781617721924045,5729.166666666667
Lamborghini,Aventador S Base,2018,5858,Gasoline,729.0HP 6.5L 12 Cylinder Engine Gasoline Fuel,7-Speed A/T,White,Gray,None reported,Yes,491836.0,8,83.94538317118962,650.8888888888889
Dodge,Durango SLT,2004,143000,Gasoline,335.0HP 5.7L 8 Cylinder Engine Gasoline Fuel,A/T,Beige,Beige,None reported,Yes,3200.0,22,0.02237746589184691,6217.391304347826
Nissan,Armada LE,2005,152270,Gasoline,305.0HP 5.6L 8 Cylinder Engine Gasoline Fuel,A/T,Green,Beige,At least 1 accident or damage reported,Yes,6900.0,21,0.04531394684477018,6921.363636363636
Kia,Sorento S,2021,19605,Gasoline,2.5L I4 16V PDI DOHC,8-Speed Automatic,Glacial White Pearl,Black,None reported,Yes,33591.0,5,1.713302050392737,3267.5
Chevrolet,Silverado 1500 RST,2020,19200,Gasoline,355.0HP 5.3L 8 Cylinder Engine Gasoline Fuel,10-Speed A/T,Gray,Black,None reported,Yes,69999.0,6,3.6455913754491953,2742.8571428571427
Chevrolet,Impala Base,2004,64500,Gasoline,180.0HP 3.4L V6 Cylinder Engine Gasoline Fuel,A/T,Beige,Beige,None reported,Yes,5900.0,22,0.0914714500550379,2804.3478260869565
Toyota,Tacoma PreRunner,2011,149000,Gasoline,236.0HP 4.0L V6 Cylinder Engine Gasoline Fuel,A/T,Black,Beige,None reported,Yes,18995.0,15,0.12748236589016182,9312.5
McLaren,570S Spider,2018,5918,Gasoline,3.8L V8 32V MPFI DOHC Twin Turbo,7-Speed Automatic with Auto-Shift,Silician Yellow,Jet Black,None reported,Yes,179900.0,8,30.393647575603985,657.5555555555555
Kia,Stinger GT1,2019,37226,Gasoline,"3.3L V-6 gasoline direct injection, DOHC, D-CVVT variable valve",Automatic,Snow White Pearl,Black,None reported,Yes,34998.0,7,0.9401241034732856,4653.25
Ford,Escape SE,2017,71924,Gasoline,179.0HP 1.5L 4 Cylinder Engine Gasoline Fuel,A/T,Beige,Beige,None reported,Yes,13700.0,9,0.19047619047619047,7192.4
Lamborghini,Huracan EVO Coupe,2021,5718,Gasoline,"5.2L V-10 gasoline direct injection, DOHC, variable valve contro",Automatic,Arancio Borealis,Nero Ade,None reported,Yes,279991.0,5,48.958034621437314,953.0
Jeep,Wrangler Unlimited Sport,2014,122200,Gasoline,285.0HP 3.6L V6 Cylinder Engine Gasoline Fuel,A/T,Orange,Black,At least 1 accident or damage reported,Yes,21500.0,12,0.1759396404284744,9400.0
Land,Rover Range Rover Sport HST MHEV,2020,37248,Hybrid,395.0HP 3.0L Straight 6 Cylinder Engine Gasoline/Mild Electric Hybrid,8-Speed A/T,Silver,Black,None reported,Yes,54500.0,6,1.4631265268866278,5321.142857142857
Cadillac,XLR V,2008,64800,Gasoline,443.0HP 4.4L 8 Cylinder Engine Gasoline Fuel,6-Speed A/T,Black,Black,None reported,Yes,24700.0,18,0.3811669573000417,3410.5263157894738
Ford,Fusion Hybrid Titanium,2014,112180,Hybrid,2.0L I4 16V MPFI DOHC Hybrid,Automatic CVT,White,Charcoal Black,None reported,Yes,12599.0,12,0.11230957113949777,8629.23076923077
RAM,2500 SLT,2015,149130,Diesel,350.0HP 6.7L Straight 6 Cylinder Engine Diesel Fuel,6-Speed A/T,White,Black,At least 1 accident or damage reported,Yes,35000.0,11,0.23469298804406863,12427.5
Tesla,Model Y Long Range,2020,88000,Gasoline,425.0HP Electric Motor Electric Fuel System,1-Speed A/T,Gray,White,None reported,Yes,35500.0,6,0.40340450676696854,12571.42857142857
Toyota,Highlander XLE,2018,74000,Gasoline,295.0HP 3.5L V6 Cylinder Engine Gasoline Fuel,8-Speed A/T,White,Black,None reported,Yes,27950.0,8,0.3776975986810989,8222.222222222223
Ford,F-150 XLT,2019,44460,Gasoline,325.0HP 2.7L V6 Cylinder Engine Gasoline Fuel,10-Speed A/T,Red,Gray,None reported,Yes,34500.0,7,0.7759609545444321,5557.5
GMC,Acadia SLE-2,2015,96000,Gasoline,281.0HP 3.6L V6 Cylinder Engine Gasoline Fuel,6-Speed A/T,Blue,Beige,None reported,Yes,17000.0,11,0.17708148873449234,8000.0
Porsche,Boxster Base,2005,75000,Gasoline,240.0HP 2.7L Flat 6 Cylinder Engine Gasoline Fuel,5-Speed M/T,Silver,Black,None reported,Yes,17500.0,21,0.23333022226370315,3409.090909090909
Dodge,Charger R/T,2014,95000,Gasoline,370.0HP 5.7L 8 Cylinder Engine Gasoline Fuel,Transmission w/Dual Shift Mode,Black,Black,None reported,Yes,17900.0,12,0.18841906927295501,7307.692307692308
Land,Rover Range Rover Sport Supercharged HSE,2016,49799,Gasoline,340.0HP 3.0L V6 Cylinder Engine Gasoline Fuel,A/T,Brown,Brown,None reported,Yes,37500.0,10,0.7530120481927711,4527.181818181818
Ford,Mustang GT,2006,27407,Gasoline,300.0HP 4.6L 8 Cylinder Engine Gasoline Fuel,5-Speed M/T,Silver,Red,None reported,Yes,21750.0,20,0.7935639229422067,1305.095238095238
Alfa,Romeo Giulia Ti,2020,23339,Gasoline,2.0L I4 16V GDI SOHC Turbo,8-Speed Automatic,Rosso,Black,None reported,Yes,34645.0,6,1.4843616109682947,3334.1428571428573
Tesla,Model S 90D,2016,74122,Gasoline,417.0HP Electric Motor Electric Fuel System,A/T,Black,Black,None reported,Yes,35900.0,10,0.4843300999689705,6738.363636363636
Mercedes-Benz,GLC 300 GLC 300,2021,14745,Gasoline,2.0 Liter Turbo,Automatic,Graphite Grey,–,None reported,Yes,38998.0,5,2.644649396446494,2457.5
Chevrolet,Corvette Stingray w/3LT,2021,2700,Gasoline,490.0HP 6.2L 8 Cylinder Engine Gasoline Fuel,Transmission w/Dual Shift Mode,Blue,Blue,None reported,Yes,85950.0,5,31.821547574972232,450.0
Buick,Regal Turbo - Premium 1,2012,190000,Gasoline,220.0HP 2.0L 4 Cylinder Engine Gasoline Fuel,6-Speed A/T,Beige,Beige,At least 1 accident or damage reported,Yes,6000.0,14,0.03157878116430966,12666.666666666666
Audi,A4 2.0T Premium,2014,90236,E85 Flex Fuel,220.0HP 2.0L 4 Cylinder Engine Flex Fuel Capability,Transmission w/Dual Shift Mode,Gray,Black,None reported,Yes,9999.0,12,0.11080820506000864,6941.2307692307695
Jeep,Gladiator Overland,2020,4000,Gasoline,285.0HP 3.6L V6 Cylinder Engine Gasoline Fuel,8-Speed A/T,Silver,Black,None reported,Yes,50000.0,6,12.496875781054737,571.4285714285714
Land,Rover Range Rover Westminster SWB,2022,2220,Hybrid,395.0HP 3.0L Straight 6 Cylinder Engine Gasoline/Mild Electric Hybrid,8-Speed A/T,Blue,White,None reported,Yes,115999.0,4,52.22827555155335,444.0
GMC,Yukon XL Denali,2017,124000,Gasoline,420.0HP 6.2L 8 Cylinder Engine Gasoline Fuel,8-Speed A/T,Gray,Beige,At least 1 accident or damage reported,Yes,32000.0,9,0.2580624349803631,12400.0
Ford,Ranger Lariat,2019,45163,Gasoline,2.3L I4 16V GDI DOHC Turbo,10-Speed Automatic,Red,–,None reported,Yes,35690.0,7,0.7902311575591179,5645.375
Volkswagen,Passat 2.0T SE,2020,49400,Gasoline,174.0HP 2.0L 4 Cylinder Engine Gasoline Fuel,6-Speed A/T,Black,Brown,None reported,Yes,20900.0,6,0.4230683589401024,7057.142857142857
Porsche,911 Carrera,2020,11256,Gasoline,379.0HP 3.0L Flat 6 Cylinder Engine Gasoline Fuel,8-Speed A/T,Red,Black,None reported,Yes,124900.0,6,11.095318468508484,1608.0
Chevrolet,Corvette Stingray w/1LT,2021,13700,Gasoline,490.0HP 6.2L 8 Cylinder Engine Gasoline Fuel,A/T,White,Red,None reported,Yes,75000.0,5,5.474052988832932,2283.3333333333335
Land,Rover Range Rover HSE,2011,174678,Gasoline,230.0HP 3.2L Straight 6 Cylinder Engine Gasoline Fuel,6-Speed A/T,Black,Black,None reported,Yes,9500.0,15,0.05438547278150207,10917.375
Lexus,RX 450h F Sport Handling,2022,1600,Hybrid,308.0HP 3.5L V6 Cylinder Engine Gas/Electric Hybrid,A/T,White,Black,None reported,Yes,59000.0,4,36.851967520299816,320.0
Porsche,911 GT3 RS,2019,15509,Gasoline,4.0L H6 24V GDI DOHC,7-Speed Automatic with Auto-Shift,Lizard Green,Black,None reported,Yes,229900.0,7,14.822695035460994,1938.625
Ford,Expedition Platinum,2020,69849,Gasoline,3.5L V6 24V GDI DOHC Twin Turbo,10-Speed Automatic,Red,Ebony,None reported,Yes,48149.0,6,0.6893199713672155,9978.42857142857
Toyota,Tacoma PreRunner,2008,160000,Gasoline,236.0HP 4.0L V6 Cylinder Engine Gasoline Fuel,A/T,White,–,At least 1 accident or damage reported,Yes,17000.0,18,0.10624933594165037,8421.052631578947
Toyota,Mirai Base,2016,40000,not supported,151.0HP Electric Motor Hydrogen Fuel,A/T,Silver,Black,None reported,Yes,9500.0,10,0.23749406264843378,3636.3636363636365
Ford,Explorer Sport Trac XLT,2007,228000,Gasoline,292.0HP 4.6L 8 Cylinder Engine Gasoline Fuel,A/T,Red,Beige,At least 1 accident or damage reported,Yes,3850.0,19,0.016885890851355913,11400.0
GMC,Sierra 1500 SLE1 Extended Cab,2008,187000,–,–,4-Speed A/T,Red,Gray,At least 1 accident or damage reported,Yes,6100.0,18,0.03262014641632933,9842.105263157895
Mercedes-Benz,C-Class C 300 Luxury,2015,102000,Gasoline,241.0HP 2.0L 4 Cylinder Engine Gasoline Fuel,7-Speed A/T,Black,Black,None reported,Yes,17000.0,11,0.1666650326957579,8500.0
Cadillac,SRX Standard,2016,48000,Gasoline,308.0HP 3.6L V6 Cylinder Engine Gasoline Fuel,6-Speed A/T,White,Black,At least 1 accident or damage reported,Yes,24995.0,10,0.5207183183683673,4363.636363636364
Chrysler,Town & Country Touring-L,2012,163500,E85 Flex Fuel,283.0HP 3.6L V6 Cylinder Engine Flex Fuel Capability,6-Speed A/T,Gray,Beige,None reported,Yes,5949.0,14,0.036385098562088304,10900.0
Porsche,911 Carrera,2023,1500,Gasoline,379.0HP 3.0L Flat 6 Cylinder Engine Gasoline Fuel,A/T,Silver,Black,None reported,Yes,149000.0,3,99.26715522984676,375.0
Porsche,718 Cayman GT4,2021,2100,Gasoline,414.0HP 4.0L Flat 6 Cylinder Engine Gasoline Fuel,6-Speed M/T,Yellow,Black,None reported,Yes,136900.0,5,65.15944788196097,350.0
Ford,F-350 Lariat,2018,66281,Diesel,450.0HP 6.7L 8 Cylinder Engine Diesel Fuel,Transmission w/Dual Shift Mode,Gray,Black,None reported,Yes,63500.0,8,0.9580278205244259,7364.555555555556
Ford,Mustang Mach-E Select,2021,18000,Gasoline,266.0HP Electric Motor Electric Fuel System,A/T,Blue,Black,None reported,Yes,39499.0,5,2.1942669851674905,3000.0
Ford,F-150 XL,2014,27300,Gasoline,365.0HP 3.5L V6 Cylinder Engine Gasoline Fuel,6-Speed A/T,Gray,Gray,None reported,Yes,21500.0,12,0.7875169407714003,2100.0
Mazda,CX-30 Base,2020,19319,Gasoline,2.5L I4 16V GDI DOHC,6-Speed Automatic,Snowflake White Pearl,Black,At least 1 accident or damage reported,Yes,24899.0,6,1.288768115942029,2759.8571428571427
Mercedes-Benz,AMG G AMG G 63 4MATIC,2016,32936,Gasoline,563.0HP 5.5L 8 Cylinder Engine Gasoline Fuel,Transmission w/Dual Shift Mode,White,Beige,At least 1 accident or damage reported,Yes,90000.0,10,2.7324892977502504,2994.181818181818
BMW,M4 Base,2017,30450,Gasoline,425.0HP 3.0L Straight 6 Cylinder Engine Gasoline Fuel,Transmission w/Dual Shift Mode,White,Black,None reported,Yes,52999.0,9,1.7404682933237003,3045.0
Jeep,Wrangler Sport,2017,38200,Gasoline,285.0HP 3.6L V6 Cylinder Engine Gasoline Fuel,A/T,Red,–,None reported,Yes,29500.0,9,0.7722310934268737,3820.0
Jeep,Wrangler Sport,2020,26315,Gasoline,2.0L I4 16V GDI DOHC Turbo,8-Speed Automatic,Black Clearcoat,Black,None reported,Yes,31871.0,6,1.2110883112935096,3759.285714285714
Chevrolet,Silverado 1500 LS,2003,110000,Gasoline,270.0HP 4.8L 8 Cylinder Engine Gasoline Fuel,A/T,Green,Beige,None reported,Yes,8900.0,23,0.08090835537858747,4583.333333333333
MINI,Hardtop Cooper,2014,19700,Gasoline,189.0HP 2.0L 4 Cylinder Engine Gasoline Fuel,6-Speed A/T,Silver,Black,None reported,Yes,13500.0,12,0.6852444038373686,1515.3846153846155
Honda,Element EX,2008,192000,Gasoline,166.0HP 2.4L 4 Cylinder Engine Gasoline Fuel,5-Speed A/T,Black,Gray,At least 1 accident or damage reported,Yes,11000.0,18,0.05729136827412357,10105.263157894737
Porsche,911 Carrera 4S,2017,26000,Gasoline,420.0HP 3.0L Flat 6 Cylinder Engine Gasoline Fuel,Transmission w/Dual Shift Mode,Gray,Red,None reported,Yes,116911.0,9,4.496403984462136,2600.0
Subaru,Impreza Outback Sport Wagon,2008,98313,Gasoline,170.0HP 2.5L 4 Cylinder Engine Gasoline Fuel,4-Speed A/T,Silver,Gray,None reported,Yes,7495.0,18,0.0762353276237362,5174.368421052632
Cadillac,XT5 Premium Luxury,2021,66500,Gasoline,310.0HP 3.6L V6 Cylinder Engine Gasoline Fuel,A/T,Silver,Black,None reported,Yes,28500.0,5,0.4285649839852032,11083.333333333334
Nissan,Kicks S,2022,19877,Gasoline,1.6L I4 16V MPFI DOHC,Automatic CVT,Super Black,Charcoal,None reported,Yes,18999.0,4,0.9557802595834591,3975.4
Kia,Seltos S,2021,16100,Gasoline,146.0HP 2.0L 4 Cylinder Engine Gasoline Fuel,A/T,Blue,Black,None reported,Yes,25500.0,5,1.5837525619526738,2683.3333333333335
GMC,Yukon SLE,2016,83858,Gasoline,355.0HP 5.3L 8 Cylinder Engine Gasoline Fuel,6-Speed A/T,Blue,Gray,At least 1 accident or damage reported,Yes,27633.0,10,0.3295174042142167,7623.454545454545
Mercedes-Benz,GLE 350 Base 4MATIC,2020,24108,Gasoline,255.0HP 2.0L 4 Cylinder Engine Gasoline Fuel,9-Speed A/T,Black,Black,None reported,Yes,56000.0,6,2.322784022564188,3444.0
Ford,Explorer XLT,2020,42609,Gasoline,2.3L I4 16V GDI DOHC Turbo,10-Speed Automatic,Magnetic Metallic,Ebony,At least 1 accident or damage reported,Yes,32107.0,6,0.7535085660643042,6087.0
Subaru,Impreza 2.0i Premium,2017,160000,Gasoline,152.0HP 2.0L 4 Cylinder Engine Gasoline Fuel,A/T,White,Beige,At least 1 accident or damage reported,Yes,7750.0,9,0.04843719726751708,16000.0
INFINITI,QX80 Base,2017,121525,Gasoline,400.0HP 5.6L 8 Cylinder Engine Gasoline Fuel,A/T,Black,Black,At least 1 accident or damage reported,Yes,28500.0,9,0.23451771637345095,12152.5
Kia,Telluride S,2023,6423,Gasoline,291.0HP 3.8L V6 Cylinder Engine Gasoline Fuel,A/T,Gray,Black,None reported,Yes,42500.0,3,6.615815691158157,1605.75
Pontiac,Solstice Base,2007,62310,Gasoline,177.0HP 2.4L 4 Cylinder Engine Gasoline Fuel,5-Speed A/T,Gray,Black,None reported,Yes,12900.0,19,0.20702604676541864,3115.5
Mazda,Mazda6 Carbon Edition,2021,21444,Gasoline,2.5L I4 16V,6-Speed Automatic,Polymetal Gray Metallic,Red,None reported,Yes,29995.0,5,1.3986943343436697,3574.0
Ford,Transit-350 Base,2015,112000,Gasoline,310.0HP 3.5L V6 Cylinder Engine Gasoline Fuel,A/T,White,Gray,At least 1 accident or damage reported,Yes,29500.0,11,0.2633905054419157,9333.333333333334
Hyundai,Genesis Coupe 3.8 Grand Touring,2013,60000,Gasoline,344.0HP 3.8L V6 Cylinder Engine Gasoline Fuel,A/T,White,–,None reported,Yes,16500.0,13,0.2749954167430543,4285.714285714285
Dodge,Dart SE,2013,153250,Gasoline,160.0HP 1.4L 4 Cylinder Engine Gasoline Fuel,6-Speed A/T,Silver,Black,None reported,Yes,4399.0,13,0.028704543526632778,10946.42857142857
Jeep,Wrangler Unlimited Sahara,2019,57000,Gasoline,285.0HP 3.6L V6 Cylinder Engine Gasoline Fuel,8-Speed A/T,Gray,Black,None reported,Yes,39900.0,7,0.6999877195136928,7125.0
Chevrolet,Tahoe LTZ,2011,140401,E85 Flex Fuel,320.0HP 5.3L 8 Cylinder Engine Flex Fuel Capability,6-Speed A/T,Red,Beige,At least 1 accident or damage reported,Yes,16000.0,15,0.11395849061979174,8775.0625
Ford,F-150 Tremor,2023,5500,Gasoline,400.0HP 3.5L V6 Cylinder Engine Gasoline Fuel,10-Speed A/T,Gray,Black,None reported,Yes,70000.0,3,12.724959098345755,1375.0
Chevrolet,Corvette Stingray w/2LT,2022,2010,Gasoline,490.0HP 6.2L 8 Cylinder Engine Gasoline Fuel,Transmission w/Dual Shift Mode,Gray,Brown,None reported,Yes,89000.0,4,44.25658876181004,402.0
Tesla,Model 3 Long Range,2018,24360,Gasoline,271.0HP Electric Motor Electric Fuel System,A/T,Black,White,None reported,Yes,31500.0,8,1.2930503673905012,2706.6666666666665
Audi,A4 2.0T Premium,2013,96800,Gasoline,211.0HP 2.0L 4 Cylinder Engine Gasoline Fuel,A/T,Gray,Black,At least 1 accident or damage reported,Yes,11000.0,13,0.11363518971911447,6914.285714285715
Cadillac,CTS Performance,2014,34988,Gasoline,318.0HP 3.6L V6 Cylinder Engine Gasoline Fuel,6-Speed A/T,Red,Black,None reported,Yes,21500.0,12,0.6144788362056647,2691.3846153846152
Nissan,Frontier SV,2012,65750,Gasoline,261.0HP 4.0L V6 Cylinder Engine Gasoline Fuel,A/T,Black,Gray,At least 1 accident or damage reported,Yes,15995.0,14,0.24326626211008198,4383.333333333333
Chevrolet,Silverado 1500 LTZ,2019,56654,Gasoline,6.2L V8 16V GDI OHV,Automatic,Cajun Red Tintcoat,Jet Black,None reported,Yes,43860.0,7,0.7741593857558909,7081.75
Lincoln,MKT Base,2016,140200,Gasoline,303.0HP 3.7L V6 Cylinder Engine Gasoline Fuel,6-Speed A/T,Black,Black,None reported,Yes,10500.0,10,0.0748924758025977,12745.454545454546
Chevrolet,Cruze LT Automatic,2016,122971,Gasoline,1.4L I4 16V GDI DOHC Turbo,6-Speed Automatic,Kinetic Blue,Jet Black,At least 1 accident or damage reported,Yes,12999.0,10,0.1057069902091533,11179.181818181818
Nissan,Xterra S,2008,227010,Gasoline,261.0HP 4.0L V6 Cylinder Engine Gasoline Fuel,5-Speed A/T,Gray,Gray,None reported,Yes,3850.0,18,0.016959530595433703,11947.894736842105
Ford,F-150 Lariat SuperCrew,2004,271000,Gasoline,300.0HP 5.4L 8 Cylinder Engine Gasoline Fuel,A/T,Red,Beige,At least 1 accident or damage reported,Yes,9500.0,22,0.035055221198445764,11782.608695652174
Porsche,911 Turbo,2022,13800,Gasoline,572.0HP 3.8L Flat 6 Cylinder Engine Gasoline Fuel,8-Speed A/T,Gray,Red,None reported,Yes,234000.0,4,16.955293094703283,2760.0
Chevrolet,Colorado ZR2,2021,24915,Gasoline,3.6L V6 24V GDI DOHC,Automatic,Satin Steel Metallic,Jet Black,None reported,Yes,44791.0,5,1.797680205490448,4152.5
Nissan,Kicks S,2022,15577,Gasoline,1.6L I4 16V MPFI DOHC,Automatic CVT,Electric Blue Metallic,Charcoal,None reported,Yes,19599.0,4,1.2581204262421364,3115.4
Audi,S4 3.0T Premium Plus,2014,102370,Gasoline,333.0HP 3.0L V6 Cylinder Engine Gasoline Fuel,7-Speed A/T,Gray,Black,None reported,Yes,21373.0,12,0.2087798302253568,7874.615384615385
Lamborghini,Gallardo LP570-4 Superleggera,2011,16000,Gasoline,562.0HP 5.2L 10 Cylinder Engine Gasoline Fuel,Transmission w/Dual Shift Mode,Yellow,Black,None reported,Yes,229000.0,15,14.31160552465471,1000.0
Mercedes-Benz,C-Class C 250 Luxury,2012,122000,Gasoline,201.0HP 1.8L 4 Cylinder Engine Gasoline Fuel,7-Speed A/T,White,White,None reported,Yes,15000.0,14,0.12294981188678782,8133.333333333333
FIAT,500X Trekking Plus,2016,48500,Gasoline,180.0HP 2.4L 4 Cylinder Engine Gasoline Fuel,A/T,Yellow,Brown,None reported,Yes,15999.0,10,0.3298694872270675,4409.090909090909
Ford,F-150 XLT,2018,53500,Gasoline,325.0HP 2.7L V6 Cylinder Engine Gasoline Fuel,10-Speed A/T,Brown,Beige,At least 1 accident or damage reported,Yes,31500.0,8,0.588774041606699,5944.444444444444
Ford,F-250 XL Crew Cab Super Duty,2004,315000,Diesel,325.0HP 6.0L 8 Cylinder Engine Diesel Fuel,A/T,White,Gray,None reported,Yes,9200.0,22,0.02920625648807464,13695.652173913044
Ford,E350 Super Duty Base,2006,158000,Gasoline,305.0HP 6.8L 10 Cylinder Engine Gasoline Fuel,A/T,White,Gray,At least 1 accident or damage reported,Yes,8500.0,20,0.053797127866279326,7523.809523809524
Kia,Sorento SXL,2019,43850,Gasoline,290.0HP 3.3L V6 Cylinder Engine Gasoline Fuel,8-Speed A/T,Black,Black,At least 1 accident or damage reported,Yes,30000.0,7,0.684134911404529,5481.25
Mercedes-Benz,C-Class C 300 4MATIC Sport,2015,73500,Gasoline,241.0HP 2.0L 4 Cylinder Engine Gasoline Fuel,7-Speed A/T,White,Black,None reported,Yes,19000.0,11,0.2584998843553149,6125.0
Nissan,Altima 2.5 SL,2014,153350,Gasoline,182.0HP 2.5L 4 Cylinder Engine Gasoline Fuel,A/T,Black,Black,At least 1 accident or damage reported,Yes,9000.0,12,0.05868889019308645,11796.153846153846
Volkswagen,Tiguan 2.0T SEL Premium R-Line,2019,74000,Gasoline,184.0HP 2.0L 4 Cylinder Engine Gasoline Fuel,A/T,White,Silver,None reported,Yes,25500.0,7,0.34458993797381116,9250.0
BMW,328 i xDrive,2013,52000,Gasoline,240.0HP 2.0L 4 Cylinder Engine Gasoline Fuel,Transmission w/Dual Shift Mode,White,Beige,None reported,Yes,17500.0,13,0.3365319897694275,3714.285714285714
Audi,Q4 e-tron 50 Premium Plus,2022,250,Gasoline,295.0HP Electric Motor Electric Fuel System,1-Speed A/T,Gray,Black,None reported,Yes,52000.0,4,207.17131474103584,50.0
Nissan,Pathfinder S,2017,145000,Gasoline,284.0HP 3.5L V6 Cylinder Engine Gasoline Fuel,A/T,Silver,Gray,At least 1 accident or damage reported,Yes,8500.0,9,0.05862028537734223,14500.0
Subaru,Ascent Touring 7-Passenger,2020,40971,Gasoline,260.0HP 2.4L 4 Cylinder Engine Gasoline Fuel,Transmission w/Dual Shift Mode,Blue,Brown,None reported,Yes,32500.0,6,0.7932246412183931,5853.0
Ford,E350 Super Duty XLT,2010,248000,E85 Flex Fuel,255.0HP 5.4L 8 Cylinder Engine Flex Fuel Capability,A/T,Silver,Beige,At least 1 accident or damage reported,Yes,14000.0,16,0.05645138527667227,14588.235294117647
GMC,HUMMER EV Edition 1,2023,940,Gasoline,Electric Motor Electric Fuel System,A/T,White,Black,None reported,Yes,146000.0,3,155.15409139213602,235.0
BMW,M3 CS,2018,38000,Gasoline,453.0HP 3.0L Straight 6 Cylinder Engine Gasoline Fuel,A/T,White,Black,None reported,Yes,60500.0,8,1.5920633667535065,4222.222222222223
Acura,TLX V6 Advance,2016,128000,Gasoline,290.0HP 3.5L V6 Cylinder Engine Gasoline Fuel,A/T,Gray,Black,None reported,Yes,19500.0,10,0.1523425598237514,11636.363636363636
Chevrolet,Silverado 1500 ZR2,2022,7455,Gasoline,6.2L V8 16V GDI OHV,Automatic,Glacier Blue Metallic,Jet Black,None reported,Yes,68990.0,4,9.252950643776824,1491.0
Ford,Edge Sport,2016,92000,Gasoline,315.0HP 2.7L V6 Cylinder Engine Gasoline Fuel,6-Speed A/T,White,Black,None reported,Yes,19995.0,10,0.2173345941891936,8363.636363636364
Nissan,Murano SL,2021,43875,Gasoline,3.5L V6 24V MPFI DOHC,Automatic CVT,Magnetic Black,Graphite,At least 1 accident or damage reported,Yes,29725.0,5,0.6774774364117058,7312.5
Pontiac,G8 GT,2009,81327,Gasoline,355.0HP 6.0L 8 Cylinder Engine Gasoline Fuel,Transmission w/Dual Shift Mode,Black,Black,None reported,Yes,17500.0,17,0.21517804446193192,4518.166666666667
Mercedes-Benz,E-Class E 350,2021,72836,Gasoline,255.0HP 2.0L 4 Cylinder Engine Gasoline Fuel,9-Speed A/T,White,Beige,None reported,Yes,41000.0,5,0.5629007235333691,12139.333333333334
McLaren,720S Performance,2020,5072,Gasoline,4.0L V8 32V MPFI DOHC Twin Turbo,7-Speed Automatic with Auto-Shift,Black,Red,None reported,Yes,279950.0,6,55.184309087325055,724.5714285714286
Jeep,Commander Sport,2007,161900,E85 Flex Fuel,235.0HP 4.7L 8 Cylinder Engine Flex Fuel Capability,A/T,Blue,Gray,At least 1 accident or damage reported,Yes,4800.0,19,0.029647747697667093,8095.0
Audi,A5 45 S line Premium Plus,2022,24500,Hybrid,261.0HP 2.0L 4 Cylinder Engine Gasoline/Mild Electric Hybrid,Transmission w/Dual Shift Mode,White,Black,None reported,Yes,47000.0,4,1.918289049426554,4900.0
BMW,M550 i xDrive,2018,14993,Gasoline,456.0HP 4.4L 8 Cylinder Engine Gasoline Fuel,8-Speed A/T,Gray,Black,None reported,Yes,44900.0,8,2.99453114579165,1665.888888888889
Volkswagen,Jetta 1.4T R-Line,2019,96000,Gasoline,147.0HP 1.4L 4 Cylinder Engine Gasoline Fuel,A/T,Orange,White,At least 1 accident or damage reported,Yes,14980.0,7,0.15604004124957033,12000.0
Porsche,Taycan 4S,2022,7900,Gasoline,482.0HP Electric Motor Electric Fuel System,2-Speed A/T,Red,–,None reported,Yes,108000.0,4,13.669155803062903,1580.0
Cadillac,CTS 2.0L Turbo Luxury,2019,35566,Gasoline,265.0HP 2.0L 4 Cylinder Engine Gasoline Fuel,8-Speed A/T,White,Beige,At least 1 accident or damage reported,Yes,26000.0,7,0.7310147046419434,4445.75
Lexus,IS-F Base,2008,113000,Gasoline,416.0HP 5.0L 8 Cylinder Engine Gasoline Fuel,8-Speed A/T,Black,Black,At least 1 accident or damage reported,Yes,34000.0,18,0.30088229307705244,5947.368421052632
Ford,Explorer XLT,2022,20678,Gasoline,300.0HP 2.3L 4 Cylinder Engine Gasoline Fuel,A/T,Red,Black,None reported,Yes,46000.0,4,2.224478939987427,4135.6
Porsche,911 Turbo Cabriolet,2008,10900,Gasoline,480.0HP 3.6L Flat 6 Cylinder Engine Gasoline Fuel,6-Speed M/T,Black,Black,None reported,Yes,129000.0,18,11.833776717732318,573.6842105263158
Buick,LaCrosse Leather,2012,19079,Hybrid,182.0HP 2.4L 4 Cylinder Engine Gasoline/Mild Electric Hybrid,6-Speed A/T,Gold,Beige,None reported,Yes,15995.0,14,0.8383123689727463,1271.9333333333334
Mazda,RX-8 Sport,2008,155500,Gasoline,212.0HP 1.3L Rotary engine Gasoline Fuel,A/T,Blue,Black,At least 1 accident or damage reported,Yes,6800.0,18,0.043729622317541364,8184.210526315789
Ford,Mustang GT Premium,2019,35500,Gasoline,460.0HP 5.0L 8 Cylinder Engine Gasoline Fuel,10-Speed A/T,White,Black,None reported,Yes,32300.0,7,0.9098335258161742,4437.5
Mazda,Mazda6 Touring,2021,52253,Gasoline,2.5L I4 16V GDI DOHC,6-Speed Automatic,Snowflake White Pearl,Black,At least 1 accident or damage reported,Yes,25215.0,5,0.48254679067631184,8708.833333333334
Ford,Ranger Edge SuperCab,2004,110000,Gasoline,148.0HP 3.0L V6 Cylinder Engine Gasoline Fuel,A/T,White,Gray,At least 1 accident or damage reported,Yes,8500.0,22,0.07727202479977455,4782.608695652174
Volkswagen,Golf GTI 2.0T SE w/Performance Package 4-Door,2016,59250,Gasoline,220.0HP 2.0L 4 Cylinder Engine Gasoline Fuel,Transmission w/Dual Shift Mode,Gray,Black,None reported,Yes,18999.0,10,0.3206528159862281,5386.363636363636
Ford,Thunderbird Deluxe,2004,39000,Gasoline,280.0HP 3.9L 8 Cylinder Engine Gasoline Fuel,A/T,Black,Beige,None reported,Yes,22000.0,22,0.5640881003051204,1695.6521739130435
Hummer,H2 Base,2008,155000,Gasoline,393.0HP 6.2L 8 Cylinder Engine Gasoline Fuel,6-Speed A/T,Green,Black,At least 1 accident or damage reported,Yes,37000.0,18,0.2387081373668557,8157.894736842105
BMW,X5 sDrive35i,2017,39250,Gasoline,300.0HP 3.0L Straight 6 Cylinder Engine Gasoline Fuel,A/T,Black,Beige,None reported,Yes,28900.0,9,0.7362869735802909,3925.0
BMW,X3 xDrive30i,2020,23647,Gasoline,2.0L I4 16V GDI DOHC Turbo,8-Speed Automatic,Black Sapphire Metallic,Canberra Beige,None reported,Yes,37998.0,6,1.606816644113667,3378.1428571428573
Hyundai,Accent GLS,2014,127941,Gasoline,138.0HP 1.6L 4 Cylinder Engine Gasoline Fuel,A/T,Silver,Gray,None reported,Yes,7500.0,12,0.05862031232902409,9841.615384615385
RAM,1500 Big Horn,2014,124000,Gasoline,395.0HP 5.7L 8 Cylinder Engine Gasoline Fuel,8-Speed A/T,Black,Black,None reported,Yes,24850.0,12,0.20040160966443818,9538.461538461539
Ford,Bronco Heritage Edition Advanced,2023,1500,Gasoline,275.0HP 2.3L 4 Cylinder Engine Gasoline Fuel,7-Speed M/T,Red,–,None reported,Yes,60000.0,3,39.973351099267155,375.0
MINI,Countryman Cooper S ALL4,2014,70700,Gasoline,181.0HP 1.6L 4 Cylinder Engine Gasoline Fuel,6-Speed A/T,White,Black,None reported,Yes,15750.0,12,0.22276912632070267,5438.461538461538
Cadillac,Escalade Premium,2013,113395,E85 Flex Fuel,403.0HP 6.2L 8 Cylinder Engine Flex Fuel Capability,6-Speed A/T,Beige,Beige,At least 1 accident or damage reported,Yes,18800.0,13,0.1657906804472821,8099.642857142857
Mercedes-Benz,GLE 350 GLE 350,2022,18815,Gasoline,2.0 Liter Turbo,Automatic,Black,Black,None reported,Yes,61998.0,4,3.2949617346938775,3763.0
Toyota,4Runner Limited,2014,65000,Gasoline,270.0HP 4.0L V6 Cylinder Engine Gasoline Fuel,A/T,Gray,Red,None reported,Yes,27999.0,12,0.43074721927354964,5000.0
Audi,A8 L 55,2019,23350,Hybrid,335.0HP 3.0L V6 Cylinder Engine Gasoline/Mild Electric Hybrid,Transmission w/Dual Shift Mode,Black,Brown,None reported,Yes,48000.0,7,2.0555864845188645,2918.75
Lexus,ES 350 Base,2019,39000,Gasoline,302.0HP 3.5L V6 Cylinder Engine Gasoline Fuel,Transmission w/Dual Shift Mode,Black,Red,At least 1 accident or damage reported,Yes,34000.0,7,0.8717725186533679,4875.0
Toyota,4Runner Limited Nightshade,2019,48842,Gasoline,4.0L V6 24V MPFI DOHC,5-Speed Automatic,White,–,At least 1 accident or damage reported,Yes,39857.0,7,0.8160227668243146,6105.25
FIAT,500 Sport,2015,47800,Gasoline,101.0HP 1.4L 4 Cylinder Engine Gasoline Fuel,A/T,Black,Black,At least 1 accident or damage reported,Yes,11500.0,11,0.24058074098868223,3983.3333333333335
Ford,Maverick XLT,2022,52000,Hybrid,191.0HP 2.5L 4 Cylinder Engine Gas/Electric Hybrid,CVT Transmission,Blue,Gray,None reported,Yes,28000.0,4,0.538451183631084,10400.0
Ford,Mustang GT,2006,16000,Gasoline,300.0HP 4.6L 8 Cylinder Engine Gasoline Fuel,5-Speed A/T,Silver,Black,None reported,Yes,22000.0,20,1.374914067870758,761.9047619047619
Jeep,Wrangler Sport,2023,7102,Gasoline,2.0L I4 16V GDI DOHC Turbo,8-Speed Automatic,Bright White Clearcoat,Black,None reported,Yes,40995.0,3,5.771504997888216,1775.5
Jeep,Grand Cherokee Limited,2015,157000,E85 Flex Fuel,290.0HP 3.6L V6 Cylinder Engine Flex Fuel Capability,A/T,White,Black,None reported,Yes,17000.0,11,0.10827956509831148,13083.333333333334
Ford,Mustang Mach-E GT,2023,9095,Gasoline,480.0HP Electric Motor Electric Fuel System,A/T,Orange,Gray,None reported,Yes,59000.0,3,6.48636763412489,2273.75
Jeep,Compass Sport,2010,179700,Gasoline,172.0HP 2.4L 4 Cylinder Engine Gasoline Fuel,A/T,Black,Gray,At least 1 accident or damage reported,Yes,4500.0,16,0.02504159687480871,10570.588235294117
Lexus,LS 430 Base,2006,170000,Gasoline,278.0HP 4.3L 8 Cylinder Engine Gasoline Fuel,A/T,Silver,Gray,None reported,Yes,7500.0,20,0.044117387544779146,8095.238095238095
Rolls-Royce,Cullinan,2022,3420,Gasoline,6.7L V12 48V GDI DOHC Twin Turbo,8-Speed Automatic,Red,Black,None reported,Yes,399950.0,4,116.91026015784858,684.0
Ford,F-250 King Ranch,2021,93400,Diesel,475.0HP 6.7L 8 Cylinder Engine Diesel Fuel,10-Speed A/T,Red,Brown,None reported,Yes,69995.0,5,0.7494031113157247,15566.666666666666
BMW,X5 xDrive50i,2011,110000,Gasoline,400.0HP 4.4L 8 Cylinder Engine Gasoline Fuel,Transmission w/Dual Shift Mode,White,Blue,At least 1 accident or damage reported,Yes,12000.0,15,0.1090899173643876,6875.0
Porsche,911 Carrera,2016,22500,Gasoline,350.0HP 3.4L Flat 6 Cylinder Engine Gasoline Fuel,A/T,Gray,Beige,None reported,Yes,78000.0,10,3.466512599440025,2045.4545454545455
Ford,Focus ST Base,2013,20800,Gasoline,252.0HP 2.0L 4 Cylinder Engine Gasoline Fuel,6-Speed M/T,Yellow,Gray,None reported,Yes,19795.0,13,0.9516369405317052,1485.7142857142858
Lexus,ES 300h Base,2018,100868,Hybrid,200.0HP 2.5L 4 Cylinder Engine Gas/Electric Hybrid,CVT Transmission,White,Beige,At least 1 accident or damage reported,Yes,23400.0,8,0.23198405853136245,11207.555555555555
Volkswagen,CC Sport,2012,131986,Gasoline,200.0HP 2.0L 4 Cylinder Engine Gasoline Fuel,M/T,White,Black,At least 1 accident or damage reported,Yes,9000.0,14,0.06818853371922992,8799.066666666668
Volkswagen,Golf SportWagen TSI S 4-Door,2016,127770,Gasoline,170.0HP 1.8L 4 Cylinder Engine Gasoline Fuel,5-Speed M/T,White,Beige,None reported,Yes,13800.0,10,0.10800572899953824,11615.454545454546
Porsche,911 Carrera S,2013,56985,Gasoline,400.0HP 3.8L Flat 6 Cylinder Engine Gasoline Fuel,7-Speed A/T,Blue,Gray,None reported,Yes,65900.0,13,1.1564243849366511,4070.3571428571427
Toyota,Prius Plug-in Base,2014,106000,Plug-In Hybrid,134.0HP 1.8L 4 Cylinder Engine Plug-In Electric/Gas,A/T,Green,Beige,At least 1 accident or damage reported,Yes,11800.0,12,0.11131970453108933,8153.846153846154
Ford,F-250 XLT,2019,92671,Diesel,450.0HP 6.7L 8 Cylinder Engine Diesel Fuel,A/T,Black,Black,At least 1 accident or damage reported,Yes,50000.0,7,0.5395372928176796,11583.875
Mercedes-Benz,S-Class S 560 4MATIC,2019,49500,Gasoline,463.0HP 4.0L 8 Cylinder Engine Gasoline Fuel,A/T,Black,Beige,None reported,Yes,55900.0,7,1.1292701157552372,6187.5
Porsche,911 Carrera,2020,16741,Gasoline,379.0HP 3.0L Flat 6 Cylinder Engine Gasoline Fuel,A/T,Green,Black,None reported,Yes,112500.0,6,6.719627284673277,2391.5714285714284
Ford,Mustang GT,2011,133504,Gasoline,412.0HP 5.0L 8 Cylinder Engine Gasoline Fuel,6-Speed M/T,Black,Black,None reported,Yes,23500.0,15,0.1760233699112393,8344.0
Cadillac,CTS 2.0L Turbo Luxury,2019,20296,Gasoline,2.0L I4 16V GDI DOHC Turbo,8-Speed Automatic,Red Obsession,Very Light Cashmere,None reported,Yes,30599.0,7,1.5075626939941864,2537.0
Volkswagen,Jetta 1.4T R-Line,2019,55234,Gasoline,1.4L I4 16V GDI DOHC Turbo,8-Speed Automatic,Platinum Gray Metallic,Black / Gray,None reported,Yes,19290.0,7,0.34923508644880963,6904.25
Jeep,Wrangler X,2005,162482,Gasoline,190.0HP 4.0L Straight 6 Cylinder Engine Gasoline Fuel,6-Speed M/T,Orange,Gray,None reported,Yes,11000.0,21,0.0676993900900402,7385.545454545455
Ford,F-150 Lightning LARIAT,2022,470,Gasoline,563.0HP Electric Motor Electric Fuel System,1-Speed A/T,White,Gray,None reported,Yes,71900.0,4,152.65392781316348,94.0
Mercedes-Benz,C-Class C55 AMG Sport,2006,98300,Gasoline,362.0HP 5.4L 8 Cylinder Engine Gasoline Fuel,Transmission w/Dual Shift Mode,Black,Black,At least 1 accident or damage reported,Yes,15900.0,20,0.16174810022278513,4680.952380952381
Audi,S6 4.0T Prestige,2013,53900,Gasoline,420.0HP 4.0L 8 Cylinder Engine Gasoline Fuel,7-Speed A/T,Black,Black,None reported,Yes,27450.0,13,0.5092669894807147,3850.0
BMW,335 i xDrive,2013,82849,Gasoline,300.0HP 3.0L Straight 6 Cylinder Engine Gasoline Fuel,8-Speed A/T,Red,Black,None reported,Yes,19999.0,13,0.24138805069402536,5917.785714285715
Porsche,911 Carrera 4S Cabriolet,2009,25500,Gasoline,385.0HP 3.8L Flat 6 Cylinder Engine Gasoline Fuel,6-Speed M/T,Black,Black,None reported,Yes,79995.0,17,3.136935806438963,1416.6666666666667
Kia,Forte LXS,2020,53452,Gasoline,147.0HP 2.0L 4 Cylinder Engine Gasoline Fuel,A/T,Silver,Black,At least 1 accident or damage reported,Yes,16995.0,6,0.3179428656950966,7636.0
Chevrolet,Corvette Base,2004,40011,Gasoline,350.0HP 5.7L 8 Cylinder Engine Gasoline Fuel,4-Speed A/T,Red,Black,None reported,Yes,23500.0,22,0.5873238028591422,1739.608695652174
Hyundai,Santa Fe Sport 2.0L Turbo,2018,45800,Gasoline,240.0HP 2.0L 4 Cylinder Engine Gasoline Fuel,A/T,Silver,Black,At least 1 accident or damage reported,Yes,20900.0,8,0.4563219143686819,5088.888888888889
RAM,1500 Laramie,2022,15741,Gasoline,5.7L V8 16V MPFI OHV,8-Speed Automatic,Flame Red Clearcoat,Black,None reported,Yes,45999.0,4,2.922055647312921,3148.2
Kia,Sorento SX Prestige,2023,11100,Gasoline,281.0HP 2.5L 4 Cylinder Engine Gasoline Fuel,Transmission w/Dual Shift Mode,White,Black,None reported,Yes,40200.0,3,3.621295378794703,2775.0
Ford,F-250 XL,2020,36000,E85 Flex Fuel,385.0HP 6.2L 8 Cylinder Engine Flex Fuel Capability,A/T,White,Gray,None reported,Yes,44000.0,6,1.2221882725479847,5142.857142857143
BMW,X5 xDrive35i,2013,69750,Gasoline,300.0HP 3.0L Straight 6 Cylinder Engine Gasoline Fuel,8-Speed A/T,White,Brown,At least 1 accident or damage reported,Yes,15999.0,13,0.2293730555834325,4982.142857142857
Mercedes-Benz,C-Class C 300 4MATIC,2021,19162,Gasoline,255.0HP 2.0L 4 Cylinder Engine Gasoline Fuel,Transmission w/Dual Shift Mode,Black,Black,None reported,Yes,38500.0,5,2.0090799979126444,3193.6666666666665
Audi,Q5 S line Premium Plus,2023,6046,Hybrid,2.0 Liter TFSI,Automatic,Daytona Gray,Black,None reported,Yes,51598.0,3,8.532826194807342,1511.5
Ford,Explorer XLT,2020,17000,Gasoline,300.0HP 2.3L 4 Cylinder Engine Gasoline Fuel,10-Speed A/T,Blue,Black,At least 1 accident or damage reported,Yes,21000.0,6,1.2352214575613198,2428.5714285714284
Audi,A6 55 Premium,2019,10832,Hybrid,335.0HP 3.0L V6 Cylinder Engine Gasoline/Mild Electric Hybrid,7-Speed A/T,Black,Black,None reported,Yes,42500.0,7,3.9231976368503645,1354.0
Toyota,Matrix XR,2004,173452,Gasoline,130.0HP 1.8L 4 Cylinder Engine Gasoline Fuel,4-Speed A/T,Silver,Black,At least 1 accident or damage reported,Yes,4000.0,22,0.023061002115846944,7541.391304347826
Kia,Optima SX Turbo,2017,103338,Gasoline,2.0L I4 16V GDI DOHC Turbo,6-Speed Automatic,Remington Red Metallic,Black,At least 1 accident or damage reported,Yes,17238.0,9,0.16681020718218678,10333.8
Ford,F-150 Lariat,2022,28000,Gasoline,400.0HP 3.5L V6 Cylinder Engine Gasoline Fuel,A/T,Black,Black,None reported,Yes,53500.0,4,1.910646048355416,5600.0
Audi,Q8 3.0T Premium,2019,51984,Hybrid,335.0HP 3.0L V6 Cylinder Engine Gasoline/Mild Electric Hybrid,8-Speed A/T,White,–,None reported,Yes,44870.0,7,0.8631335962296817,6498.0
Chevrolet,Corvette Stingray w/2LT,2020,8974,Gasoline,490.0HP 6.2L 8 Cylinder Engine Gasoline Fuel,A/T,Orange,Black,At least 1 accident or damage reported,Yes,79900.0,6,8.902506963788301,1282.0
Scion,tC Anniversary Edition,2014,99999,Gasoline,179.0HP 2.5L 4 Cylinder Engine Gasoline Fuel,6-Speed M/T,White,Black,None reported,Yes,10998.0,12,0.10998,7692.2307692307695
Mercedes-Benz,C-Class C 300,2017,59400,Gasoline,241.0HP 2.0L 4 Cylinder Engine Gasoline Fuel,7-Speed A/T,Black,Black,At least 1 accident or damage reported,Yes,21000.0,9,0.3535294018619215,5940.0
Nissan,Murano SV,2020,47147,Gasoline,3.5L V6 24V MPFI DOHC,Automatic CVT,Brilliant Silver Metallic,Graphite,None reported,Yes,23625.0,6,0.5010817001781623,6735.285714285715
Ford,Mustang GT,2018,53782,Gasoline,460.0HP 5.0L 8 Cylinder Engine Gasoline Fuel,6-Speed M/T,Black,Black,At least 1 accident or damage reported,Yes,29950.0,8,0.5568674116356469,5975.777777777777
Ford,Taurus SHO,2011,160000,Gasoline,365.0HP 3.5L V6 Cylinder Engine Gasoline Fuel,A/T,Black,Black,None reported,Yes,4700.0,15,0.029374816407397454,10000.0
Chevrolet,Tahoe LTZ,2015,500,Gasoline,355.0HP 5.3L 8 Cylinder Engine Gasoline Fuel,6-Speed A/T,White,Black,At least 1 accident or damage reported,Yes,37000.0,11,73.85229540918164,41.666666666666664
Ford,Escape SEL,2020,42000,Gasoline,181.0HP 1.5L 3 Cylinder Engine Gasoline Fuel,A/T,White,Beige,None reported,Yes,19000.0,6,0.4523701816623414,6000.0
Dodge,Grand Caravan SE,2018,64000,E85 Flex Fuel,283.0HP 3.6L V6 Cylinder Engine Flex Fuel Capability,A/T,White,Gray,None reported,Yes,35000.0,8,0.5468664552116373,7111.111111111111
Hyundai,Elantra HEV Limited,2021,28600,Hybrid,139.0HP 1.6L 4 Cylinder Engine Gas/Electric Hybrid,A/T,Gray,Black,None reported,Yes,23999.0,5,0.8390965350861858,4766.666666666667
GMC,Canyon Denali,2019,26339,Gasoline,308.0HP 3.6L V6 Cylinder Engine Gasoline Fuel,8-Speed A/T,Red,Black,At least 1 accident or damage reported,Yes,36750.0,7,1.3952164009111618,3292.375
Alfa,Romeo Giulia Quadrifoglio,2018,28644,Gasoline,505.0HP 2.9L V6 Cylinder Engine Gasoline Fuel,8-Speed A/T,Black,Black,None reported,Yes,41500.0,8,1.4487694187467273,3182.6666666666665
Subaru,Impreza WRX,2008,148740,Gasoline,224.0HP 2.5L 4 Cylinder Engine Gasoline Fuel,5-Speed M/T,Black,Black,At least 1 accident or damage reported,Yes,14500.0,18,0.09748488984207448,7828.421052631579
GMC,Sierra 2500 Denali,2021,16919,Diesel,445.0HP 6.6L 8 Cylinder Engine Diesel Fuel,10-Speed A/T,Black,Black,At least 1 accident or damage reported,Yes,73000.0,5,4.314420803782506,2819.8333333333335
Chevrolet,Tahoe LS,2005,170000,Gasoline,285.0HP 4.8L 8 Cylinder Engine Gasoline Fuel,4-Speed A/T,Silver,Gray,At least 1 accident or damage reported,Yes,9000.0,21,0.05294086505373498,7727.272727272727
Mercedes-Benz,SL-Class SL 550,2013,130000,Gasoline,429.0HP 4.6L 8 Cylinder Engine Gasoline Fuel,A/T,Gray,Beige,At least 1 accident or damage reported,Yes,26900.0,13,0.20692148521934448,9285.714285714286
Ford,Escape PHEV SE,2022,1889,Plug-In Hybrid,221.0HP 2.5L 4 Cylinder Engine Plug-In Electric/Gas,CVT Transmission,White,Gray,None reported,Yes,32850.0,4,17.38095238095238,377.8
Dodge,Charger GT,2018,62197,Gasoline,3.6L V6 24V MPFI DOHC,8-Speed Automatic,White Knuckle Clearcoat,Black,None reported,Yes,26691.0,8,0.42912955400495195,6910.777777777777
Ford,F-150 XLT,2016,71000,E85 Flex Fuel,385.0HP 5.0L 8 Cylinder Engine Flex Fuel Capability,A/T,Black,–,At least 1 accident or damage reported,Yes,24350.0,10,0.34295291615611045,6454.545454545455
Lexus,NX 200t Base,2016,83400,Gasoline,235.0HP 2.0L 4 Cylinder Engine Gasoline Fuel,A/T,Blue,Brown,At least 1 accident or damage reported,Yes,22495.0,10,0.2697209865589142,7581.818181818182
Cadillac,XT5 Base,2019,74414,Gasoline,310.0HP 3.6L V6 Cylinder Engine Gasoline Fuel,8-Speed A/T,Black,Beige,None reported,Yes,26000.0,7,0.34939192367130284,9301.75
Ford,Mustang Shelby GT500,2010,29816,Gasoline,540.0HP 5.4L 8 Cylinder Engine Gasoline Fuel,6-Speed M/T,Black,Black,None reported,Yes,38000.0,16,1.274440755273837,1753.8823529411766
Ford,F-250 Lariat,2015,68749,Diesel,440.0HP 6.7L 8 Cylinder Engine Diesel Fuel,Transmission w/Dual Shift Mode,Gray,Black,None reported,Yes,45000.0,11,0.6545454545454545,5729.083333333333
BMW,325 i,2005,190395,Gasoline,184.0HP 2.5L Straight 6 Cylinder Engine Gasoline Fuel,A/T,Black,Brown,None reported,Yes,5000.0,21,0.02626105590453581,8654.318181818182
Lamborghini,Huracan LP610-4,2015,34152,Gasoline,602.0HP 5.2L 10 Cylinder Engine Gasoline Fuel,7-Speed A/T,Blue,Red,None reported,Yes,185500.0,11,5.431440869030539,2846.0
Toyota,Camry XLE,2007,98528,Gasoline,158.0HP 2.4L 4 Cylinder Engine Gasoline Fuel,5-Speed A/T,White,Gray,At least 1 accident or damage reported,Yes,7450.0,19,0.07561225629002628,4926.4
BMW,335 i,2011,91500,Gasoline,300.0HP 3.0L Straight 6 Cylinder Engine Gasoline Fuel,6-Speed A/T,Blue,Beige,At least 1 accident or damage reported,Yes,13599.0,15,0.14862132654287932,5718.75
Chevrolet,Camaro 1SS,2017,50850,Gasoline,455.0HP 6.2L 8 Cylinder Engine Gasoline Fuel,6-Speed M/T,Blue,Black,None reported,Yes,37000.0,9,0.7276159760869992,5085.0
Toyota,Tundra SR5 Double Cab,2005,199400,Gasoline,282.0HP 4.7L 8 Cylinder Engine Gasoline Fuel,A/T,Gray,Gray,At least 1 accident or damage reported,Yes,8500.0,21,0.042627669871264436,9063.636363636364
RAM,2500 Powerwagon,2013,84220,Gasoline,383.0HP 5.7L 8 Cylinder Engine Gasoline Fuel,6-Speed A/T,White,Gray,At least 1 accident or damage reported,Yes,26500.0,13,0.3146483656095273,6015.714285714285
Mercedes-Benz,S-Class S 550 4MATIC,2016,67280,Gasoline,449.0HP 4.7L 8 Cylinder Engine Gasoline Fuel,7-Speed A/T,White,Black,None reported,Yes,41999.0,10,0.6242326957090412,6116.363636363636
Volkswagen,Passat 2.0T R-Line,2021,16538,Gasoline,2.0 Liter TSI,Automatic,Reflex Silver,Titan Black,None reported,Yes,25998.0,5,1.5719209142027935,2756.3333333333335
Toyota,Tundra Platinum,2018,66000,Gasoline,381.0HP 5.7L 8 Cylinder Engine Gasoline Fuel,6-Speed A/T,Gray,Black,None reported,Yes,51000.0,8,0.772715564915683,7333.333333333333
Cadillac,Escalade Luxury,2018,53450,Gasoline,420.0HP 6.2L 8 Cylinder Engine Gasoline Fuel,10-Speed A/T,White,Beige,None reported,Yes,49999.0,8,0.9354174851733363,5938.888888888889
Volkswagen,Golf Alltrack TSI SE,2018,63277,Gasoline,170.0HP 1.8L 4 Cylinder Engine Gasoline Fuel,6-Speed A/T,White,Black,None reported,Yes,20900.0,8,0.3302885679066974,7030.777777777777
Nissan,Altima 2.5 S,2020,30900,Gasoline,182.0HP 2.5L 4 Cylinder Engine Gasoline Fuel,A/T,Silver,Gray,None reported,Yes,21000.0,6,0.6795896572926442,4414.285714285715
Mercedes-Benz,GLA 250 Base 4MATIC,2019,60854,Gasoline,2.0 Liter Turbo,Automatic,White,Black,None reported,Yes,25498.0,7,0.41899597403664446,7606.75
Ford,F-150 Platinum,2015,85000,Gasoline,365.0HP 3.5L V6 Cylinder Engine Gasoline Fuel,6-Speed A/T,White,Black,None reported,Yes,31000.0,11,0.36470159174597944,7083.333333333333
Toyota,RAV4 SE,2016,108130,Gasoline,176.0HP 2.5L 4 Cylinder Engine Gasoline Fuel,Transmission w/Dual Shift Mode,Gray,Orange,None reported,Yes,18500.0,10,0.17108877195253905,9830.0
Toyota,4Runner TRD Sport,2023,11400,Gasoline,270.0HP 4.0L V6 Cylinder Engine Gasoline Fuel,A/T,Green,Black,None reported,Yes,46000.0,3,4.034733795281116,2850.0
Mercedes-Benz,GL-Class GL 450 4MATIC,2013,63300,Gasoline,362.0HP 4.6L 8 Cylinder Engine Gasoline Fuel,7-Speed A/T,Black,Black,None reported,Yes,22800.0,13,0.3601838833509739,4521.428571428572
Tesla,Model Y Performance,2020,27500,Gasoline,455.0HP Electric Motor Electric Fuel System,A/T,Gray,White,None reported,Yes,44000.0,6,1.5999418202974438,3928.5714285714284
BMW,X5 xDrive 35i Sport Activity,2012,122600,Gasoline,300.0HP 3.0L Straight 6 Cylinder Engine Gasoline Fuel,8-Speed A/T,Black,Black,At least 1 accident or damage reported,Yes,12900.0,14,0.10521937015195634,8173.333333333333
Dodge,Charger Base,2006,145565,Gasoline,250.0HP 3.5L V6 Cylinder Engine Gasoline Fuel,A/T,Blue,Gray,At least 1 accident or damage reported,Yes,4500.0,20,0.030913812291331767,6931.666666666667
Ford,Transit-250 Base,2016,66500,Gasoline,310.0HP 3.5L V6 Cylinder Engine Gasoline Fuel,6-Speed A/T,White,Gray,None reported,Yes,27000.0,10,0.4060089321965083,6045.454545454545
BMW,330 i xDrive,2017,75000,Gasoline,248.0HP 2.0L 4 Cylinder Engine Gasoline Fuel,A/T,Blue,Black,None reported,Yes,20000.0,9,0.2666631111585179,7500.0
Mazda,CX-5 Grand Touring,2021,24781,Gasoline,2.5L I4 16V GDI DOHC,6-Speed Automatic,Machine Gray Metallic,Black,None reported,Yes,28991.0,5,1.1698410136389314,4130.166666666667
BMW,X5 M Base,2013,67000,Gasoline,555.0HP 4.4L 8 Cylinder Engine Gasoline Fuel,A/T,Silver,Black,At least 1 accident or damage reported,Yes,24500.0,13,0.3656661840868047,4785.714285714285
Audi,Q5 2.0T Premium Plus,2019,24500,Gasoline,248.0HP 2.0L 4 Cylinder Engine Gasoline Fuel,A/T,Black,–,None reported,Yes,31000.0,7,1.2652544794090037,3062.5
Audi,S5 3.0T Prestige,2013,37500,Gasoline,333.0HP 3.0L V6 Cylinder Engine Gasoline Fuel,7-Speed A/T,Black,Black,None reported,Yes,26000.0,13,0.6933148449374683,2678.5714285714284
Nissan,GT-R Premium,2013,101000,Gasoline,545.0HP 3.8L V6 Cylinder Engine Gasoline Fuel,Transmission w/Dual Shift Mode,White,Black,None reported,Yes,59000.0,13,0.584152632152157,7214.285714285715
Tesla,Model 3 Long Range,2020,25000,Gasoline,425.0HP Electric Motor Electric Fuel System,1-Speed A/T,Blue,Black,None reported,Yes,49995.0,6,1.9997200111995521,3571.4285714285716
Tesla,Model Y Long Range,2021,49252,Gasoline,Electric,1-Speed Automatic,Deep Blue Metallic,Black,None reported,Yes,37999.0,5,0.7715063041845167,8208.666666666666
Buick,Cascada Base,2016,103814,Gasoline,200.0HP 1.6L 4 Cylinder Engine Gasoline Fuel,6-Speed A/T,White,Black,At least 1 accident or damage reported,Yes,14995.0,10,0.14443962818475173,9437.636363636364
Toyota,4Runner Venture,2021,27000,Gasoline,270.0HP 4.0L V6 Cylinder Engine Gasoline Fuel,A/T,White,Black,None reported,Yes,48500.0,5,1.7962297692678049,4500.0
BMW,530 i xDrive,2021,60942,Gasoline,2.0L I4 16V GDI DOHC Turbo,8-Speed Automatic,Glacier Silver Metallic,Black,None reported,Yes,32085.0,5,0.5264755591290222,10157.0
BMW,535 i xDrive,2011,100780,Gasoline,300.0HP 3.0L Straight 6 Cylinder Engine Gasoline Fuel,8-Speed A/T,Gray,Black,At least 1 accident or damage reported,Yes,12000.0,15,0.11907006280945813,6298.75
Tesla,Model S 100D,2018,65000,Gasoline,518.0HP Electric Motor Electric Fuel System,A/T,Blue,Black,None reported,Yes,41000.0,8,0.6307595267765111,7222.222222222223
Lexus,GX 460 Base,2012,167000,Gasoline,301.0HP 4.6L 8 Cylinder Engine Gasoline Fuel,A/T,Black,Beige,At least 1 accident or damage reported,Yes,19470.0,14,0.11658612822677708,11133.333333333334
Chevrolet,Trailblazer SS,2008,161000,Gasoline,390.0HP 6.0L 8 Cylinder Engine Gasoline Fuel,4-Speed A/T,Red,Black,At least 1 accident or damage reported,Yes,17000.0,18,0.10558940627697964,8473.684210526315
Subaru,Impreza WRX,2005,90200,Gasoline,227.0HP 2.0L 4 Cylinder Engine Gasoline Fuel,5-Speed M/T,Blue,Black,None reported,Yes,12499.0,21,0.13856830855533753,4100.0
Volkswagen,Passat 2.5 SE,2012,159870,Gasoline,170.0HP 2.5L 5 Cylinder Engine Gasoline Fuel,A/T,White,Beige,At least 1 accident or damage reported,Yes,9750.0,14,0.060986670503093116,10658.0
Audi,Q5 40 Premium,2022,14550,Hybrid,201.0HP 2.0L 4 Cylinder Engine Gasoline/Mild Electric Hybrid,7-Speed A/T,Silver,Brown,None reported,Yes,41500.0,4,2.8520376606418805,2910.0
INFINITI,Q60 3.0t Red Sport 400,2018,38000,Gasoline,400.0HP 3.0L V6 Cylinder Engine Gasoline Fuel,A/T,Red,White,None reported,Yes,32000.0,8,0.8420831030762348,4222.222222222223
Mercedes-Benz,SL-Class SL550 Roadster,2008,33300,Gasoline,382.0HP 5.5L 8 Cylinder Engine Gasoline Fuel,7-Speed A/T,White,Beige,None reported,Yes,34500.0,18,1.0360049247770338,1752.6315789473683
Mercedes-Benz,C-Class C 300 4MATIC,2016,90189,Gasoline,241.0HP 2.0L 4 Cylinder Engine Gasoline Fuel,A/T,White,–,At least 1 accident or damage reported,Yes,17995.0,10,0.1995232287393281,8199.0
Land,Rover Range Rover Autobiography,2023,1148,Gasoline,4.4L V8 32V GDI DOHC Twin Turbo,Automatic,Carpathian Grey,Ebony,None reported,Yes,193063.0,3,168.02697998259356,287.0
Ford,Transit-350 XL,2017,134000,Gasoline,310.0HP 3.5L V6 Cylinder Engine Gasoline Fuel,A/T,Silver,Gray,None reported,Yes,26500.0,9,0.19775971821105812,13400.0
Buick,Enclave Premium,2014,86281,Gasoline,288.0HP 3.6L V6 Cylinder Engine Gasoline Fuel,6-Speed A/T,Black,Black,None reported,Yes,18900.0,12,0.2190491643680026,6637.0
Porsche,Cayenne AWD,2020,34580,Gasoline,335.0HP 3.0L V6 Cylinder Engine Gasoline Fuel,A/T,Black,Red,None reported,Yes,56000.0,6,1.6193863682368932,4940.0
Hyundai,Santa Fe SE,2007,145000,Gasoline,242.0HP 3.3L V6 Cylinder Engine Gasoline Fuel,A/T,Blue,Gray,At least 1 accident or damage reported,Yes,4200.0,19,0.0289653174805691,7250.0
Mazda,Mazda6 Signature,2021,11737,Gasoline,2.5L I4 16V GDI DOHC Turbo,6-Speed Automatic,Soul Red Crystal Metallic,Deep Chestnut,None reported,Yes,33687.0,5,2.8699096950076672,1956.1666666666667
Tesla,Model X Performance,2020,25535,Gasoline,778.0HP Electric Motor Electric Fuel System,A/T,White,Beige,None reported,Yes,68969.0,6,2.700853696741855,3647.8571428571427
Jeep,Wrangler Unlimited Sport,2016,67499,Gasoline,285.0HP 3.6L V6 Cylinder Engine Gasoline Fuel,6-Speed M/T,Beige,Black,None reported,Yes,27500.0,10,0.4074074074074074,6136.272727272727
Toyota,4Runner Sport,2004,220450,Gasoline,245.0HP 4.0L V6 Cylinder Engine Gasoline Fuel,A/T,Gray,Gray,None reported,Yes,8550.0,22,0.03878412889939261,9584.782608695652
Chevrolet,Silverado 1500 2LT,2018,20200,Gasoline,355.0HP 5.3L 8 Cylinder Engine Gasoline Fuel,6-Speed A/T,Silver,Gray,At least 1 accident or damage reported,Yes,42950.0,8,2.1261323696846692,2244.4444444444443
Mercedes-Benz,GLA-Class GLA 45 AMG,2015,80300,Gasoline,355.0HP 2.0L 4 Cylinder Engine Gasoline Fuel,7-Speed A/T,Black,Black,At least 1 accident or damage reported,Yes,22000.0,11,0.27396919091916666,6691.666666666667
BMW,330 i xDrive,2017,63150,Gasoline,248.0HP 2.0L 4 Cylinder Engine Gasoline Fuel,A/T,White,Beige,None reported,Yes,21500.0,9,0.34045383287675574,6315.0
Volkswagen,Atlas 3.6L SE w/Technology,2018,48210,Gasoline,276.0HP 3.6L V6 Cylinder Engine Gasoline Fuel,Transmission w/Dual Shift Mode,Silver,Black,None reported,Yes,24999.0,8,0.5185331148493082,5356.666666666667
Nissan,Juke SL,2012,115359,Gasoline,188.0HP 1.6L 4 Cylinder Engine Gasoline Fuel,A/T,Black,Black,None reported,Yes,9950.0,14,0.08625173370319002,7690.6
Subaru,Impreza 2.0i Premium,2018,90601,Gasoline,152.0HP 2.0L 4 Cylinder Engine Gasoline Fuel,CVT Transmission,White,Beige,None reported,Yes,26000.0,8,0.28696938257433613,10066.777777777777
Mercedes-Benz,Sprinter 2500 Standard Roof,2023,4000,Diesel,211.0HP 2.0L 4 Cylinder Engine Diesel Fuel,9-Speed A/T,White,Black,None reported,Yes,65000.0,3,16.245938515371158,1000.0
Volkswagen,Beetle 2.0T Final Edition SE,2019,32000,Gasoline,174.0HP 2.0L 4 Cylinder Engine Gasoline Fuel,Transmission w/Dual Shift Mode,Gray,Black,None reported,Yes,32750.0,7,1.0234055185775444,4000.0
MINI,Countryman Cooper S ALL4,2016,95070,Gasoline,181.0HP 1.6L 4 Cylinder Engine Gasoline Fuel,6-Speed A/T,Blue,Black,None reported,Yes,12750.0,10,0.13411029651523598,8642.727272727272
Nissan,Rogue SL,2017,148000,Gasoline,170.0HP 2.5L 4 Cylinder Engine Gasoline Fuel,A/T,White,–,None reported,Yes,13000.0,9,0.08783724434294363,14800.0
Lexus,CT 200h Premium,2014,125519,Hybrid,134.0HP 1.8L 4 Cylinder Engine Gas/Electric Hybrid,CVT Transmission,Black,Black,At least 1 accident or damage reported,Yes,16000.0,12,0.12746972594008923,9655.307692307691
INFINITI,G37 x,2013,90000,Gasoline,328.0HP 3.7L V6 Cylinder Engine Gasoline Fuel,Transmission w/Dual Shift Mode,Silver,Black,None reported,Yes,14500.0,13,0.16110932100754435,6428.571428571428
Audi,A6 2.0T Sport,2018,49650,Gasoline,252.0HP 2.0L 4 Cylinder Engine Gasoline Fuel,A/T,Black,Black,At least 1 accident or damage reported,Yes,23750.0,8,0.4783388048579082,5516.666666666667
Nissan,Altima 2.5 S,2015,149800,Gasoline,182.0HP 2.5L 4 Cylinder Engine Gasoline Fuel,A/T,Black,Black,At least 1 accident or damage reported,Yes,11600.0,11,0.07743606517980521,12483.333333333334
Chevrolet,Blazer 1LT,2019,37161,Gasoline,2.5L I4 16V GDI DOHC,9-Speed Automatic,Nightfall Gray Metallic,Jet Black,None reported,Yes,26990.0,7,0.7262795328561433,4645.125
Ford,Transit Connect XLT,2016,111700,E85 Flex Fuel,169.0HP 2.5L 4 Cylinder Engine Flex Fuel Capability,A/T,White,Beige,None reported,Yes,15500.0,10,0.13876330561051378,10154.545454545454
Mercedes-Benz,S-Class S 550 4MATIC,2016,72784,Gasoline,449.0HP 4.7L 8 Cylinder Engine Gasoline Fuel,7-Speed A/T,Blue,White,None reported,Yes,34900.0,10,0.4794944013189531,6616.727272727273
Cadillac,Escalade Base,2007,150000,Gasoline,403.0HP 6.2L 8 Cylinder Engine Gasoline Fuel,A/T,White,Beige,None reported,Yes,9999.0,19,0.06665955560296265,7500.0
Ford,Transit Connect XLT,2012,140450,Gasoline,136.0HP 2.0L 4 Cylinder Engine Gasoline Fuel,4-Speed A/T,Red,Gray,At least 1 accident or damage reported,Yes,8500.0,14,0.06051932702508348,9363.333333333334
Lexus,IS 250 Base,2010,132700,Gasoline,204.0HP 2.5L V6 Cylinder Engine Gasoline Fuel,A/T,Black,Black,At least 1 accident or damage reported,Yes,10700.0,16,0.08063239915298302,7805.882352941177
Dodge,Durango GT,2020,49000,Gasoline,295.0HP 3.6L V6 Cylinder Engine Gasoline Fuel,A/T,White,Black,None reported,Yes,40000.0,6,0.8163098712271178,7000.0
Chevrolet,Corvette Stingray w/2LT,2023,2058,Gasoline,490.0HP 6.2L 8 Cylinder Engine Gasoline Fuel,A/T,Gray,Black,None reported,Yes,101999.0,3,49.538125303545414,514.5
Jeep,Wrangler Unlimited Sahara,2019,23442,Gasoline,285.0HP 3.6L V6 Cylinder Engine Gasoline Fuel,A/T,White,Beige,None reported,Yes,44500.0,7,1.8982212174209785,2930.25
Tesla,Model 3 Long Range,2021,23749,Gasoline,Electric,1-Speed Automatic,White,Black,None reported,Yes,35999.0,5,1.5157473684210527,3958.1666666666665
Toyota,4Runner TRD Pro,2021,35048,Gasoline,4.0L V6 24V MPFI DOHC,5-Speed Automatic,Lunar Rock,Black / Graphite,None reported,Yes,52590.0,5,1.5004707694941368,5841.333333333333
INFINITI,QX60 Base,2016,91239,Gasoline,265.0HP 3.5L V6 Cylinder Engine Gasoline Fuel,A/T,Gray,Black,None reported,Yes,17500.0,10,0.19180184129767647,8294.454545454546
Porsche,911 Carrera,2022,2950,Gasoline,379.0HP 3.0L Flat 6 Cylinder Engine Gasoline Fuel,8-Speed A/T,Green,Black,None reported,Yes,131000.0,4,44.39173161640122,590.0
Ford,F-150 XL,2019,59678,Gasoline,2.7L V6 24V PDI DOHC Twin Turbo,Automatic,Gray,Black,None reported,Yes,33700.0,7,0.5646877461083463,7459.75
BMW,M240 i xDrive,2022,2010,Gasoline,382.0HP 3.0L Straight 6 Cylinder Engine Gasoline Fuel,A/T,Purple,Black,None reported,Yes,55000.0,4,27.349577324714073,402.0
Toyota,Prius Two,2014,80354,Hybrid,134.0HP 1.8L 4 Cylinder Engine Gas/Electric Hybrid,A/T,Red,Gray,At least 1 accident or damage reported,Yes,13310.0,12,0.16563997262149213,6181.076923076923
Ford,Expedition Max XLT,2018,105674,Gasoline,375.0HP 3.5L V6 Cylinder Engine Gasoline Fuel,10-Speed A/T,White,Beige,None reported,Yes,34995.0,8,0.3311568488289567,11741.555555555555
Toyota,Tundra Grade,2013,92700,Gasoline,310.0HP 4.6L 8 Cylinder Engine Gasoline Fuel,6-Speed A/T,Gray,Gray,At least 1 accident or damage reported,Yes,20800.0,13,0.2243772990582626,6621.428571428572
Ford,Edge Titanium,2016,101387,Gasoline,245.0HP 2.0L 4 Cylinder Engine Gasoline Fuel,6-Speed A/T,Black,Beige,At least 1 accident or damage reported,Yes,16000.0,10,0.15780960271432518,9217.0
Buick,Envision Essence,2021,36544,Gasoline,2.0L I4 16V GDI DOHC Turbo,9-Speed Automatic,Dark Moon Blue Metallic,Ebony,None reported,Yes,33290.0,5,0.9109317280065673,6090.666666666667
Audi,Q7 55 Prestige,2019,41000,Gasoline,329.0HP 3.0L V6 Cylinder Engine Gasoline Fuel,A/T,White,Beige,None reported,Yes,39900.0,7,0.9731469964147216,5125.0
Chrysler,Town & Country Touring-L,2013,115872,E85 Flex Fuel,283.0HP 3.6L V6 Cylinder Engine Flex Fuel Capability,A/T,Black,Black,None reported,Yes,9500.0,13,0.08198631260086474,8276.57142857143
Chevrolet,Cruze LS,2011,135603,Gasoline,136.0HP 1.8L 4 Cylinder Engine Gasoline Fuel,A/T,Silver,Black,None reported,Yes,7000.0,15,0.05162089613875697,8475.1875
Ford,F-150 Lariat,2020,26540,Gasoline,375.0HP 3.5L V6 Cylinder Engine Gasoline Fuel,A/T,White,Black,None reported,Yes,46995.0,6,1.77065671979202,3791.4285714285716
Jaguar,XF Premium,2011,35134,Gasoline,385.0HP 5.0L 8 Cylinder Engine Gasoline Fuel,A/T,Gray,Gray,At least 1 accident or damage reported,Yes,12400.0,15,0.3529244343247474,2195.875
Jeep,Wrangler Unlimited Rubicon,2020,49990,Gasoline,270.0HP 2.0L 4 Cylinder Engine Gasoline Fuel,8-Speed A/T,Black,Black,None reported,Yes,53000.0,6,1.0601908343501831,7141.428571428572
Ford,F-250 Lariat,2011,153818,Diesel,400.0HP 6.7L 8 Cylinder Engine Diesel Fuel,6-Speed A/T,Gray,Gray,At least 1 accident or damage reported,Yes,29800.0,15,0.19373419408525605,9613.625
Jaguar,F-PACE 35t Premium,2017,58060,Gasoline,340.0HP 3.0L V6 Cylinder Engine Gasoline Fuel,8-Speed A/T,Blue,Beige,At least 1 accident or damage reported,Yes,26000.0,9,0.44780489485196606,5806.0
Porsche,911 Carrera S,2015,36000,Gasoline,400.0HP 3.8L Flat 6 Cylinder Engine Gasoline Fuel,7-Speed A/T,Black,Black,None reported,Yes,84999.0,11,2.361017749506958,3000.0
Ford,Bronco Badlands Advanced,2022,17000,Gasoline,315.0HP 2.7L V6 Cylinder Engine Gasoline Fuel,10-Speed A/T,White,Black,None reported,Yes,69999.0,4,4.117346038468326,3400.0
Suzuki,SX4 Base,2013,99982,Gasoline,150.0HP 2.0L 4 Cylinder Engine Gasoline Fuel,M/T,Orange,Gray,At least 1 accident or damage reported,Yes,6900.0,13,0.06901173199443905,7141.571428571428
Ford,EcoSport SES,2019,106000,Gasoline,166.0HP 2.0L 4 Cylinder Engine Gasoline Fuel,A/T,Silver,Black,At least 1 accident or damage reported,Yes,12000.0,7,0.11320647918415865,13250.0
Honda,Civic EX,2014,82500,Gasoline,143.0HP 1.8L 4 Cylinder Engine Gasoline Fuel,CVT Transmission,Silver,Gray,None reported,Yes,15000.0,12,0.1818159779881456,6346.153846153846
Mercedes-Benz,Sprinter 2500 Standard Roof,2018,41500,Diesel,188.0HP 3.0L V6 Cylinder Engine Diesel Fuel,A/T,Gray,Black,None reported,Yes,61000.0,8,1.4698441001421652,4611.111111111111
BMW,X3 xDrive28i,2015,92984,Gasoline,240.0HP 2.0L 4 Cylinder Engine Gasoline Fuel,Transmission w/Dual Shift Mode,White,Beige,At least 1 accident or damage reported,Yes,17000.0,11,0.1828251868580954,7748.666666666667
Nissan,Murano SL,2007,120000,Gasoline,240.0HP 3.5L V6 Cylinder Engine Gasoline Fuel,A/T,Silver,Black,None reported,Yes,6750.0,19,0.05624953125390622,6000.0
Chevrolet,Corvette Stingray,2015,25548,Gasoline,455.0HP 6.2L 8 Cylinder Engine Gasoline Fuel,8-Speed A/T,Gray,Gray,None reported,Yes,49000.0,11,1.9178832831030568,2129.0
Ford,F-150 Lariat,2018,65441,Gasoline,325.0HP 2.7L V6 Cylinder Engine Gasoline Fuel,A/T,Gray,Black,None reported,Yes,38000.0,8,0.5806668500351456,7271.222222222223
Porsche,Cayenne Turbo,2020,39611,Gasoline,4.0L V8 32V GDI DOHC Twin Turbo,8-Speed Automatic,Quartzite Grey Metallic,Black,None reported,Yes,89900.0,6,2.269514288599414,5658.714285714285
Toyota,Sequoia SR5,2010,154860,Gasoline,310.0HP 4.6L 8 Cylinder Engine Gasoline Fuel,6-Speed A/T,Silver,Gray,None reported,Yes,17900.0,16,0.11558752687894305,9109.411764705883
Porsche,911 Carrera S,2021,7008,Gasoline,443.0HP 3.0L Flat 6 Cylinder Engine Gasoline Fuel,8-Speed A/T,Gray,Black,None reported,Yes,151900.0,5,21.672135825367384,1168.0
BMW,M8 Gran Coupe Competition,2022,21057,Gasoline,617.0HP 4.4L 8 Cylinder Engine Gasoline Fuel,Transmission w/Dual Shift Mode,Gray,Black,None reported,Yes,99800.0,4,4.739291480672429,4211.4
Lexus,CT 200h Base,2016,39750,Hybrid,134.0HP 1.8L 4 Cylinder Engine Gas/Electric Hybrid,A/T,Black,Black,None reported,Yes,21995.0,10,0.5533194133480919,3613.6363636363635
Aston,Martin DB7 Vantage Volante,2003,14900,Gasoline,420.0HP 5.9L 12 Cylinder Engine Gasoline Fuel,6-Speed M/T,White,Beige,None reported,Yes,32850.0,23,2.2045500301993153,620.8333333333334
Chevrolet,Impala 2LZ,2018,71312,Gasoline,305.0HP 3.6L V6 Cylinder Engine Gasoline Fuel,6-Speed A/T,Black,Black,None reported,Yes,17899.0,8,0.2509921052262561,7923.555555555556
Porsche,911 Carrera,2015,43500,Gasoline,350.0HP 3.4L Flat 6 Cylinder Engine Gasoline Fuel,7-Speed A/T,Black,Black,None reported,Yes,66500.0,11,1.5287004896439162,3625.0
BMW,X6 xDrive40i,2020,34000,Gasoline,335.0HP 3.0L Straight 6 Cylinder Engine Gasoline Fuel,8-Speed A/T,White,Brown,None reported,Yes,59335.0,6,1.7450957324784566,4857.142857142857
Subaru,Ascent Touring 7-Passenger,2021,32250,Gasoline,260.0HP 2.4L 4 Cylinder Engine Gasoline Fuel,A/T,Black,Black,At least 1 accident or damage reported,Yes,36000.0,5,1.1162444575362005,5375.0
Volkswagen,Routan SE,2011,194000,Gasoline,283.0HP 3.6L V6 Cylinder Engine Gasoline Fuel,Transmission w/Dual Shift Mode,Black,Gray,At least 1 accident or damage reported,Yes,3500.0,15,0.018041144117813827,12125.0
Mercedes-Benz,AMG GLS 63 4MATIC,2023,2000,Hybrid,603.0HP 4.0L 8 Cylinder Engine Gasoline/Mild Electric Hybrid,9-Speed A/T,Gray,Beige,None reported,Yes,175000.0,3,87.45627186406797,500.0
Mercedes-Benz,E-Class E 300 4MATIC,2018,53705,Gasoline,241.0HP 2.0L 4 Cylinder Engine Gasoline Fuel,A/T,Black,Black,At least 1 accident or damage reported,Yes,25900.0,8,0.48225524150001864,5967.222222222223
Bentley,Continental GT Speed,2023,714,Gasoline,6.0L W12 48V PDI DOHC Twin Turbo,8-Speed Automatic with Auto-Shift,C / C,Hotspur,None reported,Yes,349950.0,3,489.44055944055947,178.5
Audi,S4 3.0T Premium Plus,2022,10900,Gasoline,349.0HP 3.0L V6 Cylinder Engine Gasoline Fuel,Transmission w/Dual Shift Mode,Black,Black,None reported,Yes,53900.0,4,4.944500504540867,2180.0
Porsche,Taycan,2022,2116,Gasoline,Electric,Automatic,Black,Black,None reported,Yes,90998.0,4,42.98441190363722,423.2
Ford,F-150 Raptor,2020,33000,Gasoline,450.0HP 3.5L V6 Cylinder Engine Gasoline Fuel,A/T,Blue,Black,None reported,Yes,62999.0,6,1.9090027574921973,4714.285714285715
BMW,X3 xDrive30i,2020,43000,Gasoline,248.0HP 2.0L 4 Cylinder Engine Gasoline Fuel,A/T,Gray,Brown,At least 1 accident or damage reported,Yes,40000.0,6,0.930210925327318,6142.857142857143
